2024-08-13 04:52:11,304 INFO o.s.b.StartupInfoLogger [restartedMain] Starting QuizspringApplication using Java 17.0.7 with PID 2224 (C:\Users\johnb\Desktop\Security-template\Spring-Security-Template-V4\target\classes started by johnb in C:\Users\johnb\Desktop\Security-template\Spring-Security-Template-V4)
2024-08-13 04:52:11,323 INFO o.s.b.SpringApplication [restartedMain] No active profile set, falling back to 1 default profile: "default"
2024-08-13 04:52:11,636 INFO o.s.b.l.DeferredLog [restartedMain] Devtools property defaults active! Set 'spring.devtools.add-properties' to 'false' to disable
2024-08-13 04:52:11,640 INFO o.s.b.l.DeferredLog [restartedMain] For additional web related logging consider setting the 'logging.level.web' property to 'DEBUG'
2024-08-13 04:52:17,109 INFO o.s.d.r.c.RepositoryConfigurationDelegate [restartedMain] Bootstrapping Spring Data JPA repositories in DEFAULT mode.
2024-08-13 04:52:18,294 INFO o.s.d.r.c.RepositoryConfigurationDelegate [restartedMain] Finished Spring Data repository scanning in 1113 ms. Found 5 JPA repository interfaces.
2024-08-13 04:52:25,221 INFO o.s.b.w.e.t.TomcatWebServer [restartedMain] Tomcat initialized with port 7777 (http)
2024-08-13 04:52:25,270 INFO o.a.j.l.DirectJDKLog [restartedMain] Initializing ProtocolHandler ["http-nio-7777"]
2024-08-13 04:52:25,281 INFO o.a.j.l.DirectJDKLog [restartedMain] Starting service [Tomcat]
2024-08-13 04:52:25,285 INFO o.a.j.l.DirectJDKLog [restartedMain] Starting Servlet engine: [Apache Tomcat/10.1.26]
2024-08-13 04:52:25,617 INFO o.a.j.l.DirectJDKLog [restartedMain] Initializing Spring embedded WebApplicationContext
2024-08-13 04:52:25,625 INFO o.s.b.w.s.c.ServletWebServerApplicationContext [restartedMain] Root WebApplicationContext: initialization completed in 13977 ms
2024-08-13 04:52:26,282 INFO o.h.j.i.u.LogHelper [restartedMain] HHH000204: Processing PersistenceUnitInfo [name: default]
2024-08-13 04:52:26,627 INFO o.h.Version [restartedMain] HHH000412: Hibernate ORM core version 6.5.2.Final
2024-08-13 04:52:26,778 INFO o.h.c.i.RegionFactoryInitiator [restartedMain] HHH000026: Second-level cache disabled
2024-08-13 04:52:28,346 INFO o.s.o.j.p.SpringPersistenceUnitInfo [restartedMain] No LoadTimeWeaver setup: ignoring JPA class transformer
2024-08-13 04:52:28,512 INFO c.z.h.HikariDataSource [restartedMain] HikariPool-1 - Starting...
2024-08-13 04:52:30,044 INFO c.z.h.p.HikariPool [restartedMain] HikariPool-1 - Added connection com.mysql.cj.jdbc.ConnectionImpl@5cb19307
2024-08-13 04:52:30,054 INFO c.z.h.HikariDataSource [restartedMain] HikariPool-1 - Start completed.
2024-08-13 04:52:30,407 WARN o.h.e.j.d.i.DialectFactoryImpl [restartedMain] HHH90000025: MySQLDialect does not need to be specified explicitly using 'hibernate.dialect' (remove the property setting and it will be selected by default)
2024-08-13 04:52:36,171 INFO o.h.e.t.j.p.i.JtaPlatformInitiator [restartedMain] HHH000489: No JTA platform available (set 'hibernate.transaction.jta.platform' to enable JTA platform integration)
2024-08-13 04:52:36,677 INFO o.s.o.j.AbstractEntityManagerFactoryBean [restartedMain] Initialized JPA EntityManagerFactory for persistence unit 'default'
2024-08-13 04:52:38,662 INFO o.s.s.c.a.a.c.InitializeUserDetailsBeanManagerConfigurer$InitializeUserDetailsManagerConfigurer [restartedMain] Global AuthenticationManager configured with UserDetailsService bean with name userDetailsService
2024-08-13 04:52:40,561 WARN o.s.b.a.o.j.JpaBaseConfiguration$JpaWebConfiguration [restartedMain] spring.jpa.open-in-view is enabled by default. Therefore, database queries may be performed during view rendering. Explicitly configure spring.jpa.open-in-view to disable this warning
2024-08-13 04:52:43,501 DEBUG o.s.s.w.DefaultSecurityFilterChain [restartedMain] Will secure any request with filters: DisableEncodeUrlFilter, WebAsyncManagerIntegrationFilter, SecurityContextHolderFilter, HeaderWriterFilter, CorsFilter, LogoutFilter, JwtAuthenticationFilter, RequestCacheAwareFilter, SecurityContextHolderAwareRequestFilter, AnonymousAuthenticationFilter, SessionManagementFilter, ExceptionTranslationFilter, AuthorizationFilter
2024-08-13 04:52:47,128 INFO o.s.b.d.a.OptionalLiveReloadServer [restartedMain] LiveReload server is running on port 35729
2024-08-13 04:52:47,608 INFO o.a.j.l.DirectJDKLog [restartedMain] Starting ProtocolHandler ["http-nio-7777"]
2024-08-13 04:52:48,118 INFO o.s.b.w.e.t.TomcatWebServer [restartedMain] Tomcat started on port 7777 (http) with context path '/'
2024-08-13 04:52:48,260 INFO o.s.b.StartupInfoLogger [restartedMain] Started QuizspringApplication in 39.237 seconds (process running for 42.903)
2024-08-13 04:53:42,717 INFO o.a.j.l.DirectJDKLog [http-nio-7777-exec-1] Initializing Spring DispatcherServlet 'dispatcherServlet'
2024-08-13 04:53:42,806 INFO o.s.w.s.FrameworkServlet [http-nio-7777-exec-1] Initializing Servlet 'dispatcherServlet'
2024-08-13 04:53:44,466 INFO o.s.w.s.FrameworkServlet [http-nio-7777-exec-1] Completed initialization in 1641 ms
2024-08-13 04:53:45,278 DEBUG o.s.s.w.FilterChainProxy [http-nio-7777-exec-2] Securing OPTIONS /api/users/email/shaikhaniscoder07@gmail.com
2024-08-13 04:53:45,278 DEBUG o.s.s.w.FilterChainProxy [http-nio-7777-exec-3] Securing OPTIONS /api/users/email/shaikhaniscoder07@gmail.com
2024-08-13 04:53:45,278 DEBUG o.s.s.w.FilterChainProxy [http-nio-7777-exec-4] Securing OPTIONS /api/users/email/shaikhaniscoder07@gmail.com
2024-08-13 04:53:45,278 DEBUG o.s.s.w.FilterChainProxy [http-nio-7777-exec-1] Securing OPTIONS /api/users/email/shaikhaniscoder07@gmail.com
2024-08-13 04:53:47,428 DEBUG o.s.s.w.FilterChainProxy [http-nio-7777-exec-5] Securing GET /api/users/email/shaikhaniscoder07@gmail.com
2024-08-13 04:53:52,394 ERROR o.a.j.l.DirectJDKLog [http-nio-7777-exec-5] Servlet.service() for servlet [dispatcherServlet] in context with path [] threw exception
io.jsonwebtoken.ExpiredJwtException: JWT expired at 2024-08-12T08:47:47Z. Current time: 2024-08-12T23:23:52Z, a difference of 52565355 milliseconds.  Allowed clock skew: 0 milliseconds.
	at io.jsonwebtoken.impl.DefaultJwtParser.parse(DefaultJwtParser.java:427)
	at io.jsonwebtoken.impl.DefaultJwtParser.parse(DefaultJwtParser.java:529)
	at io.jsonwebtoken.impl.DefaultJwtParser.parseClaimsJws(DefaultJwtParser.java:589)
	at io.jsonwebtoken.impl.ImmutableJwtParser.parseClaimsJws(ImmutableJwtParser.java:173)
	at com.max.quizspring.config.JwtToken.extractAllClaims(JwtToken.java:36)
	at com.max.quizspring.config.JwtToken.extraClaim(JwtToken.java:31)
	at com.max.quizspring.config.JwtToken.extractUsername(JwtToken.java:23)
	at com.max.quizspring.config.JwtAuthenticationFilter.doFilterInternal(JwtAuthenticationFilter.java:41)
	at org.springframework.web.filter.OncePerRequestFilter.doFilter(OncePerRequestFilter.java:116)
	at org.springframework.security.web.FilterChainProxy$VirtualFilterChain.doFilter(FilterChainProxy.java:374)
	at org.springframework.security.web.authentication.logout.LogoutFilter.doFilter(LogoutFilter.java:107)
	at org.springframework.security.web.authentication.logout.LogoutFilter.doFilter(LogoutFilter.java:93)
	at org.springframework.security.web.FilterChainProxy$VirtualFilterChain.doFilter(FilterChainProxy.java:374)
	at org.springframework.web.filter.CorsFilter.doFilterInternal(CorsFilter.java:91)
	at org.springframework.web.filter.OncePerRequestFilter.doFilter(OncePerRequestFilter.java:116)
	at org.springframework.security.web.FilterChainProxy$VirtualFilterChain.doFilter(FilterChainProxy.java:374)
	at org.springframework.security.web.header.HeaderWriterFilter.doHeadersAfter(HeaderWriterFilter.java:90)
	at org.springframework.security.web.header.HeaderWriterFilter.doFilterInternal(HeaderWriterFilter.java:75)
	at org.springframework.web.filter.OncePerRequestFilter.doFilter(OncePerRequestFilter.java:116)
	at org.springframework.security.web.FilterChainProxy$VirtualFilterChain.doFilter(FilterChainProxy.java:374)
	at org.springframework.security.web.context.SecurityContextHolderFilter.doFilter(SecurityContextHolderFilter.java:82)
	at org.springframework.security.web.context.SecurityContextHolderFilter.doFilter(SecurityContextHolderFilter.java:69)
	at org.springframework.security.web.FilterChainProxy$VirtualFilterChain.doFilter(FilterChainProxy.java:374)
	at org.springframework.security.web.context.request.async.WebAsyncManagerIntegrationFilter.doFilterInternal(WebAsyncManagerIntegrationFilter.java:62)
	at org.springframework.web.filter.OncePerRequestFilter.doFilter(OncePerRequestFilter.java:116)
	at org.springframework.security.web.FilterChainProxy$VirtualFilterChain.doFilter(FilterChainProxy.java:374)
	at org.springframework.security.web.session.DisableEncodeUrlFilter.doFilterInternal(DisableEncodeUrlFilter.java:42)
	at org.springframework.web.filter.OncePerRequestFilter.doFilter(OncePerRequestFilter.java:116)
	at org.springframework.security.web.FilterChainProxy$VirtualFilterChain.doFilter(FilterChainProxy.java:374)
	at org.springframework.security.web.FilterChainProxy.doFilterInternal(FilterChainProxy.java:233)
	at org.springframework.security.web.FilterChainProxy.doFilter(FilterChainProxy.java:191)
	at org.springframework.web.filter.CompositeFilter$VirtualFilterChain.doFilter(CompositeFilter.java:113)
	at org.springframework.web.servlet.handler.HandlerMappingIntrospector.lambda$createCacheFilter$3(HandlerMappingIntrospector.java:195)
	at org.springframework.web.filter.CompositeFilter$VirtualFilterChain.doFilter(CompositeFilter.java:113)
	at org.springframework.web.filter.CompositeFilter.doFilter(CompositeFilter.java:74)
	at org.springframework.security.config.annotation.web.configuration.WebMvcSecurityConfiguration$CompositeFilterChainProxy.doFilter(WebMvcSecurityConfiguration.java:230)
	at org.springframework.web.filter.DelegatingFilterProxy.invokeDelegate(DelegatingFilterProxy.java:352)
	at org.springframework.web.filter.DelegatingFilterProxy.doFilter(DelegatingFilterProxy.java:268)
	at org.apache.catalina.core.ApplicationFilterChain.internalDoFilter(ApplicationFilterChain.java:164)
	at org.apache.catalina.core.ApplicationFilterChain.doFilter(ApplicationFilterChain.java:140)
	at org.springframework.web.filter.RequestContextFilter.doFilterInternal(RequestContextFilter.java:100)
	at org.springframework.web.filter.OncePerRequestFilter.doFilter(OncePerRequestFilter.java:116)
	at org.apache.catalina.core.ApplicationFilterChain.internalDoFilter(ApplicationFilterChain.java:164)
	at org.apache.catalina.core.ApplicationFilterChain.doFilter(ApplicationFilterChain.java:140)
	at org.springframework.web.filter.FormContentFilter.doFilterInternal(FormContentFilter.java:93)
	at org.springframework.web.filter.OncePerRequestFilter.doFilter(OncePerRequestFilter.java:116)
	at org.apache.catalina.core.ApplicationFilterChain.internalDoFilter(ApplicationFilterChain.java:164)
	at org.apache.catalina.core.ApplicationFilterChain.doFilter(ApplicationFilterChain.java:140)
	at org.springframework.web.filter.CharacterEncodingFilter.doFilterInternal(CharacterEncodingFilter.java:201)
	at org.springframework.web.filter.OncePerRequestFilter.doFilter(OncePerRequestFilter.java:116)
	at org.apache.catalina.core.ApplicationFilterChain.internalDoFilter(ApplicationFilterChain.java:164)
	at org.apache.catalina.core.ApplicationFilterChain.doFilter(ApplicationFilterChain.java:140)
	at org.apache.catalina.core.StandardWrapperValve.invoke(StandardWrapperValve.java:167)
	at org.apache.catalina.core.StandardContextValve.invoke(StandardContextValve.java:90)
	at org.apache.catalina.authenticator.AuthenticatorBase.invoke(AuthenticatorBase.java:483)
	at org.apache.catalina.core.StandardHostValve.invoke(StandardHostValve.java:115)
	at org.apache.catalina.valves.ErrorReportValve.invoke(ErrorReportValve.java:93)
	at org.apache.catalina.core.StandardEngineValve.invoke(StandardEngineValve.java:74)
	at org.apache.catalina.connector.CoyoteAdapter.service(CoyoteAdapter.java:344)
	at org.apache.coyote.http11.Http11Processor.service(Http11Processor.java:389)
	at org.apache.coyote.AbstractProcessorLight.process(AbstractProcessorLight.java:63)
	at org.apache.coyote.AbstractProtocol$ConnectionHandler.process(AbstractProtocol.java:904)
	at org.apache.tomcat.util.net.NioEndpoint$SocketProcessor.doRun(NioEndpoint.java:1741)
	at org.apache.tomcat.util.net.SocketProcessorBase.run(SocketProcessorBase.java:52)
	at org.apache.tomcat.util.threads.ThreadPoolExecutor.runWorker(ThreadPoolExecutor.java:1190)
	at org.apache.tomcat.util.threads.ThreadPoolExecutor$Worker.run(ThreadPoolExecutor.java:659)
	at org.apache.tomcat.util.threads.TaskThread$WrappingRunnable.run(TaskThread.java:63)
	at java.base/java.lang.Thread.run(Thread.java:833)
2024-08-13 04:53:52,859 DEBUG o.s.s.w.FilterChainProxy [http-nio-7777-exec-5] Securing GET /error
2024-08-13 04:53:52,903 DEBUG o.s.s.w.a.AnonymousAuthenticationFilter [http-nio-7777-exec-5] Set SecurityContextHolder to anonymous SecurityContext
2024-08-13 04:53:53,258 DEBUG o.s.s.w.a.Http403ForbiddenEntryPoint [http-nio-7777-exec-5] Pre-authenticated entry point called. Rejecting access
2024-08-13 04:53:53,399 DEBUG o.s.s.w.FilterChainProxy [http-nio-7777-exec-9] Securing GET /api/users/email/shaikhaniscoder07@gmail.com
2024-08-13 04:53:53,415 ERROR o.a.j.l.DirectJDKLog [http-nio-7777-exec-9] Servlet.service() for servlet [dispatcherServlet] in context with path [] threw exception
io.jsonwebtoken.ExpiredJwtException: JWT expired at 2024-08-12T08:47:47Z. Current time: 2024-08-12T23:23:53Z, a difference of 52566415 milliseconds.  Allowed clock skew: 0 milliseconds.
	at io.jsonwebtoken.impl.DefaultJwtParser.parse(DefaultJwtParser.java:427)
	at io.jsonwebtoken.impl.DefaultJwtParser.parse(DefaultJwtParser.java:529)
	at io.jsonwebtoken.impl.DefaultJwtParser.parseClaimsJws(DefaultJwtParser.java:589)
	at io.jsonwebtoken.impl.ImmutableJwtParser.parseClaimsJws(ImmutableJwtParser.java:173)
	at com.max.quizspring.config.JwtToken.extractAllClaims(JwtToken.java:36)
	at com.max.quizspring.config.JwtToken.extraClaim(JwtToken.java:31)
	at com.max.quizspring.config.JwtToken.extractUsername(JwtToken.java:23)
	at com.max.quizspring.config.JwtAuthenticationFilter.doFilterInternal(JwtAuthenticationFilter.java:41)
	at org.springframework.web.filter.OncePerRequestFilter.doFilter(OncePerRequestFilter.java:116)
	at org.springframework.security.web.FilterChainProxy$VirtualFilterChain.doFilter(FilterChainProxy.java:374)
	at org.springframework.security.web.authentication.logout.LogoutFilter.doFilter(LogoutFilter.java:107)
	at org.springframework.security.web.authentication.logout.LogoutFilter.doFilter(LogoutFilter.java:93)
	at org.springframework.security.web.FilterChainProxy$VirtualFilterChain.doFilter(FilterChainProxy.java:374)
	at org.springframework.web.filter.CorsFilter.doFilterInternal(CorsFilter.java:91)
	at org.springframework.web.filter.OncePerRequestFilter.doFilter(OncePerRequestFilter.java:116)
	at org.springframework.security.web.FilterChainProxy$VirtualFilterChain.doFilter(FilterChainProxy.java:374)
	at org.springframework.security.web.header.HeaderWriterFilter.doHeadersAfter(HeaderWriterFilter.java:90)
	at org.springframework.security.web.header.HeaderWriterFilter.doFilterInternal(HeaderWriterFilter.java:75)
	at org.springframework.web.filter.OncePerRequestFilter.doFilter(OncePerRequestFilter.java:116)
	at org.springframework.security.web.FilterChainProxy$VirtualFilterChain.doFilter(FilterChainProxy.java:374)
	at org.springframework.security.web.context.SecurityContextHolderFilter.doFilter(SecurityContextHolderFilter.java:82)
	at org.springframework.security.web.context.SecurityContextHolderFilter.doFilter(SecurityContextHolderFilter.java:69)
	at org.springframework.security.web.FilterChainProxy$VirtualFilterChain.doFilter(FilterChainProxy.java:374)
	at org.springframework.security.web.context.request.async.WebAsyncManagerIntegrationFilter.doFilterInternal(WebAsyncManagerIntegrationFilter.java:62)
	at org.springframework.web.filter.OncePerRequestFilter.doFilter(OncePerRequestFilter.java:116)
	at org.springframework.security.web.FilterChainProxy$VirtualFilterChain.doFilter(FilterChainProxy.java:374)
	at org.springframework.security.web.session.DisableEncodeUrlFilter.doFilterInternal(DisableEncodeUrlFilter.java:42)
	at org.springframework.web.filter.OncePerRequestFilter.doFilter(OncePerRequestFilter.java:116)
	at org.springframework.security.web.FilterChainProxy$VirtualFilterChain.doFilter(FilterChainProxy.java:374)
	at org.springframework.security.web.FilterChainProxy.doFilterInternal(FilterChainProxy.java:233)
	at org.springframework.security.web.FilterChainProxy.doFilter(FilterChainProxy.java:191)
	at org.springframework.web.filter.CompositeFilter$VirtualFilterChain.doFilter(CompositeFilter.java:113)
	at org.springframework.web.servlet.handler.HandlerMappingIntrospector.lambda$createCacheFilter$3(HandlerMappingIntrospector.java:195)
	at org.springframework.web.filter.CompositeFilter$VirtualFilterChain.doFilter(CompositeFilter.java:113)
	at org.springframework.web.filter.CompositeFilter.doFilter(CompositeFilter.java:74)
	at org.springframework.security.config.annotation.web.configuration.WebMvcSecurityConfiguration$CompositeFilterChainProxy.doFilter(WebMvcSecurityConfiguration.java:230)
	at org.springframework.web.filter.DelegatingFilterProxy.invokeDelegate(DelegatingFilterProxy.java:352)
	at org.springframework.web.filter.DelegatingFilterProxy.doFilter(DelegatingFilterProxy.java:268)
	at org.apache.catalina.core.ApplicationFilterChain.internalDoFilter(ApplicationFilterChain.java:164)
	at org.apache.catalina.core.ApplicationFilterChain.doFilter(ApplicationFilterChain.java:140)
	at org.springframework.web.filter.RequestContextFilter.doFilterInternal(RequestContextFilter.java:100)
	at org.springframework.web.filter.OncePerRequestFilter.doFilter(OncePerRequestFilter.java:116)
	at org.apache.catalina.core.ApplicationFilterChain.internalDoFilter(ApplicationFilterChain.java:164)
	at org.apache.catalina.core.ApplicationFilterChain.doFilter(ApplicationFilterChain.java:140)
	at org.springframework.web.filter.FormContentFilter.doFilterInternal(FormContentFilter.java:93)
	at org.springframework.web.filter.OncePerRequestFilter.doFilter(OncePerRequestFilter.java:116)
	at org.apache.catalina.core.ApplicationFilterChain.internalDoFilter(ApplicationFilterChain.java:164)
	at org.apache.catalina.core.ApplicationFilterChain.doFilter(ApplicationFilterChain.java:140)
	at org.springframework.web.filter.CharacterEncodingFilter.doFilterInternal(CharacterEncodingFilter.java:201)
	at org.springframework.web.filter.OncePerRequestFilter.doFilter(OncePerRequestFilter.java:116)
	at org.apache.catalina.core.ApplicationFilterChain.internalDoFilter(ApplicationFilterChain.java:164)
	at org.apache.catalina.core.ApplicationFilterChain.doFilter(ApplicationFilterChain.java:140)
	at org.apache.catalina.core.StandardWrapperValve.invoke(StandardWrapperValve.java:167)
	at org.apache.catalina.core.StandardContextValve.invoke(StandardContextValve.java:90)
	at org.apache.catalina.authenticator.AuthenticatorBase.invoke(AuthenticatorBase.java:483)
	at org.apache.catalina.core.StandardHostValve.invoke(StandardHostValve.java:115)
	at org.apache.catalina.valves.ErrorReportValve.invoke(ErrorReportValve.java:93)
	at org.apache.catalina.core.StandardEngineValve.invoke(StandardEngineValve.java:74)
	at org.apache.catalina.connector.CoyoteAdapter.service(CoyoteAdapter.java:344)
	at org.apache.coyote.http11.Http11Processor.service(Http11Processor.java:389)
	at org.apache.coyote.AbstractProcessorLight.process(AbstractProcessorLight.java:63)
	at org.apache.coyote.AbstractProtocol$ConnectionHandler.process(AbstractProtocol.java:904)
	at org.apache.tomcat.util.net.NioEndpoint$SocketProcessor.doRun(NioEndpoint.java:1741)
	at org.apache.tomcat.util.net.SocketProcessorBase.run(SocketProcessorBase.java:52)
	at org.apache.tomcat.util.threads.ThreadPoolExecutor.runWorker(ThreadPoolExecutor.java:1190)
	at org.apache.tomcat.util.threads.ThreadPoolExecutor$Worker.run(ThreadPoolExecutor.java:659)
	at org.apache.tomcat.util.threads.TaskThread$WrappingRunnable.run(TaskThread.java:63)
	at java.base/java.lang.Thread.run(Thread.java:833)
2024-08-13 04:53:53,556 DEBUG o.s.s.w.FilterChainProxy [http-nio-7777-exec-9] Securing GET /error
2024-08-13 04:53:53,618 DEBUG o.s.s.w.a.AnonymousAuthenticationFilter [http-nio-7777-exec-9] Set SecurityContextHolder to anonymous SecurityContext
2024-08-13 04:53:53,665 DEBUG o.s.s.w.a.Http403ForbiddenEntryPoint [http-nio-7777-exec-9] Pre-authenticated entry point called. Rejecting access
2024-08-13 04:53:53,759 DEBUG o.s.s.w.FilterChainProxy [http-nio-7777-exec-10] Securing GET /api/users/email/shaikhaniscoder07@gmail.com
2024-08-13 04:53:53,790 ERROR o.a.j.l.DirectJDKLog [http-nio-7777-exec-10] Servlet.service() for servlet [dispatcherServlet] in context with path [] threw exception
io.jsonwebtoken.ExpiredJwtException: JWT expired at 2024-08-12T08:47:47Z. Current time: 2024-08-12T23:23:53Z, a difference of 52566790 milliseconds.  Allowed clock skew: 0 milliseconds.
	at io.jsonwebtoken.impl.DefaultJwtParser.parse(DefaultJwtParser.java:427)
	at io.jsonwebtoken.impl.DefaultJwtParser.parse(DefaultJwtParser.java:529)
	at io.jsonwebtoken.impl.DefaultJwtParser.parseClaimsJws(DefaultJwtParser.java:589)
	at io.jsonwebtoken.impl.ImmutableJwtParser.parseClaimsJws(ImmutableJwtParser.java:173)
	at com.max.quizspring.config.JwtToken.extractAllClaims(JwtToken.java:36)
	at com.max.quizspring.config.JwtToken.extraClaim(JwtToken.java:31)
	at com.max.quizspring.config.JwtToken.extractUsername(JwtToken.java:23)
	at com.max.quizspring.config.JwtAuthenticationFilter.doFilterInternal(JwtAuthenticationFilter.java:41)
	at org.springframework.web.filter.OncePerRequestFilter.doFilter(OncePerRequestFilter.java:116)
	at org.springframework.security.web.FilterChainProxy$VirtualFilterChain.doFilter(FilterChainProxy.java:374)
	at org.springframework.security.web.authentication.logout.LogoutFilter.doFilter(LogoutFilter.java:107)
	at org.springframework.security.web.authentication.logout.LogoutFilter.doFilter(LogoutFilter.java:93)
	at org.springframework.security.web.FilterChainProxy$VirtualFilterChain.doFilter(FilterChainProxy.java:374)
	at org.springframework.web.filter.CorsFilter.doFilterInternal(CorsFilter.java:91)
	at org.springframework.web.filter.OncePerRequestFilter.doFilter(OncePerRequestFilter.java:116)
	at org.springframework.security.web.FilterChainProxy$VirtualFilterChain.doFilter(FilterChainProxy.java:374)
	at org.springframework.security.web.header.HeaderWriterFilter.doHeadersAfter(HeaderWriterFilter.java:90)
	at org.springframework.security.web.header.HeaderWriterFilter.doFilterInternal(HeaderWriterFilter.java:75)
	at org.springframework.web.filter.OncePerRequestFilter.doFilter(OncePerRequestFilter.java:116)
	at org.springframework.security.web.FilterChainProxy$VirtualFilterChain.doFilter(FilterChainProxy.java:374)
	at org.springframework.security.web.context.SecurityContextHolderFilter.doFilter(SecurityContextHolderFilter.java:82)
	at org.springframework.security.web.context.SecurityContextHolderFilter.doFilter(SecurityContextHolderFilter.java:69)
	at org.springframework.security.web.FilterChainProxy$VirtualFilterChain.doFilter(FilterChainProxy.java:374)
	at org.springframework.security.web.context.request.async.WebAsyncManagerIntegrationFilter.doFilterInternal(WebAsyncManagerIntegrationFilter.java:62)
	at org.springframework.web.filter.OncePerRequestFilter.doFilter(OncePerRequestFilter.java:116)
	at org.springframework.security.web.FilterChainProxy$VirtualFilterChain.doFilter(FilterChainProxy.java:374)
	at org.springframework.security.web.session.DisableEncodeUrlFilter.doFilterInternal(DisableEncodeUrlFilter.java:42)
	at org.springframework.web.filter.OncePerRequestFilter.doFilter(OncePerRequestFilter.java:116)
	at org.springframework.security.web.FilterChainProxy$VirtualFilterChain.doFilter(FilterChainProxy.java:374)
	at org.springframework.security.web.FilterChainProxy.doFilterInternal(FilterChainProxy.java:233)
	at org.springframework.security.web.FilterChainProxy.doFilter(FilterChainProxy.java:191)
	at org.springframework.web.filter.CompositeFilter$VirtualFilterChain.doFilter(CompositeFilter.java:113)
	at org.springframework.web.servlet.handler.HandlerMappingIntrospector.lambda$createCacheFilter$3(HandlerMappingIntrospector.java:195)
	at org.springframework.web.filter.CompositeFilter$VirtualFilterChain.doFilter(CompositeFilter.java:113)
	at org.springframework.web.filter.CompositeFilter.doFilter(CompositeFilter.java:74)
	at org.springframework.security.config.annotation.web.configuration.WebMvcSecurityConfiguration$CompositeFilterChainProxy.doFilter(WebMvcSecurityConfiguration.java:230)
	at org.springframework.web.filter.DelegatingFilterProxy.invokeDelegate(DelegatingFilterProxy.java:352)
	at org.springframework.web.filter.DelegatingFilterProxy.doFilter(DelegatingFilterProxy.java:268)
	at org.apache.catalina.core.ApplicationFilterChain.internalDoFilter(ApplicationFilterChain.java:164)
	at org.apache.catalina.core.ApplicationFilterChain.doFilter(ApplicationFilterChain.java:140)
	at org.springframework.web.filter.RequestContextFilter.doFilterInternal(RequestContextFilter.java:100)
	at org.springframework.web.filter.OncePerRequestFilter.doFilter(OncePerRequestFilter.java:116)
	at org.apache.catalina.core.ApplicationFilterChain.internalDoFilter(ApplicationFilterChain.java:164)
	at org.apache.catalina.core.ApplicationFilterChain.doFilter(ApplicationFilterChain.java:140)
	at org.springframework.web.filter.FormContentFilter.doFilterInternal(FormContentFilter.java:93)
	at org.springframework.web.filter.OncePerRequestFilter.doFilter(OncePerRequestFilter.java:116)
	at org.apache.catalina.core.ApplicationFilterChain.internalDoFilter(ApplicationFilterChain.java:164)
	at org.apache.catalina.core.ApplicationFilterChain.doFilter(ApplicationFilterChain.java:140)
	at org.springframework.web.filter.CharacterEncodingFilter.doFilterInternal(CharacterEncodingFilter.java:201)
	at org.springframework.web.filter.OncePerRequestFilter.doFilter(OncePerRequestFilter.java:116)
	at org.apache.catalina.core.ApplicationFilterChain.internalDoFilter(ApplicationFilterChain.java:164)
	at org.apache.catalina.core.ApplicationFilterChain.doFilter(ApplicationFilterChain.java:140)
	at org.apache.catalina.core.StandardWrapperValve.invoke(StandardWrapperValve.java:167)
	at org.apache.catalina.core.StandardContextValve.invoke(StandardContextValve.java:90)
	at org.apache.catalina.authenticator.AuthenticatorBase.invoke(AuthenticatorBase.java:483)
	at org.apache.catalina.core.StandardHostValve.invoke(StandardHostValve.java:115)
	at org.apache.catalina.valves.ErrorReportValve.invoke(ErrorReportValve.java:93)
	at org.apache.catalina.core.StandardEngineValve.invoke(StandardEngineValve.java:74)
	at org.apache.catalina.connector.CoyoteAdapter.service(CoyoteAdapter.java:344)
	at org.apache.coyote.http11.Http11Processor.service(Http11Processor.java:389)
	at org.apache.coyote.AbstractProcessorLight.process(AbstractProcessorLight.java:63)
	at org.apache.coyote.AbstractProtocol$ConnectionHandler.process(AbstractProtocol.java:904)
	at org.apache.tomcat.util.net.NioEndpoint$SocketProcessor.doRun(NioEndpoint.java:1741)
	at org.apache.tomcat.util.net.SocketProcessorBase.run(SocketProcessorBase.java:52)
	at org.apache.tomcat.util.threads.ThreadPoolExecutor.runWorker(ThreadPoolExecutor.java:1190)
	at org.apache.tomcat.util.threads.ThreadPoolExecutor$Worker.run(ThreadPoolExecutor.java:659)
	at org.apache.tomcat.util.threads.TaskThread$WrappingRunnable.run(TaskThread.java:63)
	at java.base/java.lang.Thread.run(Thread.java:833)
2024-08-13 04:53:54,094 DEBUG o.s.s.w.FilterChainProxy [http-nio-7777-exec-10] Securing GET /error
2024-08-13 04:53:54,133 DEBUG o.s.s.w.a.AnonymousAuthenticationFilter [http-nio-7777-exec-10] Set SecurityContextHolder to anonymous SecurityContext
2024-08-13 04:53:54,200 DEBUG o.s.s.w.a.Http403ForbiddenEntryPoint [http-nio-7777-exec-10] Pre-authenticated entry point called. Rejecting access
2024-08-13 04:53:54,662 DEBUG o.s.s.w.FilterChainProxy [http-nio-7777-exec-3] Securing GET /api/users/email/shaikhaniscoder07@gmail.com
2024-08-13 04:53:54,695 ERROR o.a.j.l.DirectJDKLog [http-nio-7777-exec-3] Servlet.service() for servlet [dispatcherServlet] in context with path [] threw exception
io.jsonwebtoken.ExpiredJwtException: JWT expired at 2024-08-12T08:47:47Z. Current time: 2024-08-12T23:23:54Z, a difference of 52567695 milliseconds.  Allowed clock skew: 0 milliseconds.
	at io.jsonwebtoken.impl.DefaultJwtParser.parse(DefaultJwtParser.java:427)
	at io.jsonwebtoken.impl.DefaultJwtParser.parse(DefaultJwtParser.java:529)
	at io.jsonwebtoken.impl.DefaultJwtParser.parseClaimsJws(DefaultJwtParser.java:589)
	at io.jsonwebtoken.impl.ImmutableJwtParser.parseClaimsJws(ImmutableJwtParser.java:173)
	at com.max.quizspring.config.JwtToken.extractAllClaims(JwtToken.java:36)
	at com.max.quizspring.config.JwtToken.extraClaim(JwtToken.java:31)
	at com.max.quizspring.config.JwtToken.extractUsername(JwtToken.java:23)
	at com.max.quizspring.config.JwtAuthenticationFilter.doFilterInternal(JwtAuthenticationFilter.java:41)
	at org.springframework.web.filter.OncePerRequestFilter.doFilter(OncePerRequestFilter.java:116)
	at org.springframework.security.web.FilterChainProxy$VirtualFilterChain.doFilter(FilterChainProxy.java:374)
	at org.springframework.security.web.authentication.logout.LogoutFilter.doFilter(LogoutFilter.java:107)
	at org.springframework.security.web.authentication.logout.LogoutFilter.doFilter(LogoutFilter.java:93)
	at org.springframework.security.web.FilterChainProxy$VirtualFilterChain.doFilter(FilterChainProxy.java:374)
	at org.springframework.web.filter.CorsFilter.doFilterInternal(CorsFilter.java:91)
	at org.springframework.web.filter.OncePerRequestFilter.doFilter(OncePerRequestFilter.java:116)
	at org.springframework.security.web.FilterChainProxy$VirtualFilterChain.doFilter(FilterChainProxy.java:374)
	at org.springframework.security.web.header.HeaderWriterFilter.doHeadersAfter(HeaderWriterFilter.java:90)
	at org.springframework.security.web.header.HeaderWriterFilter.doFilterInternal(HeaderWriterFilter.java:75)
	at org.springframework.web.filter.OncePerRequestFilter.doFilter(OncePerRequestFilter.java:116)
	at org.springframework.security.web.FilterChainProxy$VirtualFilterChain.doFilter(FilterChainProxy.java:374)
	at org.springframework.security.web.context.SecurityContextHolderFilter.doFilter(SecurityContextHolderFilter.java:82)
	at org.springframework.security.web.context.SecurityContextHolderFilter.doFilter(SecurityContextHolderFilter.java:69)
	at org.springframework.security.web.FilterChainProxy$VirtualFilterChain.doFilter(FilterChainProxy.java:374)
	at org.springframework.security.web.context.request.async.WebAsyncManagerIntegrationFilter.doFilterInternal(WebAsyncManagerIntegrationFilter.java:62)
	at org.springframework.web.filter.OncePerRequestFilter.doFilter(OncePerRequestFilter.java:116)
	at org.springframework.security.web.FilterChainProxy$VirtualFilterChain.doFilter(FilterChainProxy.java:374)
	at org.springframework.security.web.session.DisableEncodeUrlFilter.doFilterInternal(DisableEncodeUrlFilter.java:42)
	at org.springframework.web.filter.OncePerRequestFilter.doFilter(OncePerRequestFilter.java:116)
	at org.springframework.security.web.FilterChainProxy$VirtualFilterChain.doFilter(FilterChainProxy.java:374)
	at org.springframework.security.web.FilterChainProxy.doFilterInternal(FilterChainProxy.java:233)
	at org.springframework.security.web.FilterChainProxy.doFilter(FilterChainProxy.java:191)
	at org.springframework.web.filter.CompositeFilter$VirtualFilterChain.doFilter(CompositeFilter.java:113)
	at org.springframework.web.servlet.handler.HandlerMappingIntrospector.lambda$createCacheFilter$3(HandlerMappingIntrospector.java:195)
	at org.springframework.web.filter.CompositeFilter$VirtualFilterChain.doFilter(CompositeFilter.java:113)
	at org.springframework.web.filter.CompositeFilter.doFilter(CompositeFilter.java:74)
	at org.springframework.security.config.annotation.web.configuration.WebMvcSecurityConfiguration$CompositeFilterChainProxy.doFilter(WebMvcSecurityConfiguration.java:230)
	at org.springframework.web.filter.DelegatingFilterProxy.invokeDelegate(DelegatingFilterProxy.java:352)
	at org.springframework.web.filter.DelegatingFilterProxy.doFilter(DelegatingFilterProxy.java:268)
	at org.apache.catalina.core.ApplicationFilterChain.internalDoFilter(ApplicationFilterChain.java:164)
	at org.apache.catalina.core.ApplicationFilterChain.doFilter(ApplicationFilterChain.java:140)
	at org.springframework.web.filter.RequestContextFilter.doFilterInternal(RequestContextFilter.java:100)
	at org.springframework.web.filter.OncePerRequestFilter.doFilter(OncePerRequestFilter.java:116)
	at org.apache.catalina.core.ApplicationFilterChain.internalDoFilter(ApplicationFilterChain.java:164)
	at org.apache.catalina.core.ApplicationFilterChain.doFilter(ApplicationFilterChain.java:140)
	at org.springframework.web.filter.FormContentFilter.doFilterInternal(FormContentFilter.java:93)
	at org.springframework.web.filter.OncePerRequestFilter.doFilter(OncePerRequestFilter.java:116)
	at org.apache.catalina.core.ApplicationFilterChain.internalDoFilter(ApplicationFilterChain.java:164)
	at org.apache.catalina.core.ApplicationFilterChain.doFilter(ApplicationFilterChain.java:140)
	at org.springframework.web.filter.CharacterEncodingFilter.doFilterInternal(CharacterEncodingFilter.java:201)
	at org.springframework.web.filter.OncePerRequestFilter.doFilter(OncePerRequestFilter.java:116)
	at org.apache.catalina.core.ApplicationFilterChain.internalDoFilter(ApplicationFilterChain.java:164)
	at org.apache.catalina.core.ApplicationFilterChain.doFilter(ApplicationFilterChain.java:140)
	at org.apache.catalina.core.StandardWrapperValve.invoke(StandardWrapperValve.java:167)
	at org.apache.catalina.core.StandardContextValve.invoke(StandardContextValve.java:90)
	at org.apache.catalina.authenticator.AuthenticatorBase.invoke(AuthenticatorBase.java:483)
	at org.apache.catalina.core.StandardHostValve.invoke(StandardHostValve.java:115)
	at org.apache.catalina.valves.ErrorReportValve.invoke(ErrorReportValve.java:93)
	at org.apache.catalina.core.StandardEngineValve.invoke(StandardEngineValve.java:74)
	at org.apache.catalina.connector.CoyoteAdapter.service(CoyoteAdapter.java:344)
	at org.apache.coyote.http11.Http11Processor.service(Http11Processor.java:389)
	at org.apache.coyote.AbstractProcessorLight.process(AbstractProcessorLight.java:63)
	at org.apache.coyote.AbstractProtocol$ConnectionHandler.process(AbstractProtocol.java:904)
	at org.apache.tomcat.util.net.NioEndpoint$SocketProcessor.doRun(NioEndpoint.java:1741)
	at org.apache.tomcat.util.net.SocketProcessorBase.run(SocketProcessorBase.java:52)
	at org.apache.tomcat.util.threads.ThreadPoolExecutor.runWorker(ThreadPoolExecutor.java:1190)
	at org.apache.tomcat.util.threads.ThreadPoolExecutor$Worker.run(ThreadPoolExecutor.java:659)
	at org.apache.tomcat.util.threads.TaskThread$WrappingRunnable.run(TaskThread.java:63)
	at java.base/java.lang.Thread.run(Thread.java:833)
2024-08-13 04:53:54,962 DEBUG o.s.s.w.FilterChainProxy [http-nio-7777-exec-3] Securing GET /error
2024-08-13 04:53:55,132 DEBUG o.s.s.w.a.AnonymousAuthenticationFilter [http-nio-7777-exec-3] Set SecurityContextHolder to anonymous SecurityContext
2024-08-13 04:53:55,248 DEBUG o.s.s.w.a.Http403ForbiddenEntryPoint [http-nio-7777-exec-3] Pre-authenticated entry point called. Rejecting access
2024-08-13 04:57:26,409 DEBUG o.s.s.w.FilterChainProxy [http-nio-7777-exec-2] Securing OPTIONS /api/users/email/shaikhaniscoder07@gmail.com
2024-08-13 04:57:26,409 DEBUG o.s.s.w.FilterChainProxy [http-nio-7777-exec-4] Securing OPTIONS /api/users/email/shaikhaniscoder07@gmail.com
2024-08-13 04:57:26,928 DEBUG o.s.s.w.FilterChainProxy [http-nio-7777-exec-8] Securing GET /api/users/email/shaikhaniscoder07@gmail.com
2024-08-13 04:57:27,433 ERROR o.a.j.l.DirectJDKLog [http-nio-7777-exec-8] Servlet.service() for servlet [dispatcherServlet] in context with path [] threw exception
io.jsonwebtoken.ExpiredJwtException: JWT expired at 2024-08-12T08:47:47Z. Current time: 2024-08-12T23:27:27Z, a difference of 52780254 milliseconds.  Allowed clock skew: 0 milliseconds.
	at io.jsonwebtoken.impl.DefaultJwtParser.parse(DefaultJwtParser.java:427)
	at io.jsonwebtoken.impl.DefaultJwtParser.parse(DefaultJwtParser.java:529)
	at io.jsonwebtoken.impl.DefaultJwtParser.parseClaimsJws(DefaultJwtParser.java:589)
	at io.jsonwebtoken.impl.ImmutableJwtParser.parseClaimsJws(ImmutableJwtParser.java:173)
	at com.max.quizspring.config.JwtToken.extractAllClaims(JwtToken.java:36)
	at com.max.quizspring.config.JwtToken.extraClaim(JwtToken.java:31)
	at com.max.quizspring.config.JwtToken.extractUsername(JwtToken.java:23)
	at com.max.quizspring.config.JwtAuthenticationFilter.doFilterInternal(JwtAuthenticationFilter.java:41)
	at org.springframework.web.filter.OncePerRequestFilter.doFilter(OncePerRequestFilter.java:116)
	at org.springframework.security.web.FilterChainProxy$VirtualFilterChain.doFilter(FilterChainProxy.java:374)
	at org.springframework.security.web.authentication.logout.LogoutFilter.doFilter(LogoutFilter.java:107)
	at org.springframework.security.web.authentication.logout.LogoutFilter.doFilter(LogoutFilter.java:93)
	at org.springframework.security.web.FilterChainProxy$VirtualFilterChain.doFilter(FilterChainProxy.java:374)
	at org.springframework.web.filter.CorsFilter.doFilterInternal(CorsFilter.java:91)
	at org.springframework.web.filter.OncePerRequestFilter.doFilter(OncePerRequestFilter.java:116)
	at org.springframework.security.web.FilterChainProxy$VirtualFilterChain.doFilter(FilterChainProxy.java:374)
	at org.springframework.security.web.header.HeaderWriterFilter.doHeadersAfter(HeaderWriterFilter.java:90)
	at org.springframework.security.web.header.HeaderWriterFilter.doFilterInternal(HeaderWriterFilter.java:75)
	at org.springframework.web.filter.OncePerRequestFilter.doFilter(OncePerRequestFilter.java:116)
	at org.springframework.security.web.FilterChainProxy$VirtualFilterChain.doFilter(FilterChainProxy.java:374)
	at org.springframework.security.web.context.SecurityContextHolderFilter.doFilter(SecurityContextHolderFilter.java:82)
	at org.springframework.security.web.context.SecurityContextHolderFilter.doFilter(SecurityContextHolderFilter.java:69)
	at org.springframework.security.web.FilterChainProxy$VirtualFilterChain.doFilter(FilterChainProxy.java:374)
	at org.springframework.security.web.context.request.async.WebAsyncManagerIntegrationFilter.doFilterInternal(WebAsyncManagerIntegrationFilter.java:62)
	at org.springframework.web.filter.OncePerRequestFilter.doFilter(OncePerRequestFilter.java:116)
	at org.springframework.security.web.FilterChainProxy$VirtualFilterChain.doFilter(FilterChainProxy.java:374)
	at org.springframework.security.web.session.DisableEncodeUrlFilter.doFilterInternal(DisableEncodeUrlFilter.java:42)
	at org.springframework.web.filter.OncePerRequestFilter.doFilter(OncePerRequestFilter.java:116)
	at org.springframework.security.web.FilterChainProxy$VirtualFilterChain.doFilter(FilterChainProxy.java:374)
	at org.springframework.security.web.FilterChainProxy.doFilterInternal(FilterChainProxy.java:233)
	at org.springframework.security.web.FilterChainProxy.doFilter(FilterChainProxy.java:191)
	at org.springframework.web.filter.CompositeFilter$VirtualFilterChain.doFilter(CompositeFilter.java:113)
	at org.springframework.web.servlet.handler.HandlerMappingIntrospector.lambda$createCacheFilter$3(HandlerMappingIntrospector.java:195)
	at org.springframework.web.filter.CompositeFilter$VirtualFilterChain.doFilter(CompositeFilter.java:113)
	at org.springframework.web.filter.CompositeFilter.doFilter(CompositeFilter.java:74)
	at org.springframework.security.config.annotation.web.configuration.WebMvcSecurityConfiguration$CompositeFilterChainProxy.doFilter(WebMvcSecurityConfiguration.java:230)
	at org.springframework.web.filter.DelegatingFilterProxy.invokeDelegate(DelegatingFilterProxy.java:352)
	at org.springframework.web.filter.DelegatingFilterProxy.doFilter(DelegatingFilterProxy.java:268)
	at org.apache.catalina.core.ApplicationFilterChain.internalDoFilter(ApplicationFilterChain.java:164)
	at org.apache.catalina.core.ApplicationFilterChain.doFilter(ApplicationFilterChain.java:140)
	at org.springframework.web.filter.RequestContextFilter.doFilterInternal(RequestContextFilter.java:100)
	at org.springframework.web.filter.OncePerRequestFilter.doFilter(OncePerRequestFilter.java:116)
	at org.apache.catalina.core.ApplicationFilterChain.internalDoFilter(ApplicationFilterChain.java:164)
	at org.apache.catalina.core.ApplicationFilterChain.doFilter(ApplicationFilterChain.java:140)
	at org.springframework.web.filter.FormContentFilter.doFilterInternal(FormContentFilter.java:93)
	at org.springframework.web.filter.OncePerRequestFilter.doFilter(OncePerRequestFilter.java:116)
	at org.apache.catalina.core.ApplicationFilterChain.internalDoFilter(ApplicationFilterChain.java:164)
	at org.apache.catalina.core.ApplicationFilterChain.doFilter(ApplicationFilterChain.java:140)
	at org.springframework.web.filter.CharacterEncodingFilter.doFilterInternal(CharacterEncodingFilter.java:201)
	at org.springframework.web.filter.OncePerRequestFilter.doFilter(OncePerRequestFilter.java:116)
	at org.apache.catalina.core.ApplicationFilterChain.internalDoFilter(ApplicationFilterChain.java:164)
	at org.apache.catalina.core.ApplicationFilterChain.doFilter(ApplicationFilterChain.java:140)
	at org.apache.catalina.core.StandardWrapperValve.invoke(StandardWrapperValve.java:167)
	at org.apache.catalina.core.StandardContextValve.invoke(StandardContextValve.java:90)
	at org.apache.catalina.authenticator.AuthenticatorBase.invoke(AuthenticatorBase.java:483)
	at org.apache.catalina.core.StandardHostValve.invoke(StandardHostValve.java:115)
	at org.apache.catalina.valves.ErrorReportValve.invoke(ErrorReportValve.java:93)
	at org.apache.catalina.core.StandardEngineValve.invoke(StandardEngineValve.java:74)
	at org.apache.catalina.connector.CoyoteAdapter.service(CoyoteAdapter.java:344)
	at org.apache.coyote.http11.Http11Processor.service(Http11Processor.java:389)
	at org.apache.coyote.AbstractProcessorLight.process(AbstractProcessorLight.java:63)
	at org.apache.coyote.AbstractProtocol$ConnectionHandler.process(AbstractProtocol.java:904)
	at org.apache.tomcat.util.net.NioEndpoint$SocketProcessor.doRun(NioEndpoint.java:1741)
	at org.apache.tomcat.util.net.SocketProcessorBase.run(SocketProcessorBase.java:52)
	at org.apache.tomcat.util.threads.ThreadPoolExecutor.runWorker(ThreadPoolExecutor.java:1190)
	at org.apache.tomcat.util.threads.ThreadPoolExecutor$Worker.run(ThreadPoolExecutor.java:659)
	at org.apache.tomcat.util.threads.TaskThread$WrappingRunnable.run(TaskThread.java:63)
	at java.base/java.lang.Thread.run(Thread.java:833)
2024-08-13 04:57:27,776 DEBUG o.s.s.w.FilterChainProxy [http-nio-7777-exec-8] Securing GET /error
2024-08-13 04:57:27,842 DEBUG o.s.s.w.a.AnonymousAuthenticationFilter [http-nio-7777-exec-8] Set SecurityContextHolder to anonymous SecurityContext
2024-08-13 04:57:27,886 DEBUG o.s.s.w.a.Http403ForbiddenEntryPoint [http-nio-7777-exec-8] Pre-authenticated entry point called. Rejecting access
2024-08-13 04:57:27,955 DEBUG o.s.s.w.FilterChainProxy [http-nio-7777-exec-6] Securing GET /api/users/email/shaikhaniscoder07@gmail.com
2024-08-13 04:57:28,003 ERROR o.a.j.l.DirectJDKLog [http-nio-7777-exec-6] Servlet.service() for servlet [dispatcherServlet] in context with path [] threw exception
io.jsonwebtoken.ExpiredJwtException: JWT expired at 2024-08-12T08:47:47Z. Current time: 2024-08-12T23:27:27Z, a difference of 52780995 milliseconds.  Allowed clock skew: 0 milliseconds.
	at io.jsonwebtoken.impl.DefaultJwtParser.parse(DefaultJwtParser.java:427)
	at io.jsonwebtoken.impl.DefaultJwtParser.parse(DefaultJwtParser.java:529)
	at io.jsonwebtoken.impl.DefaultJwtParser.parseClaimsJws(DefaultJwtParser.java:589)
	at io.jsonwebtoken.impl.ImmutableJwtParser.parseClaimsJws(ImmutableJwtParser.java:173)
	at com.max.quizspring.config.JwtToken.extractAllClaims(JwtToken.java:36)
	at com.max.quizspring.config.JwtToken.extraClaim(JwtToken.java:31)
	at com.max.quizspring.config.JwtToken.extractUsername(JwtToken.java:23)
	at com.max.quizspring.config.JwtAuthenticationFilter.doFilterInternal(JwtAuthenticationFilter.java:41)
	at org.springframework.web.filter.OncePerRequestFilter.doFilter(OncePerRequestFilter.java:116)
	at org.springframework.security.web.FilterChainProxy$VirtualFilterChain.doFilter(FilterChainProxy.java:374)
	at org.springframework.security.web.authentication.logout.LogoutFilter.doFilter(LogoutFilter.java:107)
	at org.springframework.security.web.authentication.logout.LogoutFilter.doFilter(LogoutFilter.java:93)
	at org.springframework.security.web.FilterChainProxy$VirtualFilterChain.doFilter(FilterChainProxy.java:374)
	at org.springframework.web.filter.CorsFilter.doFilterInternal(CorsFilter.java:91)
	at org.springframework.web.filter.OncePerRequestFilter.doFilter(OncePerRequestFilter.java:116)
	at org.springframework.security.web.FilterChainProxy$VirtualFilterChain.doFilter(FilterChainProxy.java:374)
	at org.springframework.security.web.header.HeaderWriterFilter.doHeadersAfter(HeaderWriterFilter.java:90)
	at org.springframework.security.web.header.HeaderWriterFilter.doFilterInternal(HeaderWriterFilter.java:75)
	at org.springframework.web.filter.OncePerRequestFilter.doFilter(OncePerRequestFilter.java:116)
	at org.springframework.security.web.FilterChainProxy$VirtualFilterChain.doFilter(FilterChainProxy.java:374)
	at org.springframework.security.web.context.SecurityContextHolderFilter.doFilter(SecurityContextHolderFilter.java:82)
	at org.springframework.security.web.context.SecurityContextHolderFilter.doFilter(SecurityContextHolderFilter.java:69)
	at org.springframework.security.web.FilterChainProxy$VirtualFilterChain.doFilter(FilterChainProxy.java:374)
	at org.springframework.security.web.context.request.async.WebAsyncManagerIntegrationFilter.doFilterInternal(WebAsyncManagerIntegrationFilter.java:62)
	at org.springframework.web.filter.OncePerRequestFilter.doFilter(OncePerRequestFilter.java:116)
	at org.springframework.security.web.FilterChainProxy$VirtualFilterChain.doFilter(FilterChainProxy.java:374)
	at org.springframework.security.web.session.DisableEncodeUrlFilter.doFilterInternal(DisableEncodeUrlFilter.java:42)
	at org.springframework.web.filter.OncePerRequestFilter.doFilter(OncePerRequestFilter.java:116)
	at org.springframework.security.web.FilterChainProxy$VirtualFilterChain.doFilter(FilterChainProxy.java:374)
	at org.springframework.security.web.FilterChainProxy.doFilterInternal(FilterChainProxy.java:233)
	at org.springframework.security.web.FilterChainProxy.doFilter(FilterChainProxy.java:191)
	at org.springframework.web.filter.CompositeFilter$VirtualFilterChain.doFilter(CompositeFilter.java:113)
	at org.springframework.web.servlet.handler.HandlerMappingIntrospector.lambda$createCacheFilter$3(HandlerMappingIntrospector.java:195)
	at org.springframework.web.filter.CompositeFilter$VirtualFilterChain.doFilter(CompositeFilter.java:113)
	at org.springframework.web.filter.CompositeFilter.doFilter(CompositeFilter.java:74)
	at org.springframework.security.config.annotation.web.configuration.WebMvcSecurityConfiguration$CompositeFilterChainProxy.doFilter(WebMvcSecurityConfiguration.java:230)
	at org.springframework.web.filter.DelegatingFilterProxy.invokeDelegate(DelegatingFilterProxy.java:352)
	at org.springframework.web.filter.DelegatingFilterProxy.doFilter(DelegatingFilterProxy.java:268)
	at org.apache.catalina.core.ApplicationFilterChain.internalDoFilter(ApplicationFilterChain.java:164)
	at org.apache.catalina.core.ApplicationFilterChain.doFilter(ApplicationFilterChain.java:140)
	at org.springframework.web.filter.RequestContextFilter.doFilterInternal(RequestContextFilter.java:100)
	at org.springframework.web.filter.OncePerRequestFilter.doFilter(OncePerRequestFilter.java:116)
	at org.apache.catalina.core.ApplicationFilterChain.internalDoFilter(ApplicationFilterChain.java:164)
	at org.apache.catalina.core.ApplicationFilterChain.doFilter(ApplicationFilterChain.java:140)
	at org.springframework.web.filter.FormContentFilter.doFilterInternal(FormContentFilter.java:93)
	at org.springframework.web.filter.OncePerRequestFilter.doFilter(OncePerRequestFilter.java:116)
	at org.apache.catalina.core.ApplicationFilterChain.internalDoFilter(ApplicationFilterChain.java:164)
	at org.apache.catalina.core.ApplicationFilterChain.doFilter(ApplicationFilterChain.java:140)
	at org.springframework.web.filter.CharacterEncodingFilter.doFilterInternal(CharacterEncodingFilter.java:201)
	at org.springframework.web.filter.OncePerRequestFilter.doFilter(OncePerRequestFilter.java:116)
	at org.apache.catalina.core.ApplicationFilterChain.internalDoFilter(ApplicationFilterChain.java:164)
	at org.apache.catalina.core.ApplicationFilterChain.doFilter(ApplicationFilterChain.java:140)
	at org.apache.catalina.core.StandardWrapperValve.invoke(StandardWrapperValve.java:167)
	at org.apache.catalina.core.StandardContextValve.invoke(StandardContextValve.java:90)
	at org.apache.catalina.authenticator.AuthenticatorBase.invoke(AuthenticatorBase.java:483)
	at org.apache.catalina.core.StandardHostValve.invoke(StandardHostValve.java:115)
	at org.apache.catalina.valves.ErrorReportValve.invoke(ErrorReportValve.java:93)
	at org.apache.catalina.core.StandardEngineValve.invoke(StandardEngineValve.java:74)
	at org.apache.catalina.connector.CoyoteAdapter.service(CoyoteAdapter.java:344)
	at org.apache.coyote.http11.Http11Processor.service(Http11Processor.java:389)
	at org.apache.coyote.AbstractProcessorLight.process(AbstractProcessorLight.java:63)
	at org.apache.coyote.AbstractProtocol$ConnectionHandler.process(AbstractProtocol.java:904)
	at org.apache.tomcat.util.net.NioEndpoint$SocketProcessor.doRun(NioEndpoint.java:1741)
	at org.apache.tomcat.util.net.SocketProcessorBase.run(SocketProcessorBase.java:52)
	at org.apache.tomcat.util.threads.ThreadPoolExecutor.runWorker(ThreadPoolExecutor.java:1190)
	at org.apache.tomcat.util.threads.ThreadPoolExecutor$Worker.run(ThreadPoolExecutor.java:659)
	at org.apache.tomcat.util.threads.TaskThread$WrappingRunnable.run(TaskThread.java:63)
	at java.base/java.lang.Thread.run(Thread.java:833)
2024-08-13 04:57:28,094 DEBUG o.s.s.w.FilterChainProxy [http-nio-7777-exec-6] Securing GET /error
2024-08-13 04:57:28,117 DEBUG o.s.s.w.a.AnonymousAuthenticationFilter [http-nio-7777-exec-6] Set SecurityContextHolder to anonymous SecurityContext
2024-08-13 04:57:28,139 DEBUG o.s.s.w.a.Http403ForbiddenEntryPoint [http-nio-7777-exec-6] Pre-authenticated entry point called. Rejecting access
2024-08-13 04:58:23,896 DEBUG o.s.s.w.FilterChainProxy [http-nio-7777-exec-9] Securing OPTIONS /api/auth/login
2024-08-13 04:58:23,929 DEBUG o.s.s.w.FilterChainProxy [http-nio-7777-exec-9] Securing POST /api/auth/login
2024-08-13 04:58:24,052 DEBUG o.s.s.w.a.AnonymousAuthenticationFilter [http-nio-7777-exec-9] Set SecurityContextHolder to anonymous SecurityContext
2024-08-13 04:58:24,114 DEBUG o.s.s.w.FilterChainProxy [http-nio-7777-exec-9] Secured POST /api/auth/login
2024-08-13 04:58:27,567 DEBUG o.s.s.a.d.DaoAuthenticationProvider [http-nio-7777-exec-9] Failed to authenticate since password does not match stored value
2024-08-13 04:58:27,740 DEBUG o.s.s.w.a.Http403ForbiddenEntryPoint [http-nio-7777-exec-9] Pre-authenticated entry point called. Rejecting access
2024-08-13 04:58:27,756 DEBUG o.s.s.w.FilterChainProxy [http-nio-7777-exec-9] Securing POST /error
2024-08-13 04:58:27,756 DEBUG o.s.s.w.a.AnonymousAuthenticationFilter [http-nio-7777-exec-9] Set SecurityContextHolder to anonymous SecurityContext
2024-08-13 04:58:27,756 DEBUG o.s.s.w.a.Http403ForbiddenEntryPoint [http-nio-7777-exec-9] Pre-authenticated entry point called. Rejecting access
2024-08-13 04:58:32,593 DEBUG o.s.s.w.FilterChainProxy [http-nio-7777-exec-3] Securing OPTIONS /api/auth/login
2024-08-13 04:58:32,605 DEBUG o.s.s.w.FilterChainProxy [http-nio-7777-exec-1] Securing POST /api/auth/login
2024-08-13 04:58:32,605 DEBUG o.s.s.w.a.AnonymousAuthenticationFilter [http-nio-7777-exec-1] Set SecurityContextHolder to anonymous SecurityContext
2024-08-13 04:58:32,621 DEBUG o.s.s.w.FilterChainProxy [http-nio-7777-exec-1] Secured POST /api/auth/login
2024-08-13 04:58:32,845 DEBUG o.s.s.a.d.DaoAuthenticationProvider [http-nio-7777-exec-1] Failed to authenticate since password does not match stored value
2024-08-13 04:58:32,861 DEBUG o.s.s.w.a.Http403ForbiddenEntryPoint [http-nio-7777-exec-1] Pre-authenticated entry point called. Rejecting access
2024-08-13 04:58:32,861 DEBUG o.s.s.w.FilterChainProxy [http-nio-7777-exec-1] Securing POST /error
2024-08-13 04:58:32,861 DEBUG o.s.s.w.a.AnonymousAuthenticationFilter [http-nio-7777-exec-1] Set SecurityContextHolder to anonymous SecurityContext
2024-08-13 04:58:32,876 DEBUG o.s.s.w.a.Http403ForbiddenEntryPoint [http-nio-7777-exec-1] Pre-authenticated entry point called. Rejecting access
2024-08-13 04:59:28,152 DEBUG o.s.s.w.FilterChainProxy [http-nio-7777-exec-4] Securing GET /api/users/email/shaikhaniscoder07@gmail.com
2024-08-13 04:59:28,272 DEBUG o.s.s.w.a.AnonymousAuthenticationFilter [http-nio-7777-exec-4] Set SecurityContextHolder to anonymous SecurityContext
2024-08-13 04:59:28,321 DEBUG o.s.s.w.a.Http403ForbiddenEntryPoint [http-nio-7777-exec-4] Pre-authenticated entry point called. Rejecting access
2024-08-13 04:59:28,344 DEBUG o.s.s.w.FilterChainProxy [http-nio-7777-exec-4] Securing GET /error
2024-08-13 04:59:28,362 DEBUG o.s.s.w.a.AnonymousAuthenticationFilter [http-nio-7777-exec-4] Set SecurityContextHolder to anonymous SecurityContext
2024-08-13 04:59:28,362 DEBUG o.s.s.w.a.Http403ForbiddenEntryPoint [http-nio-7777-exec-4] Pre-authenticated entry point called. Rejecting access
2024-08-13 04:59:28,462 DEBUG o.s.s.w.FilterChainProxy [http-nio-7777-exec-8] Securing GET /api/users/email/shaikhaniscoder07@gmail.com
2024-08-13 04:59:28,502 DEBUG o.s.s.w.a.AnonymousAuthenticationFilter [http-nio-7777-exec-8] Set SecurityContextHolder to anonymous SecurityContext
2024-08-13 04:59:28,526 DEBUG o.s.s.w.a.Http403ForbiddenEntryPoint [http-nio-7777-exec-8] Pre-authenticated entry point called. Rejecting access
2024-08-13 04:59:28,560 DEBUG o.s.s.w.FilterChainProxy [http-nio-7777-exec-8] Securing GET /error
2024-08-13 04:59:28,710 DEBUG o.s.s.w.a.AnonymousAuthenticationFilter [http-nio-7777-exec-8] Set SecurityContextHolder to anonymous SecurityContext
2024-08-13 04:59:28,710 DEBUG o.s.s.w.a.Http403ForbiddenEntryPoint [http-nio-7777-exec-8] Pre-authenticated entry point called. Rejecting access
2024-08-13 04:59:31,719 DEBUG o.s.s.w.FilterChainProxy [http-nio-7777-exec-5] Securing GET /api/users/email/shaikhaniscoder07@gmail.com
2024-08-13 04:59:31,727 DEBUG o.s.s.w.a.AnonymousAuthenticationFilter [http-nio-7777-exec-5] Set SecurityContextHolder to anonymous SecurityContext
2024-08-13 04:59:31,735 DEBUG o.s.s.w.a.Http403ForbiddenEntryPoint [http-nio-7777-exec-5] Pre-authenticated entry point called. Rejecting access
2024-08-13 04:59:31,752 DEBUG o.s.s.w.FilterChainProxy [http-nio-7777-exec-5] Securing GET /error
2024-08-13 04:59:31,752 DEBUG o.s.s.w.a.AnonymousAuthenticationFilter [http-nio-7777-exec-5] Set SecurityContextHolder to anonymous SecurityContext
2024-08-13 04:59:31,752 DEBUG o.s.s.w.a.Http403ForbiddenEntryPoint [http-nio-7777-exec-5] Pre-authenticated entry point called. Rejecting access
2024-08-13 04:59:31,796 DEBUG o.s.s.w.FilterChainProxy [http-nio-7777-exec-7] Securing GET /api/users/email/shaikhaniscoder07@gmail.com
2024-08-13 04:59:31,819 DEBUG o.s.s.w.a.AnonymousAuthenticationFilter [http-nio-7777-exec-7] Set SecurityContextHolder to anonymous SecurityContext
2024-08-13 04:59:31,867 DEBUG o.s.s.w.a.Http403ForbiddenEntryPoint [http-nio-7777-exec-7] Pre-authenticated entry point called. Rejecting access
2024-08-13 04:59:31,916 DEBUG o.s.s.w.FilterChainProxy [http-nio-7777-exec-7] Securing GET /error
2024-08-13 04:59:31,932 DEBUG o.s.s.w.a.AnonymousAuthenticationFilter [http-nio-7777-exec-7] Set SecurityContextHolder to anonymous SecurityContext
2024-08-13 04:59:31,965 DEBUG o.s.s.w.a.Http403ForbiddenEntryPoint [http-nio-7777-exec-7] Pre-authenticated entry point called. Rejecting access
2024-08-13 04:59:48,090 DEBUG o.s.s.w.FilterChainProxy [http-nio-7777-exec-10] Securing OPTIONS /api/auth/login
2024-08-13 04:59:48,106 DEBUG o.s.s.w.FilterChainProxy [http-nio-7777-exec-3] Securing POST /api/auth/login
2024-08-13 04:59:48,109 DEBUG o.s.s.w.a.AnonymousAuthenticationFilter [http-nio-7777-exec-3] Set SecurityContextHolder to anonymous SecurityContext
2024-08-13 04:59:48,122 DEBUG o.s.s.w.FilterChainProxy [http-nio-7777-exec-3] Secured POST /api/auth/login
2024-08-13 04:59:48,590 DEBUG o.s.s.a.d.DaoAuthenticationProvider [http-nio-7777-exec-3] Failed to authenticate since password does not match stored value
2024-08-13 04:59:48,606 DEBUG o.s.s.w.a.Http403ForbiddenEntryPoint [http-nio-7777-exec-3] Pre-authenticated entry point called. Rejecting access
2024-08-13 04:59:48,606 DEBUG o.s.s.w.FilterChainProxy [http-nio-7777-exec-3] Securing POST /error
2024-08-13 04:59:48,622 DEBUG o.s.s.w.a.AnonymousAuthenticationFilter [http-nio-7777-exec-3] Set SecurityContextHolder to anonymous SecurityContext
2024-08-13 04:59:48,622 DEBUG o.s.s.w.a.Http403ForbiddenEntryPoint [http-nio-7777-exec-3] Pre-authenticated entry point called. Rejecting access
2024-08-13 04:59:54,132 DEBUG o.s.s.w.FilterChainProxy [http-nio-7777-exec-2] Securing OPTIONS /api/auth/login
2024-08-13 04:59:54,146 DEBUG o.s.s.w.FilterChainProxy [http-nio-7777-exec-4] Securing POST /api/auth/login
2024-08-13 04:59:54,146 DEBUG o.s.s.w.a.AnonymousAuthenticationFilter [http-nio-7777-exec-4] Set SecurityContextHolder to anonymous SecurityContext
2024-08-13 04:59:54,156 DEBUG o.s.s.w.FilterChainProxy [http-nio-7777-exec-4] Secured POST /api/auth/login
2024-08-13 04:59:54,359 DEBUG o.s.s.a.d.DaoAuthenticationProvider [http-nio-7777-exec-4] Failed to authenticate since password does not match stored value
2024-08-13 04:59:54,375 DEBUG o.s.s.w.a.Http403ForbiddenEntryPoint [http-nio-7777-exec-4] Pre-authenticated entry point called. Rejecting access
2024-08-13 04:59:54,390 DEBUG o.s.s.w.FilterChainProxy [http-nio-7777-exec-4] Securing POST /error
2024-08-13 04:59:54,390 DEBUG o.s.s.w.a.AnonymousAuthenticationFilter [http-nio-7777-exec-4] Set SecurityContextHolder to anonymous SecurityContext
2024-08-13 04:59:54,390 DEBUG o.s.s.w.a.Http403ForbiddenEntryPoint [http-nio-7777-exec-4] Pre-authenticated entry point called. Rejecting access
2024-08-13 04:59:57,542 DEBUG o.s.s.w.FilterChainProxy [http-nio-7777-exec-8] Securing POST /api/auth/login
2024-08-13 04:59:57,550 DEBUG o.s.s.w.a.AnonymousAuthenticationFilter [http-nio-7777-exec-8] Set SecurityContextHolder to anonymous SecurityContext
2024-08-13 04:59:57,550 DEBUG o.s.s.w.FilterChainProxy [http-nio-7777-exec-8] Secured POST /api/auth/login
2024-08-13 04:59:57,740 DEBUG o.s.s.a.d.DaoAuthenticationProvider [http-nio-7777-exec-8] Failed to authenticate since password does not match stored value
2024-08-13 04:59:57,756 DEBUG o.s.s.w.a.Http403ForbiddenEntryPoint [http-nio-7777-exec-8] Pre-authenticated entry point called. Rejecting access
2024-08-13 04:59:57,756 DEBUG o.s.s.w.FilterChainProxy [http-nio-7777-exec-8] Securing POST /error
2024-08-13 04:59:57,771 DEBUG o.s.s.w.a.AnonymousAuthenticationFilter [http-nio-7777-exec-8] Set SecurityContextHolder to anonymous SecurityContext
2024-08-13 04:59:57,776 DEBUG o.s.s.w.a.Http403ForbiddenEntryPoint [http-nio-7777-exec-8] Pre-authenticated entry point called. Rejecting access
2024-08-13 04:59:58,867 DEBUG o.s.s.w.FilterChainProxy [http-nio-7777-exec-6] Securing POST /api/auth/login
2024-08-13 04:59:58,871 DEBUG o.s.s.w.a.AnonymousAuthenticationFilter [http-nio-7777-exec-6] Set SecurityContextHolder to anonymous SecurityContext
2024-08-13 04:59:58,871 DEBUG o.s.s.w.FilterChainProxy [http-nio-7777-exec-6] Secured POST /api/auth/login
2024-08-13 04:59:59,076 DEBUG o.s.s.a.d.DaoAuthenticationProvider [http-nio-7777-exec-6] Failed to authenticate since password does not match stored value
2024-08-13 04:59:59,076 DEBUG o.s.s.w.a.Http403ForbiddenEntryPoint [http-nio-7777-exec-6] Pre-authenticated entry point called. Rejecting access
2024-08-13 04:59:59,076 DEBUG o.s.s.w.FilterChainProxy [http-nio-7777-exec-6] Securing POST /error
2024-08-13 04:59:59,094 DEBUG o.s.s.w.a.AnonymousAuthenticationFilter [http-nio-7777-exec-6] Set SecurityContextHolder to anonymous SecurityContext
2024-08-13 04:59:59,094 DEBUG o.s.s.w.a.Http403ForbiddenEntryPoint [http-nio-7777-exec-6] Pre-authenticated entry point called. Rejecting access
2024-08-13 05:00:00,174 DEBUG o.s.s.w.FilterChainProxy [http-nio-7777-exec-5] Securing OPTIONS /api/auth/login
2024-08-13 05:00:00,193 DEBUG o.s.s.w.FilterChainProxy [http-nio-7777-exec-7] Securing POST /api/auth/login
2024-08-13 05:00:00,196 DEBUG o.s.s.w.a.AnonymousAuthenticationFilter [http-nio-7777-exec-7] Set SecurityContextHolder to anonymous SecurityContext
2024-08-13 05:00:00,196 DEBUG o.s.s.w.FilterChainProxy [http-nio-7777-exec-7] Secured POST /api/auth/login
2024-08-13 05:00:00,364 DEBUG o.s.s.a.d.DaoAuthenticationProvider [http-nio-7777-exec-7] Failed to authenticate since password does not match stored value
2024-08-13 05:00:00,364 DEBUG o.s.s.w.a.Http403ForbiddenEntryPoint [http-nio-7777-exec-7] Pre-authenticated entry point called. Rejecting access
2024-08-13 05:00:00,364 DEBUG o.s.s.w.FilterChainProxy [http-nio-7777-exec-7] Securing POST /error
2024-08-13 05:00:00,380 DEBUG o.s.s.w.a.AnonymousAuthenticationFilter [http-nio-7777-exec-7] Set SecurityContextHolder to anonymous SecurityContext
2024-08-13 05:00:00,382 DEBUG o.s.s.w.a.Http403ForbiddenEntryPoint [http-nio-7777-exec-7] Pre-authenticated entry point called. Rejecting access
2024-08-13 05:00:03,509 DEBUG o.s.s.w.FilterChainProxy [http-nio-7777-exec-10] Securing POST /api/auth/login
2024-08-13 05:00:03,522 DEBUG o.s.s.w.a.AnonymousAuthenticationFilter [http-nio-7777-exec-10] Set SecurityContextHolder to anonymous SecurityContext
2024-08-13 05:00:03,530 DEBUG o.s.s.w.FilterChainProxy [http-nio-7777-exec-10] Secured POST /api/auth/login
2024-08-13 05:00:03,956 DEBUG o.s.s.a.d.DaoAuthenticationProvider [http-nio-7777-exec-10] Failed to authenticate since password does not match stored value
2024-08-13 05:00:03,972 DEBUG o.s.s.w.a.Http403ForbiddenEntryPoint [http-nio-7777-exec-10] Pre-authenticated entry point called. Rejecting access
2024-08-13 05:00:03,978 DEBUG o.s.s.w.FilterChainProxy [http-nio-7777-exec-10] Securing POST /error
2024-08-13 05:00:03,981 DEBUG o.s.s.w.a.AnonymousAuthenticationFilter [http-nio-7777-exec-10] Set SecurityContextHolder to anonymous SecurityContext
2024-08-13 05:00:03,981 DEBUG o.s.s.w.a.Http403ForbiddenEntryPoint [http-nio-7777-exec-10] Pre-authenticated entry point called. Rejecting access
2024-08-13 05:00:04,742 DEBUG o.s.s.w.FilterChainProxy [http-nio-7777-exec-3] Securing POST /api/auth/login
2024-08-13 05:00:04,748 DEBUG o.s.s.w.a.AnonymousAuthenticationFilter [http-nio-7777-exec-3] Set SecurityContextHolder to anonymous SecurityContext
2024-08-13 05:00:04,756 DEBUG o.s.s.w.FilterChainProxy [http-nio-7777-exec-3] Secured POST /api/auth/login
2024-08-13 05:00:04,993 DEBUG o.s.s.a.d.DaoAuthenticationProvider [http-nio-7777-exec-3] Failed to authenticate since password does not match stored value
2024-08-13 05:00:04,993 DEBUG o.s.s.w.a.Http403ForbiddenEntryPoint [http-nio-7777-exec-3] Pre-authenticated entry point called. Rejecting access
2024-08-13 05:00:05,008 DEBUG o.s.s.w.FilterChainProxy [http-nio-7777-exec-3] Securing POST /error
2024-08-13 05:00:05,024 DEBUG o.s.s.w.a.AnonymousAuthenticationFilter [http-nio-7777-exec-3] Set SecurityContextHolder to anonymous SecurityContext
2024-08-13 05:00:05,024 DEBUG o.s.s.w.a.Http403ForbiddenEntryPoint [http-nio-7777-exec-3] Pre-authenticated entry point called. Rejecting access
2024-08-13 05:00:08,737 DEBUG o.s.s.w.FilterChainProxy [http-nio-7777-exec-1] Securing OPTIONS /api/auth/login
2024-08-13 05:00:08,742 DEBUG o.s.s.w.FilterChainProxy [http-nio-7777-exec-2] Securing POST /api/auth/login
2024-08-13 05:00:08,748 DEBUG o.s.s.w.a.AnonymousAuthenticationFilter [http-nio-7777-exec-2] Set SecurityContextHolder to anonymous SecurityContext
2024-08-13 05:00:08,748 DEBUG o.s.s.w.FilterChainProxy [http-nio-7777-exec-2] Secured POST /api/auth/login
2024-08-13 05:00:08,928 DEBUG o.s.s.a.d.DaoAuthenticationProvider [http-nio-7777-exec-2] Failed to authenticate since password does not match stored value
2024-08-13 05:00:08,928 DEBUG o.s.s.w.a.Http403ForbiddenEntryPoint [http-nio-7777-exec-2] Pre-authenticated entry point called. Rejecting access
2024-08-13 05:00:08,928 DEBUG o.s.s.w.FilterChainProxy [http-nio-7777-exec-2] Securing POST /error
2024-08-13 05:00:08,928 DEBUG o.s.s.w.a.AnonymousAuthenticationFilter [http-nio-7777-exec-2] Set SecurityContextHolder to anonymous SecurityContext
2024-08-13 05:00:08,940 DEBUG o.s.s.w.a.Http403ForbiddenEntryPoint [http-nio-7777-exec-2] Pre-authenticated entry point called. Rejecting access
2024-08-13 05:00:12,911 INFO o.s.o.j.AbstractEntityManagerFactoryBean [SpringApplicationShutdownHook] Closing JPA EntityManagerFactory for persistence unit 'default'
2024-08-13 05:00:13,005 INFO c.z.h.HikariDataSource [SpringApplicationShutdownHook] HikariPool-1 - Shutdown initiated...
2024-08-13 05:00:13,096 INFO c.z.h.HikariDataSource [SpringApplicationShutdownHook] HikariPool-1 - Shutdown completed.
2024-08-13 05:00:22,312 INFO o.s.b.StartupInfoLogger [restartedMain] Starting QuizspringApplication using Java 17.0.7 with PID 9184 (C:\Users\johnb\Desktop\Security-template\Spring-Security-Template-V4\target\classes started by johnb in C:\Users\johnb\Desktop\Security-template\Spring-Security-Template-V4)
2024-08-13 05:00:22,329 INFO o.s.b.SpringApplication [restartedMain] No active profile set, falling back to 1 default profile: "default"
2024-08-13 05:00:22,593 INFO o.s.b.l.DeferredLog [restartedMain] Devtools property defaults active! Set 'spring.devtools.add-properties' to 'false' to disable
2024-08-13 05:00:22,593 INFO o.s.b.l.DeferredLog [restartedMain] For additional web related logging consider setting the 'logging.level.web' property to 'DEBUG'
2024-08-13 05:00:26,402 INFO o.s.d.r.c.RepositoryConfigurationDelegate [restartedMain] Bootstrapping Spring Data JPA repositories in DEFAULT mode.
2024-08-13 05:00:26,717 INFO o.s.d.r.c.RepositoryConfigurationDelegate [restartedMain] Finished Spring Data repository scanning in 267 ms. Found 5 JPA repository interfaces.
2024-08-13 05:00:30,010 INFO o.s.b.w.e.t.TomcatWebServer [restartedMain] Tomcat initialized with port 7777 (http)
2024-08-13 05:00:30,066 INFO o.a.j.l.DirectJDKLog [restartedMain] Initializing ProtocolHandler ["http-nio-7777"]
2024-08-13 05:00:30,101 INFO o.a.j.l.DirectJDKLog [restartedMain] Starting service [Tomcat]
2024-08-13 05:00:30,101 INFO o.a.j.l.DirectJDKLog [restartedMain] Starting Servlet engine: [Apache Tomcat/10.1.26]
2024-08-13 05:00:30,405 INFO o.a.j.l.DirectJDKLog [restartedMain] Initializing Spring embedded WebApplicationContext
2024-08-13 05:00:30,420 INFO o.s.b.w.s.c.ServletWebServerApplicationContext [restartedMain] Root WebApplicationContext: initialization completed in 7827 ms
2024-08-13 05:00:31,357 INFO o.h.j.i.u.LogHelper [restartedMain] HHH000204: Processing PersistenceUnitInfo [name: default]
2024-08-13 05:00:31,873 INFO o.h.Version [restartedMain] HHH000412: Hibernate ORM core version 6.5.2.Final
2024-08-13 05:00:32,060 INFO o.h.c.i.RegionFactoryInitiator [restartedMain] HHH000026: Second-level cache disabled
2024-08-13 05:00:33,996 INFO o.s.o.j.p.SpringPersistenceUnitInfo [restartedMain] No LoadTimeWeaver setup: ignoring JPA class transformer
2024-08-13 05:00:34,133 INFO c.z.h.HikariDataSource [restartedMain] HikariPool-1 - Starting...
2024-08-13 05:00:35,230 INFO c.z.h.p.HikariPool [restartedMain] HikariPool-1 - Added connection com.mysql.cj.jdbc.ConnectionImpl@6ce536bb
2024-08-13 05:00:35,246 INFO c.z.h.HikariDataSource [restartedMain] HikariPool-1 - Start completed.
2024-08-13 05:00:35,498 WARN o.h.e.j.d.i.DialectFactoryImpl [restartedMain] HHH90000025: MySQLDialect does not need to be specified explicitly using 'hibernate.dialect' (remove the property setting and it will be selected by default)
2024-08-13 05:00:38,867 INFO o.h.e.t.j.p.i.JtaPlatformInitiator [restartedMain] HHH000489: No JTA platform available (set 'hibernate.transaction.jta.platform' to enable JTA platform integration)
2024-08-13 05:00:39,226 INFO o.s.o.j.AbstractEntityManagerFactoryBean [restartedMain] Initialized JPA EntityManagerFactory for persistence unit 'default'
2024-08-13 05:00:40,643 INFO o.s.s.c.a.a.c.InitializeUserDetailsBeanManagerConfigurer$InitializeUserDetailsManagerConfigurer [restartedMain] Global AuthenticationManager configured with UserDetailsService bean with name userDetailsService
2024-08-13 05:00:41,676 WARN o.s.b.a.o.j.JpaBaseConfiguration$JpaWebConfiguration [restartedMain] spring.jpa.open-in-view is enabled by default. Therefore, database queries may be performed during view rendering. Explicitly configure spring.jpa.open-in-view to disable this warning
2024-08-13 05:00:45,134 DEBUG o.s.s.w.DefaultSecurityFilterChain [restartedMain] Will secure any request with filters: DisableEncodeUrlFilter, WebAsyncManagerIntegrationFilter, SecurityContextHolderFilter, HeaderWriterFilter, CorsFilter, LogoutFilter, JwtAuthenticationFilter, RequestCacheAwareFilter, SecurityContextHolderAwareRequestFilter, AnonymousAuthenticationFilter, SessionManagementFilter, ExceptionTranslationFilter, AuthorizationFilter
2024-08-13 05:00:46,800 INFO o.s.b.d.a.OptionalLiveReloadServer [restartedMain] LiveReload server is running on port 35729
2024-08-13 05:00:46,948 INFO o.a.j.l.DirectJDKLog [restartedMain] Starting ProtocolHandler ["http-nio-7777"]
2024-08-13 05:00:47,314 INFO o.s.b.w.e.t.TomcatWebServer [restartedMain] Tomcat started on port 7777 (http) with context path '/'
2024-08-13 05:00:47,447 INFO o.s.b.StartupInfoLogger [restartedMain] Started QuizspringApplication in 27.052 seconds (process running for 29.465)
2024-08-13 05:00:50,252 INFO o.a.j.l.DirectJDKLog [http-nio-7777-exec-1] Initializing Spring DispatcherServlet 'dispatcherServlet'
2024-08-13 05:00:50,252 INFO o.s.w.s.FrameworkServlet [http-nio-7777-exec-1] Initializing Servlet 'dispatcherServlet'
2024-08-13 05:00:50,252 INFO o.s.w.s.FrameworkServlet [http-nio-7777-exec-1] Completed initialization in 0 ms
2024-08-13 05:00:50,349 DEBUG o.s.s.w.FilterChainProxy [http-nio-7777-exec-1] Securing OPTIONS /api/auth/login
2024-08-13 05:00:50,398 DEBUG o.s.s.w.FilterChainProxy [http-nio-7777-exec-2] Securing POST /api/auth/login
2024-08-13 05:00:50,413 DEBUG o.s.s.w.a.AnonymousAuthenticationFilter [http-nio-7777-exec-2] Set SecurityContextHolder to anonymous SecurityContext
2024-08-13 05:00:50,426 DEBUG o.s.s.w.FilterChainProxy [http-nio-7777-exec-2] Secured POST /api/auth/login
2024-08-13 05:00:51,457 DEBUG o.s.s.a.d.DaoAuthenticationProvider [http-nio-7777-exec-2] Failed to authenticate since password does not match stored value
2024-08-13 05:00:51,481 DEBUG o.s.s.w.a.Http403ForbiddenEntryPoint [http-nio-7777-exec-2] Pre-authenticated entry point called. Rejecting access
2024-08-13 05:00:51,513 DEBUG o.s.s.w.FilterChainProxy [http-nio-7777-exec-2] Securing POST /error
2024-08-13 05:00:51,521 DEBUG o.s.s.w.a.AnonymousAuthenticationFilter [http-nio-7777-exec-2] Set SecurityContextHolder to anonymous SecurityContext
2024-08-13 05:00:51,521 DEBUG o.s.s.w.a.Http403ForbiddenEntryPoint [http-nio-7777-exec-2] Pre-authenticated entry point called. Rejecting access
2024-08-13 05:01:01,220 DEBUG o.s.s.w.FilterChainProxy [http-nio-7777-exec-4] Securing GET /api/users/email/shaikhaniscoder07@gmail.com
2024-08-13 05:01:01,230 DEBUG o.s.s.w.a.AnonymousAuthenticationFilter [http-nio-7777-exec-4] Set SecurityContextHolder to anonymous SecurityContext
2024-08-13 05:01:01,235 DEBUG o.s.s.w.a.Http403ForbiddenEntryPoint [http-nio-7777-exec-4] Pre-authenticated entry point called. Rejecting access
2024-08-13 05:01:01,241 DEBUG o.s.s.w.FilterChainProxy [http-nio-7777-exec-4] Securing GET /error
2024-08-13 05:01:01,246 DEBUG o.s.s.w.a.AnonymousAuthenticationFilter [http-nio-7777-exec-4] Set SecurityContextHolder to anonymous SecurityContext
2024-08-13 05:01:01,246 DEBUG o.s.s.w.a.Http403ForbiddenEntryPoint [http-nio-7777-exec-4] Pre-authenticated entry point called. Rejecting access
2024-08-13 05:01:01,264 DEBUG o.s.s.w.FilterChainProxy [http-nio-7777-exec-5] Securing GET /api/users/email/shaikhaniscoder07@gmail.com
2024-08-13 05:01:01,283 DEBUG o.s.s.w.a.AnonymousAuthenticationFilter [http-nio-7777-exec-5] Set SecurityContextHolder to anonymous SecurityContext
2024-08-13 05:01:01,300 DEBUG o.s.s.w.a.Http403ForbiddenEntryPoint [http-nio-7777-exec-5] Pre-authenticated entry point called. Rejecting access
2024-08-13 05:01:01,315 DEBUG o.s.s.w.FilterChainProxy [http-nio-7777-exec-5] Securing GET /error
2024-08-13 05:01:01,315 DEBUG o.s.s.w.a.AnonymousAuthenticationFilter [http-nio-7777-exec-5] Set SecurityContextHolder to anonymous SecurityContext
2024-08-13 05:01:01,329 DEBUG o.s.s.w.a.Http403ForbiddenEntryPoint [http-nio-7777-exec-5] Pre-authenticated entry point called. Rejecting access
2024-08-13 05:01:05,822 DEBUG o.s.s.w.FilterChainProxy [http-nio-7777-exec-7] Securing GET /api/users/email/shaikhaniscoder07@gmail.com
2024-08-13 05:01:05,822 DEBUG o.s.s.w.a.AnonymousAuthenticationFilter [http-nio-7777-exec-7] Set SecurityContextHolder to anonymous SecurityContext
2024-08-13 05:01:05,830 DEBUG o.s.s.w.a.Http403ForbiddenEntryPoint [http-nio-7777-exec-7] Pre-authenticated entry point called. Rejecting access
2024-08-13 05:01:05,830 DEBUG o.s.s.w.FilterChainProxy [http-nio-7777-exec-7] Securing GET /error
2024-08-13 05:01:05,838 DEBUG o.s.s.w.a.AnonymousAuthenticationFilter [http-nio-7777-exec-7] Set SecurityContextHolder to anonymous SecurityContext
2024-08-13 05:01:05,843 DEBUG o.s.s.w.a.Http403ForbiddenEntryPoint [http-nio-7777-exec-7] Pre-authenticated entry point called. Rejecting access
2024-08-13 05:01:05,886 DEBUG o.s.s.w.FilterChainProxy [http-nio-7777-exec-7] Securing GET /api/users/email/shaikhaniscoder07@gmail.com
2024-08-13 05:01:05,934 DEBUG o.s.s.w.a.AnonymousAuthenticationFilter [http-nio-7777-exec-7] Set SecurityContextHolder to anonymous SecurityContext
2024-08-13 05:01:05,934 DEBUG o.s.s.w.a.Http403ForbiddenEntryPoint [http-nio-7777-exec-7] Pre-authenticated entry point called. Rejecting access
2024-08-13 05:01:05,950 DEBUG o.s.s.w.FilterChainProxy [http-nio-7777-exec-7] Securing GET /error
2024-08-13 05:01:05,966 DEBUG o.s.s.w.a.AnonymousAuthenticationFilter [http-nio-7777-exec-7] Set SecurityContextHolder to anonymous SecurityContext
2024-08-13 05:01:05,966 DEBUG o.s.s.w.a.Http403ForbiddenEntryPoint [http-nio-7777-exec-7] Pre-authenticated entry point called. Rejecting access
2024-08-13 05:01:13,793 DEBUG o.s.s.w.FilterChainProxy [http-nio-7777-exec-9] Securing OPTIONS /api/auth/login
2024-08-13 05:01:13,806 DEBUG o.s.s.w.FilterChainProxy [http-nio-7777-exec-9] Securing POST /api/auth/login
2024-08-13 05:01:13,814 DEBUG o.s.s.w.a.AnonymousAuthenticationFilter [http-nio-7777-exec-9] Set SecurityContextHolder to anonymous SecurityContext
2024-08-13 05:01:13,814 DEBUG o.s.s.w.FilterChainProxy [http-nio-7777-exec-9] Secured POST /api/auth/login
2024-08-13 05:01:13,994 DEBUG o.s.s.a.d.AbstractUserDetailsAuthenticationProvider [http-nio-7777-exec-9] Authenticated user
2024-08-13 05:01:17,499 DEBUG o.s.s.w.FilterChainProxy [http-nio-7777-exec-1] Securing OPTIONS /api/users/email/shaikhaniscoder07@gmail.com
2024-08-13 05:01:17,535 DEBUG o.s.s.w.FilterChainProxy [http-nio-7777-exec-2] Securing OPTIONS /api/users/email/shaikhaniscoder07@gmail.com
2024-08-13 05:01:17,535 DEBUG o.s.s.w.FilterChainProxy [http-nio-7777-exec-1] Securing GET /api/users/email/shaikhaniscoder07@gmail.com
2024-08-13 05:01:17,883 DEBUG o.s.s.w.FilterChainProxy [http-nio-7777-exec-1] Secured GET /api/users/email/shaikhaniscoder07@gmail.com
2024-08-13 05:01:18,111 DEBUG o.s.s.w.FilterChainProxy [http-nio-7777-exec-1] Securing GET /api/users/email/shaikhaniscoder07@gmail.com
2024-08-13 05:01:18,401 DEBUG o.s.s.w.FilterChainProxy [http-nio-7777-exec-1] Secured GET /api/users/email/shaikhaniscoder07@gmail.com
2024-08-13 05:01:44,609 DEBUG o.s.s.w.FilterChainProxy [http-nio-7777-exec-6] Securing OPTIONS /api/users/email/shaikhaniscoder07@gmail.com
2024-08-13 05:01:44,609 DEBUG o.s.s.w.FilterChainProxy [http-nio-7777-exec-7] Securing OPTIONS /api/users/email/shaikhaniscoder07@gmail.com
2024-08-13 05:01:44,677 DEBUG o.s.s.w.FilterChainProxy [http-nio-7777-exec-8] Securing GET /api/users/email/shaikhaniscoder07@gmail.com
2024-08-13 05:01:44,768 DEBUG o.s.s.w.FilterChainProxy [http-nio-7777-exec-8] Secured GET /api/users/email/shaikhaniscoder07@gmail.com
2024-08-13 05:01:44,865 DEBUG o.s.s.w.FilterChainProxy [http-nio-7777-exec-10] Securing GET /api/users/email/shaikhaniscoder07@gmail.com
2024-08-13 05:01:44,937 DEBUG o.s.s.w.FilterChainProxy [http-nio-7777-exec-10] Secured GET /api/users/email/shaikhaniscoder07@gmail.com
2024-08-13 05:02:10,210 DEBUG o.s.s.w.FilterChainProxy [http-nio-7777-exec-3] Securing GET /api/users/email/shaikhaniscoder07@gmail.com
2024-08-13 05:02:10,216 DEBUG o.s.s.w.a.AnonymousAuthenticationFilter [http-nio-7777-exec-3] Set SecurityContextHolder to anonymous SecurityContext
2024-08-13 05:02:10,229 DEBUG o.s.s.w.a.Http403ForbiddenEntryPoint [http-nio-7777-exec-3] Pre-authenticated entry point called. Rejecting access
2024-08-13 05:02:10,305 DEBUG o.s.s.w.FilterChainProxy [http-nio-7777-exec-3] Securing GET /error
2024-08-13 05:02:10,313 DEBUG o.s.s.w.a.AnonymousAuthenticationFilter [http-nio-7777-exec-3] Set SecurityContextHolder to anonymous SecurityContext
2024-08-13 05:02:10,364 DEBUG o.s.s.w.a.Http403ForbiddenEntryPoint [http-nio-7777-exec-3] Pre-authenticated entry point called. Rejecting access
2024-08-13 05:02:10,531 DEBUG o.s.s.w.FilterChainProxy [http-nio-7777-exec-1] Securing GET /api/users/email/shaikhaniscoder07@gmail.com
2024-08-13 05:02:10,550 DEBUG o.s.s.w.a.AnonymousAuthenticationFilter [http-nio-7777-exec-1] Set SecurityContextHolder to anonymous SecurityContext
2024-08-13 05:02:10,566 DEBUG o.s.s.w.a.Http403ForbiddenEntryPoint [http-nio-7777-exec-1] Pre-authenticated entry point called. Rejecting access
2024-08-13 05:02:10,598 DEBUG o.s.s.w.FilterChainProxy [http-nio-7777-exec-1] Securing GET /error
2024-08-13 05:02:10,609 DEBUG o.s.s.w.a.AnonymousAuthenticationFilter [http-nio-7777-exec-1] Set SecurityContextHolder to anonymous SecurityContext
2024-08-13 05:02:10,622 DEBUG o.s.s.w.a.Http403ForbiddenEntryPoint [http-nio-7777-exec-1] Pre-authenticated entry point called. Rejecting access
2024-08-13 05:02:26,027 DEBUG o.s.s.w.FilterChainProxy [http-nio-7777-exec-4] Securing OPTIONS /api/auth/login
2024-08-13 05:02:26,051 DEBUG o.s.s.w.FilterChainProxy [http-nio-7777-exec-6] Securing POST /api/auth/login
2024-08-13 05:02:26,051 DEBUG o.s.s.w.a.AnonymousAuthenticationFilter [http-nio-7777-exec-6] Set SecurityContextHolder to anonymous SecurityContext
2024-08-13 05:02:26,060 DEBUG o.s.s.w.FilterChainProxy [http-nio-7777-exec-6] Secured POST /api/auth/login
2024-08-13 05:02:26,224 DEBUG o.s.s.a.d.AbstractUserDetailsAuthenticationProvider [http-nio-7777-exec-6] Authenticated user
2024-08-13 05:04:02,485 DEBUG o.s.s.w.FilterChainProxy [http-nio-7777-exec-8] Securing GET /swagger-ui/index.html
2024-08-13 05:04:02,626 DEBUG o.s.s.w.a.AnonymousAuthenticationFilter [http-nio-7777-exec-8] Set SecurityContextHolder to anonymous SecurityContext
2024-08-13 05:04:02,666 DEBUG o.s.s.w.FilterChainProxy [http-nio-7777-exec-8] Secured GET /swagger-ui/index.html
2024-08-13 05:04:03,421 DEBUG o.s.s.w.FilterChainProxy [http-nio-7777-exec-2] Securing GET /swagger-ui/swagger-ui.css
2024-08-13 05:04:03,436 DEBUG o.s.s.w.a.AnonymousAuthenticationFilter [http-nio-7777-exec-2] Set SecurityContextHolder to anonymous SecurityContext
2024-08-13 05:04:03,491 DEBUG o.s.s.w.FilterChainProxy [http-nio-7777-exec-9] Securing GET /swagger-ui/swagger-ui-standalone-preset.js
2024-08-13 05:04:03,499 DEBUG o.s.s.w.FilterChainProxy [http-nio-7777-exec-2] Secured GET /swagger-ui/swagger-ui.css
2024-08-13 05:04:03,500 DEBUG o.s.s.w.a.AnonymousAuthenticationFilter [http-nio-7777-exec-9] Set SecurityContextHolder to anonymous SecurityContext
2024-08-13 05:04:03,507 DEBUG o.s.s.w.FilterChainProxy [http-nio-7777-exec-9] Secured GET /swagger-ui/swagger-ui-standalone-preset.js
2024-08-13 05:04:03,523 DEBUG o.s.s.w.FilterChainProxy [http-nio-7777-exec-3] Securing GET /swagger-ui/swagger-ui-bundle.js
2024-08-13 05:04:03,547 DEBUG o.s.s.w.a.AnonymousAuthenticationFilter [http-nio-7777-exec-3] Set SecurityContextHolder to anonymous SecurityContext
2024-08-13 05:04:03,587 DEBUG o.s.s.w.FilterChainProxy [http-nio-7777-exec-5] Securing GET /swagger-ui/swagger-initializer.js
2024-08-13 05:04:03,595 DEBUG o.s.s.w.FilterChainProxy [http-nio-7777-exec-1] Securing GET /swagger-ui/index.css
2024-08-13 05:04:03,595 DEBUG o.s.s.w.a.AnonymousAuthenticationFilter [http-nio-7777-exec-5] Set SecurityContextHolder to anonymous SecurityContext
2024-08-13 05:04:03,595 DEBUG o.s.s.w.a.AnonymousAuthenticationFilter [http-nio-7777-exec-1] Set SecurityContextHolder to anonymous SecurityContext
2024-08-13 05:04:03,587 DEBUG o.s.s.w.FilterChainProxy [http-nio-7777-exec-3] Secured GET /swagger-ui/swagger-ui-bundle.js
2024-08-13 05:04:03,635 DEBUG o.s.s.w.FilterChainProxy [http-nio-7777-exec-1] Secured GET /swagger-ui/index.css
2024-08-13 05:04:03,651 DEBUG o.s.s.w.FilterChainProxy [http-nio-7777-exec-5] Secured GET /swagger-ui/swagger-initializer.js
2024-08-13 05:04:04,472 DEBUG o.s.s.w.FilterChainProxy [http-nio-7777-exec-4] Securing GET /v3/api-docs/swagger-config
2024-08-13 05:04:04,472 DEBUG o.s.s.w.a.AnonymousAuthenticationFilter [http-nio-7777-exec-4] Set SecurityContextHolder to anonymous SecurityContext
2024-08-13 05:04:04,501 DEBUG o.s.s.w.FilterChainProxy [http-nio-7777-exec-4] Secured GET /v3/api-docs/swagger-config
2024-08-13 05:04:04,673 DEBUG o.s.s.w.FilterChainProxy [http-nio-7777-exec-6] Securing GET /v3/api-docs
2024-08-13 05:04:04,673 DEBUG o.s.s.w.a.AnonymousAuthenticationFilter [http-nio-7777-exec-6] Set SecurityContextHolder to anonymous SecurityContext
2024-08-13 05:04:04,673 DEBUG o.s.s.w.FilterChainProxy [http-nio-7777-exec-6] Secured GET /v3/api-docs
2024-08-13 05:04:06,986 INFO o.s.a.AbstractOpenApiResource [http-nio-7777-exec-6] Init duration for springdoc-openapi is: 2171 ms
2024-08-13 05:04:32,127 DEBUG o.s.s.w.FilterChainProxy [http-nio-7777-exec-1] Securing POST /api/admin/default
2024-08-13 05:04:32,133 DEBUG o.s.s.w.a.AnonymousAuthenticationFilter [http-nio-7777-exec-1] Set SecurityContextHolder to anonymous SecurityContext
2024-08-13 05:04:32,144 DEBUG o.s.s.w.FilterChainProxy [http-nio-7777-exec-1] Secured POST /api/admin/default
2024-08-13 05:05:05,086 DEBUG o.s.s.w.FilterChainProxy [http-nio-7777-exec-5] Securing POST /api/auth/login
2024-08-13 05:05:05,095 DEBUG o.s.s.w.a.AnonymousAuthenticationFilter [http-nio-7777-exec-5] Set SecurityContextHolder to anonymous SecurityContext
2024-08-13 05:05:05,098 DEBUG o.s.s.w.FilterChainProxy [http-nio-7777-exec-5] Secured POST /api/auth/login
2024-08-13 05:05:05,339 DEBUG o.s.s.a.d.AbstractUserDetailsAuthenticationProvider [http-nio-7777-exec-5] Authenticated user
2024-08-13 05:08:04,057 DEBUG o.s.s.w.FilterChainProxy [http-nio-7777-exec-6] Securing OPTIONS /api/users/email/shaikhaniscoder07@gmail.com
2024-08-13 05:08:04,069 DEBUG o.s.s.w.FilterChainProxy [http-nio-7777-exec-7] Securing OPTIONS /api/users/email/shaikhaniscoder07@gmail.com
2024-08-13 05:08:06,901 DEBUG o.s.s.w.FilterChainProxy [http-nio-7777-exec-7] Securing GET /api/users/email/shaikhaniscoder07@gmail.com
2024-08-13 05:08:08,437 DEBUG o.s.s.w.a.AnonymousAuthenticationFilter [http-nio-7777-exec-7] Set SecurityContextHolder to anonymous SecurityContext
2024-08-13 05:08:08,977 DEBUG o.s.s.w.a.Http403ForbiddenEntryPoint [http-nio-7777-exec-7] Pre-authenticated entry point called. Rejecting access
2024-08-13 05:08:09,610 DEBUG o.s.s.w.FilterChainProxy [http-nio-7777-exec-7] Securing GET /error
2024-08-13 05:08:09,674 DEBUG o.s.s.w.a.AnonymousAuthenticationFilter [http-nio-7777-exec-7] Set SecurityContextHolder to anonymous SecurityContext
2024-08-13 05:08:09,922 DEBUG o.s.s.w.a.Http403ForbiddenEntryPoint [http-nio-7777-exec-7] Pre-authenticated entry point called. Rejecting access
2024-08-13 05:08:10,322 DEBUG o.s.s.w.FilterChainProxy [http-nio-7777-exec-8] Securing GET /api/users/email/shaikhaniscoder07@gmail.com
2024-08-13 05:08:10,466 DEBUG o.s.s.w.a.AnonymousAuthenticationFilter [http-nio-7777-exec-8] Set SecurityContextHolder to anonymous SecurityContext
2024-08-13 05:08:10,466 DEBUG o.s.s.w.a.Http403ForbiddenEntryPoint [http-nio-7777-exec-8] Pre-authenticated entry point called. Rejecting access
2024-08-13 05:08:10,474 DEBUG o.s.s.w.FilterChainProxy [http-nio-7777-exec-8] Securing GET /error
2024-08-13 05:08:10,474 DEBUG o.s.s.w.a.AnonymousAuthenticationFilter [http-nio-7777-exec-8] Set SecurityContextHolder to anonymous SecurityContext
2024-08-13 05:08:10,474 DEBUG o.s.s.w.a.Http403ForbiddenEntryPoint [http-nio-7777-exec-8] Pre-authenticated entry point called. Rejecting access
2024-08-13 05:10:00,718 DEBUG o.s.s.w.FilterChainProxy [http-nio-7777-exec-1] Securing OPTIONS /api/user/companies
2024-08-13 05:10:00,718 DEBUG o.s.s.w.FilterChainProxy [http-nio-7777-exec-9] Securing OPTIONS /api/user/companies
2024-08-13 05:10:00,868 DEBUG o.s.s.w.FilterChainProxy [http-nio-7777-exec-3] Securing GET /api/user/companies
2024-08-13 05:10:01,327 DEBUG o.s.s.w.a.AnonymousAuthenticationFilter [http-nio-7777-exec-3] Set SecurityContextHolder to anonymous SecurityContext
2024-08-13 05:10:01,367 DEBUG o.s.s.w.a.Http403ForbiddenEntryPoint [http-nio-7777-exec-3] Pre-authenticated entry point called. Rejecting access
2024-08-13 05:10:01,381 DEBUG o.s.s.w.FilterChainProxy [http-nio-7777-exec-3] Securing GET /error
2024-08-13 05:10:01,399 DEBUG o.s.s.w.a.AnonymousAuthenticationFilter [http-nio-7777-exec-3] Set SecurityContextHolder to anonymous SecurityContext
2024-08-13 05:10:01,399 DEBUG o.s.s.w.a.Http403ForbiddenEntryPoint [http-nio-7777-exec-3] Pre-authenticated entry point called. Rejecting access
2024-08-13 05:10:01,427 DEBUG o.s.s.w.FilterChainProxy [http-nio-7777-exec-5] Securing GET /api/user/companies
2024-08-13 05:10:01,652 DEBUG o.s.s.w.a.AnonymousAuthenticationFilter [http-nio-7777-exec-5] Set SecurityContextHolder to anonymous SecurityContext
2024-08-13 05:10:01,652 DEBUG o.s.s.w.a.Http403ForbiddenEntryPoint [http-nio-7777-exec-5] Pre-authenticated entry point called. Rejecting access
2024-08-13 05:10:01,668 DEBUG o.s.s.w.FilterChainProxy [http-nio-7777-exec-5] Securing GET /error
2024-08-13 05:10:01,668 DEBUG o.s.s.w.a.AnonymousAuthenticationFilter [http-nio-7777-exec-5] Set SecurityContextHolder to anonymous SecurityContext
2024-08-13 05:10:01,684 DEBUG o.s.s.w.a.Http403ForbiddenEntryPoint [http-nio-7777-exec-5] Pre-authenticated entry point called. Rejecting access
2024-08-13 05:10:04,109 DEBUG o.s.s.w.FilterChainProxy [http-nio-7777-exec-10] Securing GET /api/user/companies
2024-08-13 05:10:04,244 DEBUG o.s.s.w.a.AnonymousAuthenticationFilter [http-nio-7777-exec-10] Set SecurityContextHolder to anonymous SecurityContext
2024-08-13 05:10:04,261 DEBUG o.s.s.w.a.Http403ForbiddenEntryPoint [http-nio-7777-exec-10] Pre-authenticated entry point called. Rejecting access
2024-08-13 05:10:04,265 DEBUG o.s.s.w.FilterChainProxy [http-nio-7777-exec-10] Securing GET /error
2024-08-13 05:10:04,265 DEBUG o.s.s.w.a.AnonymousAuthenticationFilter [http-nio-7777-exec-10] Set SecurityContextHolder to anonymous SecurityContext
2024-08-13 05:10:04,280 DEBUG o.s.s.w.a.Http403ForbiddenEntryPoint [http-nio-7777-exec-10] Pre-authenticated entry point called. Rejecting access
2024-08-13 05:10:04,300 DEBUG o.s.s.w.FilterChainProxy [http-nio-7777-exec-7] Securing GET /api/user/companies
2024-08-13 05:10:04,356 DEBUG o.s.s.w.a.AnonymousAuthenticationFilter [http-nio-7777-exec-7] Set SecurityContextHolder to anonymous SecurityContext
2024-08-13 05:10:04,356 DEBUG o.s.s.w.a.Http403ForbiddenEntryPoint [http-nio-7777-exec-7] Pre-authenticated entry point called. Rejecting access
2024-08-13 05:10:04,372 DEBUG o.s.s.w.FilterChainProxy [http-nio-7777-exec-7] Securing GET /error
2024-08-13 05:10:04,372 DEBUG o.s.s.w.a.AnonymousAuthenticationFilter [http-nio-7777-exec-7] Set SecurityContextHolder to anonymous SecurityContext
2024-08-13 05:10:04,388 DEBUG o.s.s.w.a.Http403ForbiddenEntryPoint [http-nio-7777-exec-7] Pre-authenticated entry point called. Rejecting access
2024-08-13 05:10:23,436 DEBUG o.s.s.w.FilterChainProxy [http-nio-7777-exec-2] Securing OPTIONS /api/user/companies
2024-08-13 05:10:23,445 DEBUG o.s.s.w.FilterChainProxy [http-nio-7777-exec-1] Securing POST /api/user/companies
2024-08-13 05:10:23,498 DEBUG o.s.s.w.a.AnonymousAuthenticationFilter [http-nio-7777-exec-1] Set SecurityContextHolder to anonymous SecurityContext
2024-08-13 05:10:23,512 DEBUG o.s.s.w.a.Http403ForbiddenEntryPoint [http-nio-7777-exec-1] Pre-authenticated entry point called. Rejecting access
2024-08-13 05:10:23,512 DEBUG o.s.s.w.FilterChainProxy [http-nio-7777-exec-1] Securing POST /error
2024-08-13 05:10:23,512 DEBUG o.s.s.w.a.AnonymousAuthenticationFilter [http-nio-7777-exec-1] Set SecurityContextHolder to anonymous SecurityContext
2024-08-13 05:10:23,512 DEBUG o.s.s.w.a.Http403ForbiddenEntryPoint [http-nio-7777-exec-1] Pre-authenticated entry point called. Rejecting access
2024-08-13 05:10:30,699 DEBUG o.s.s.w.FilterChainProxy [http-nio-7777-exec-9] Securing OPTIONS /api/user/companies
2024-08-13 05:10:30,711 DEBUG o.s.s.w.FilterChainProxy [http-nio-7777-exec-3] Securing POST /api/user/companies
2024-08-13 05:10:30,800 DEBUG o.s.s.w.a.AnonymousAuthenticationFilter [http-nio-7777-exec-3] Set SecurityContextHolder to anonymous SecurityContext
2024-08-13 05:10:30,811 DEBUG o.s.s.w.a.Http403ForbiddenEntryPoint [http-nio-7777-exec-3] Pre-authenticated entry point called. Rejecting access
2024-08-13 05:10:30,814 DEBUG o.s.s.w.FilterChainProxy [http-nio-7777-exec-3] Securing POST /error
2024-08-13 05:10:30,814 DEBUG o.s.s.w.a.AnonymousAuthenticationFilter [http-nio-7777-exec-3] Set SecurityContextHolder to anonymous SecurityContext
2024-08-13 05:10:30,814 DEBUG o.s.s.w.a.Http403ForbiddenEntryPoint [http-nio-7777-exec-3] Pre-authenticated entry point called. Rejecting access
2024-08-13 05:10:34,958 DEBUG o.s.s.w.FilterChainProxy [http-nio-7777-exec-6] Securing GET /api/user/companies
2024-08-13 05:10:35,164 DEBUG o.s.s.w.a.AnonymousAuthenticationFilter [http-nio-7777-exec-6] Set SecurityContextHolder to anonymous SecurityContext
2024-08-13 05:10:35,172 DEBUG o.s.s.w.a.Http403ForbiddenEntryPoint [http-nio-7777-exec-6] Pre-authenticated entry point called. Rejecting access
2024-08-13 05:10:35,172 DEBUG o.s.s.w.FilterChainProxy [http-nio-7777-exec-6] Securing GET /error
2024-08-13 05:10:35,180 DEBUG o.s.s.w.a.AnonymousAuthenticationFilter [http-nio-7777-exec-6] Set SecurityContextHolder to anonymous SecurityContext
2024-08-13 05:10:35,180 DEBUG o.s.s.w.a.Http403ForbiddenEntryPoint [http-nio-7777-exec-6] Pre-authenticated entry point called. Rejecting access
2024-08-13 05:10:35,198 DEBUG o.s.s.w.FilterChainProxy [http-nio-7777-exec-4] Securing GET /api/user/companies
2024-08-13 05:10:35,263 DEBUG o.s.s.w.a.AnonymousAuthenticationFilter [http-nio-7777-exec-4] Set SecurityContextHolder to anonymous SecurityContext
2024-08-13 05:10:35,275 DEBUG o.s.s.w.a.Http403ForbiddenEntryPoint [http-nio-7777-exec-4] Pre-authenticated entry point called. Rejecting access
2024-08-13 05:10:35,283 DEBUG o.s.s.w.FilterChainProxy [http-nio-7777-exec-4] Securing GET /error
2024-08-13 05:10:35,293 DEBUG o.s.s.w.a.AnonymousAuthenticationFilter [http-nio-7777-exec-4] Set SecurityContextHolder to anonymous SecurityContext
2024-08-13 05:10:35,293 DEBUG o.s.s.w.a.Http403ForbiddenEntryPoint [http-nio-7777-exec-4] Pre-authenticated entry point called. Rejecting access
2024-08-13 05:10:39,688 DEBUG o.s.s.w.FilterChainProxy [http-nio-7777-exec-7] Securing OPTIONS /api/users/email/shaikhaniscoder07@gmail.com
2024-08-13 05:10:39,688 DEBUG o.s.s.w.FilterChainProxy [http-nio-7777-exec-10] Securing OPTIONS /api/users/email/shaikhaniscoder07@gmail.com
2024-08-13 05:10:39,706 DEBUG o.s.s.w.FilterChainProxy [http-nio-7777-exec-8] Securing GET /api/users/email/shaikhaniscoder07@gmail.com
2024-08-13 05:10:39,762 DEBUG o.s.s.w.a.AnonymousAuthenticationFilter [http-nio-7777-exec-8] Set SecurityContextHolder to anonymous SecurityContext
2024-08-13 05:10:39,778 DEBUG o.s.s.w.a.Http403ForbiddenEntryPoint [http-nio-7777-exec-8] Pre-authenticated entry point called. Rejecting access
2024-08-13 05:10:39,786 DEBUG o.s.s.w.FilterChainProxy [http-nio-7777-exec-8] Securing GET /error
2024-08-13 05:10:39,827 DEBUG o.s.s.w.a.AnonymousAuthenticationFilter [http-nio-7777-exec-8] Set SecurityContextHolder to anonymous SecurityContext
2024-08-13 05:10:39,835 DEBUG o.s.s.w.a.Http403ForbiddenEntryPoint [http-nio-7777-exec-8] Pre-authenticated entry point called. Rejecting access
2024-08-13 05:10:39,867 DEBUG o.s.s.w.FilterChainProxy [http-nio-7777-exec-2] Securing GET /api/users/email/shaikhaniscoder07@gmail.com
2024-08-13 05:10:39,942 DEBUG o.s.s.w.a.AnonymousAuthenticationFilter [http-nio-7777-exec-2] Set SecurityContextHolder to anonymous SecurityContext
2024-08-13 05:10:39,942 DEBUG o.s.s.w.a.Http403ForbiddenEntryPoint [http-nio-7777-exec-2] Pre-authenticated entry point called. Rejecting access
2024-08-13 05:10:39,953 DEBUG o.s.s.w.FilterChainProxy [http-nio-7777-exec-2] Securing GET /error
2024-08-13 05:10:40,013 DEBUG o.s.s.w.a.AnonymousAuthenticationFilter [http-nio-7777-exec-2] Set SecurityContextHolder to anonymous SecurityContext
2024-08-13 05:10:40,013 DEBUG o.s.s.w.a.Http403ForbiddenEntryPoint [http-nio-7777-exec-2] Pre-authenticated entry point called. Rejecting access
2024-08-13 05:10:52,768 DEBUG o.s.s.w.FilterChainProxy [http-nio-7777-exec-3] Securing OPTIONS /api/auth/login
2024-08-13 05:10:52,784 DEBUG o.s.s.w.FilterChainProxy [http-nio-7777-exec-5] Securing POST /api/auth/login
2024-08-13 05:10:52,784 DEBUG o.s.s.w.a.AnonymousAuthenticationFilter [http-nio-7777-exec-5] Set SecurityContextHolder to anonymous SecurityContext
2024-08-13 05:10:52,792 DEBUG o.s.s.w.FilterChainProxy [http-nio-7777-exec-5] Secured POST /api/auth/login
2024-08-13 05:10:53,126 DEBUG o.s.s.a.d.AbstractUserDetailsAuthenticationProvider [http-nio-7777-exec-5] Authenticated user
2024-08-13 05:10:55,480 DEBUG o.s.s.w.FilterChainProxy [http-nio-7777-exec-4] Securing OPTIONS /api/users/email/shaikhaniscoder07@gmail.com
2024-08-13 05:10:55,493 DEBUG o.s.s.w.FilterChainProxy [http-nio-7777-exec-6] Securing OPTIONS /api/users/email/shaikhaniscoder07@gmail.com
2024-08-13 05:10:55,493 DEBUG o.s.s.w.FilterChainProxy [http-nio-7777-exec-7] Securing GET /api/users/email/shaikhaniscoder07@gmail.com
2024-08-13 05:10:55,559 DEBUG o.s.s.w.FilterChainProxy [http-nio-7777-exec-7] Secured GET /api/users/email/shaikhaniscoder07@gmail.com
2024-08-13 05:10:55,645 DEBUG o.s.s.w.FilterChainProxy [http-nio-7777-exec-10] Securing GET /api/users/email/shaikhaniscoder07@gmail.com
2024-08-13 05:10:55,718 DEBUG o.s.s.w.FilterChainProxy [http-nio-7777-exec-10] Secured GET /api/users/email/shaikhaniscoder07@gmail.com
2024-08-13 05:10:56,459 DEBUG o.s.s.w.FilterChainProxy [http-nio-7777-exec-8] Securing OPTIONS /api/user/companies
2024-08-13 05:10:56,467 DEBUG o.s.s.w.FilterChainProxy [http-nio-7777-exec-2] Securing OPTIONS /api/user/companies
2024-08-13 05:10:56,475 DEBUG o.s.s.w.FilterChainProxy [http-nio-7777-exec-1] Securing GET /api/user/companies
2024-08-13 05:10:56,636 DEBUG o.s.s.w.FilterChainProxy [http-nio-7777-exec-1] Secured GET /api/user/companies
2024-08-13 05:10:57,487 DEBUG o.s.s.w.FilterChainProxy [http-nio-7777-exec-9] Securing GET /api/user/companies
2024-08-13 05:10:57,528 DEBUG o.s.s.w.FilterChainProxy [http-nio-7777-exec-9] Secured GET /api/user/companies
2024-08-13 05:11:40,423 DEBUG o.s.s.w.FilterChainProxy [http-nio-7777-exec-4] Securing OPTIONS /api/user/jobs
2024-08-13 05:11:40,431 DEBUG o.s.s.w.FilterChainProxy [http-nio-7777-exec-6] Securing POST /api/user/jobs
2024-08-13 05:11:40,472 DEBUG o.s.s.w.FilterChainProxy [http-nio-7777-exec-6] Secured POST /api/user/jobs
2024-08-13 05:11:41,168 DEBUG o.s.s.w.FilterChainProxy [http-nio-7777-exec-7] Securing OPTIONS /api/user/companies
2024-08-13 05:11:41,214 DEBUG o.s.s.w.FilterChainProxy [http-nio-7777-exec-10] Securing GET /api/user/companies
2024-08-13 05:11:41,334 DEBUG o.s.s.w.FilterChainProxy [http-nio-7777-exec-10] Secured GET /api/user/companies
2024-08-13 05:23:49,516 INFO o.s.b.d.a.LocalDevToolsAutoConfiguration$RestartingClassPathChangeChangedEventListener [File Watcher] Restarting due to 1 class path change (0 additions, 0 deletions, 1 modification)
2024-08-13 05:23:52,953 INFO o.a.j.l.DirectJDKLog [Thread-5] Stopping ProtocolHandler ["http-nio-7777"]
2024-08-13 05:23:53,973 INFO o.s.o.j.AbstractEntityManagerFactoryBean [Thread-5] Closing JPA EntityManagerFactory for persistence unit 'default'
2024-08-13 05:23:54,383 INFO c.z.h.HikariDataSource [Thread-5] HikariPool-1 - Shutdown initiated...
2024-08-13 05:23:54,958 INFO c.z.h.HikariDataSource [Thread-5] HikariPool-1 - Shutdown completed.
2024-08-13 05:24:05,144 INFO o.s.b.StartupInfoLogger [restartedMain] Starting QuizspringApplication using Java 17.0.7 with PID 9184 (C:\Users\johnb\Desktop\Security-template\Spring-Security-Template-V4\target\classes started by johnb in C:\Users\johnb\Desktop\Security-template\Spring-Security-Template-V4)
2024-08-13 05:24:05,160 INFO o.s.b.SpringApplication [restartedMain] No active profile set, falling back to 1 default profile: "default"
2024-08-13 05:24:07,689 INFO o.s.d.r.c.RepositoryConfigurationDelegate [restartedMain] Bootstrapping Spring Data JPA repositories in DEFAULT mode.
2024-08-13 05:24:07,788 INFO o.s.d.r.c.RepositoryConfigurationDelegate [restartedMain] Finished Spring Data repository scanning in 96 ms. Found 5 JPA repository interfaces.
2024-08-13 05:24:08,310 INFO o.s.b.w.e.t.TomcatWebServer [restartedMain] Tomcat initialized with port 7777 (http)
2024-08-13 05:24:08,318 INFO o.a.j.l.DirectJDKLog [restartedMain] Initializing ProtocolHandler ["http-nio-7777"]
2024-08-13 05:24:08,324 INFO o.a.j.l.DirectJDKLog [restartedMain] Starting service [Tomcat]
2024-08-13 05:24:08,330 INFO o.a.j.l.DirectJDKLog [restartedMain] Starting Servlet engine: [Apache Tomcat/10.1.26]
2024-08-13 05:24:08,521 INFO o.a.j.l.DirectJDKLog [restartedMain] Initializing Spring embedded WebApplicationContext
2024-08-13 05:24:08,523 INFO o.s.b.w.s.c.ServletWebServerApplicationContext [restartedMain] Root WebApplicationContext: initialization completed in 3347 ms
2024-08-13 05:24:09,004 INFO o.h.j.i.u.LogHelper [restartedMain] HHH000204: Processing PersistenceUnitInfo [name: default]
2024-08-13 05:24:09,040 INFO o.h.c.i.RegionFactoryInitiator [restartedMain] HHH000026: Second-level cache disabled
2024-08-13 05:24:09,199 INFO o.s.o.j.p.SpringPersistenceUnitInfo [restartedMain] No LoadTimeWeaver setup: ignoring JPA class transformer
2024-08-13 05:24:09,209 INFO c.z.h.HikariDataSource [restartedMain] HikariPool-2 - Starting...
2024-08-13 05:24:09,695 INFO c.z.h.p.HikariPool [restartedMain] HikariPool-2 - Added connection com.mysql.cj.jdbc.ConnectionImpl@2945ed84
2024-08-13 05:24:09,698 INFO c.z.h.HikariDataSource [restartedMain] HikariPool-2 - Start completed.
2024-08-13 05:24:09,713 WARN o.h.e.j.d.i.DialectFactoryImpl [restartedMain] HHH90000025: MySQLDialect does not need to be specified explicitly using 'hibernate.dialect' (remove the property setting and it will be selected by default)
2024-08-13 05:24:12,202 INFO o.h.e.t.j.p.i.JtaPlatformInitiator [restartedMain] HHH000489: No JTA platform available (set 'hibernate.transaction.jta.platform' to enable JTA platform integration)
2024-08-13 05:24:12,819 INFO o.s.o.j.AbstractEntityManagerFactoryBean [restartedMain] Initialized JPA EntityManagerFactory for persistence unit 'default'
2024-08-13 05:24:15,649 INFO o.s.s.c.a.a.c.InitializeUserDetailsBeanManagerConfigurer$InitializeUserDetailsManagerConfigurer [restartedMain] Global AuthenticationManager configured with UserDetailsService bean with name userDetailsService
2024-08-13 05:24:17,535 WARN o.s.b.a.o.j.JpaBaseConfiguration$JpaWebConfiguration [restartedMain] spring.jpa.open-in-view is enabled by default. Therefore, database queries may be performed during view rendering. Explicitly configure spring.jpa.open-in-view to disable this warning
2024-08-13 05:24:18,380 DEBUG o.s.s.w.DefaultSecurityFilterChain [restartedMain] Will secure any request with filters: DisableEncodeUrlFilter, WebAsyncManagerIntegrationFilter, SecurityContextHolderFilter, HeaderWriterFilter, CorsFilter, LogoutFilter, JwtAuthenticationFilter, RequestCacheAwareFilter, SecurityContextHolderAwareRequestFilter, AnonymousAuthenticationFilter, SessionManagementFilter, ExceptionTranslationFilter, AuthorizationFilter
2024-08-13 05:24:18,647 INFO o.s.b.d.a.OptionalLiveReloadServer [restartedMain] LiveReload server is running on port 35729
2024-08-13 05:24:18,703 INFO o.a.j.l.DirectJDKLog [restartedMain] Starting ProtocolHandler ["http-nio-7777"]
2024-08-13 05:24:18,735 INFO o.s.b.w.e.t.TomcatWebServer [restartedMain] Tomcat started on port 7777 (http) with context path '/'
2024-08-13 05:24:18,765 INFO o.s.b.StartupInfoLogger [restartedMain] Started QuizspringApplication in 15.373 seconds (process running for 1440.519)
2024-08-13 05:24:18,774 INFO o.s.b.d.a.ConditionEvaluationDeltaLoggingListener [restartedMain] Condition evaluation unchanged
2024-08-13 05:25:28,368 INFO o.s.b.d.a.LocalDevToolsAutoConfiguration$RestartingClassPathChangeChangedEventListener [File Watcher] Restarting due to 2 class path changes (0 additions, 0 deletions, 2 modifications)
2024-08-13 05:25:28,878 INFO o.a.j.l.DirectJDKLog [Thread-7] Stopping ProtocolHandler ["http-nio-7777"]
2024-08-13 05:25:29,680 INFO o.s.o.j.AbstractEntityManagerFactoryBean [Thread-7] Closing JPA EntityManagerFactory for persistence unit 'default'
2024-08-13 05:25:29,875 INFO c.z.h.HikariDataSource [Thread-7] HikariPool-2 - Shutdown initiated...
2024-08-13 05:25:30,184 INFO c.z.h.HikariDataSource [Thread-7] HikariPool-2 - Shutdown completed.
2024-08-13 05:25:35,523 INFO o.s.b.StartupInfoLogger [restartedMain] Starting QuizspringApplication using Java 17.0.7 with PID 9184 (C:\Users\johnb\Desktop\Security-template\Spring-Security-Template-V4\target\classes started by johnb in C:\Users\johnb\Desktop\Security-template\Spring-Security-Template-V4)
2024-08-13 05:25:35,565 INFO o.s.b.SpringApplication [restartedMain] No active profile set, falling back to 1 default profile: "default"
2024-08-13 05:25:42,658 INFO o.s.d.r.c.RepositoryConfigurationDelegate [restartedMain] Bootstrapping Spring Data JPA repositories in DEFAULT mode.
2024-08-13 05:25:44,561 INFO o.s.d.r.c.RepositoryConfigurationDelegate [restartedMain] Finished Spring Data repository scanning in 1880 ms. Found 5 JPA repository interfaces.
2024-08-13 05:25:49,177 INFO o.s.b.w.e.t.TomcatWebServer [restartedMain] Tomcat initialized with port 7777 (http)
2024-08-13 05:25:49,393 INFO o.a.j.l.DirectJDKLog [restartedMain] Initializing ProtocolHandler ["http-nio-7777"]
2024-08-13 05:25:49,397 INFO o.a.j.l.DirectJDKLog [restartedMain] Starting service [Tomcat]
2024-08-13 05:25:49,418 INFO o.a.j.l.DirectJDKLog [restartedMain] Starting Servlet engine: [Apache Tomcat/10.1.26]
2024-08-13 05:25:49,900 INFO o.a.j.l.DirectJDKLog [restartedMain] Initializing Spring embedded WebApplicationContext
2024-08-13 05:25:49,920 INFO o.s.b.w.s.c.ServletWebServerApplicationContext [restartedMain] Root WebApplicationContext: initialization completed in 14265 ms
2024-08-13 05:25:51,709 INFO o.h.j.i.u.LogHelper [restartedMain] HHH000204: Processing PersistenceUnitInfo [name: default]
2024-08-13 05:25:52,549 INFO o.h.c.i.RegionFactoryInitiator [restartedMain] HHH000026: Second-level cache disabled
2024-08-13 05:25:53,198 INFO o.s.o.j.p.SpringPersistenceUnitInfo [restartedMain] No LoadTimeWeaver setup: ignoring JPA class transformer
2024-08-13 05:25:53,262 INFO c.z.h.HikariDataSource [restartedMain] HikariPool-3 - Starting...
2024-08-13 05:25:53,903 INFO c.z.h.p.HikariPool [restartedMain] HikariPool-3 - Added connection com.mysql.cj.jdbc.ConnectionImpl@63eed93f
2024-08-13 05:25:53,910 INFO c.z.h.HikariDataSource [restartedMain] HikariPool-3 - Start completed.
2024-08-13 05:25:53,965 WARN o.h.e.j.d.i.DialectFactoryImpl [restartedMain] HHH90000025: MySQLDialect does not need to be specified explicitly using 'hibernate.dialect' (remove the property setting and it will be selected by default)
2024-08-13 05:25:56,863 INFO o.h.e.t.j.p.i.JtaPlatformInitiator [restartedMain] HHH000489: No JTA platform available (set 'hibernate.transaction.jta.platform' to enable JTA platform integration)
2024-08-13 05:25:57,845 INFO o.s.o.j.AbstractEntityManagerFactoryBean [restartedMain] Initialized JPA EntityManagerFactory for persistence unit 'default'
2024-08-13 05:25:58,786 ERROR o.s.b.w.e.t.TomcatStarter [restartedMain] Error starting Tomcat context. Exception: org.springframework.beans.factory.UnsatisfiedDependencyException. Message: Error creating bean with name 'jwtAuthenticationFilter' defined in file [C:\Users\johnb\Desktop\Security-template\Spring-Security-Template-V4\target\classes\com\max\quizspring\config\JwtAuthenticationFilter.class]: Unsatisfied dependency expressed through constructor parameter 1: Error creating bean with name 'appConfig' defined in file [C:\Users\johnb\Desktop\Security-template\Spring-Security-Template-V4\target\classes\com\max\quizspring\config\AppConfig.class]: Failed to instantiate [com.max.quizspring.config.AppConfig$$SpringCGLIB$$0]: Constructor threw exception
2024-08-13 05:25:58,896 INFO o.a.j.l.DirectJDKLog [restartedMain] Stopping service [Tomcat]
2024-08-13 05:25:58,973 WARN o.a.j.l.DirectJDKLog [restartedMain] The web application [ROOT] appears to have started a thread named [HikariPool-3 housekeeper] but has failed to stop it. This is very likely to create a memory leak. Stack trace of thread:
 java.base@17.0.7/jdk.internal.misc.Unsafe.park(Native Method)
 java.base@17.0.7/java.util.concurrent.locks.LockSupport.parkNanos(LockSupport.java:252)
 java.base@17.0.7/java.util.concurrent.locks.AbstractQueuedSynchronizer$ConditionObject.awaitNanos(AbstractQueuedSynchronizer.java:1672)
 java.base@17.0.7/java.util.concurrent.ScheduledThreadPoolExecutor$DelayedWorkQueue.take(ScheduledThreadPoolExecutor.java:1182)
 java.base@17.0.7/java.util.concurrent.ScheduledThreadPoolExecutor$DelayedWorkQueue.take(ScheduledThreadPoolExecutor.java:899)
 java.base@17.0.7/java.util.concurrent.ThreadPoolExecutor.getTask(ThreadPoolExecutor.java:1062)
 java.base@17.0.7/java.util.concurrent.ThreadPoolExecutor.runWorker(ThreadPoolExecutor.java:1122)
 java.base@17.0.7/java.util.concurrent.ThreadPoolExecutor$Worker.run(ThreadPoolExecutor.java:635)
 java.base@17.0.7/java.lang.Thread.run(Thread.java:833)
2024-08-13 05:25:58,983 WARN o.a.j.l.DirectJDKLog [restartedMain] The web application [ROOT] appears to have started a thread named [HikariPool-3 connection adder] but has failed to stop it. This is very likely to create a memory leak. Stack trace of thread:
 java.base@17.0.7/jdk.internal.misc.Unsafe.park(Native Method)
 java.base@17.0.7/java.util.concurrent.locks.LockSupport.parkNanos(LockSupport.java:252)
 java.base@17.0.7/java.util.concurrent.locks.AbstractQueuedSynchronizer$ConditionObject.awaitNanos(AbstractQueuedSynchronizer.java:1672)
 java.base@17.0.7/java.util.concurrent.LinkedBlockingQueue.poll(LinkedBlockingQueue.java:460)
 java.base@17.0.7/java.util.concurrent.ThreadPoolExecutor.getTask(ThreadPoolExecutor.java:1061)
 java.base@17.0.7/java.util.concurrent.ThreadPoolExecutor.runWorker(ThreadPoolExecutor.java:1122)
 java.base@17.0.7/java.util.concurrent.ThreadPoolExecutor$Worker.run(ThreadPoolExecutor.java:635)
 java.base@17.0.7/java.lang.Thread.run(Thread.java:833)
2024-08-13 05:25:58,993 WARN o.s.c.s.AbstractApplicationContext [restartedMain] Exception encountered during context initialization - cancelling refresh attempt: org.springframework.context.ApplicationContextException: Unable to start web server
2024-08-13 05:25:58,995 INFO o.s.o.j.AbstractEntityManagerFactoryBean [restartedMain] Closing JPA EntityManagerFactory for persistence unit 'default'
2024-08-13 05:25:59,028 INFO c.z.h.HikariDataSource [restartedMain] HikariPool-3 - Shutdown initiated...
2024-08-13 05:25:59,157 INFO c.z.h.HikariDataSource [restartedMain] HikariPool-3 - Shutdown completed.
2024-08-13 05:25:59,301 INFO o.s.b.a.l.ConditionEvaluationReportLogger [restartedMain] 

Error starting ApplicationContext. To display the condition evaluation report re-run your application with 'debug' enabled.
2024-08-13 05:25:59,714 ERROR o.s.b.SpringApplication [restartedMain] Application run failed
org.springframework.context.ApplicationContextException: Unable to start web server
	at org.springframework.boot.web.servlet.context.ServletWebServerApplicationContext.onRefresh(ServletWebServerApplicationContext.java:165)
	at org.springframework.context.support.AbstractApplicationContext.refresh(AbstractApplicationContext.java:619)
	at org.springframework.boot.web.servlet.context.ServletWebServerApplicationContext.refresh(ServletWebServerApplicationContext.java:146)
	at org.springframework.boot.SpringApplication.refresh(SpringApplication.java:754)
	at org.springframework.boot.SpringApplication.refreshContext(SpringApplication.java:456)
	at org.springframework.boot.SpringApplication.run(SpringApplication.java:335)
	at org.springframework.boot.SpringApplication.run(SpringApplication.java:1363)
	at org.springframework.boot.SpringApplication.run(SpringApplication.java:1352)
	at com.max.quizspring.QuizspringApplication.main(QuizspringApplication.java:10)
	at java.base/jdk.internal.reflect.NativeMethodAccessorImpl.invoke0(Native Method)
	at java.base/jdk.internal.reflect.NativeMethodAccessorImpl.invoke(NativeMethodAccessorImpl.java:77)
	at java.base/jdk.internal.reflect.DelegatingMethodAccessorImpl.invoke(DelegatingMethodAccessorImpl.java:43)
	at java.base/java.lang.reflect.Method.invoke(Method.java:568)
	at org.springframework.boot.devtools.restart.RestartLauncher.run(RestartLauncher.java:50)
Caused by: org.springframework.boot.web.server.WebServerException: Unable to start embedded Tomcat
	at org.springframework.boot.web.embedded.tomcat.TomcatWebServer.initialize(TomcatWebServer.java:147)
	at org.springframework.boot.web.embedded.tomcat.TomcatWebServer.<init>(TomcatWebServer.java:107)
	at org.springframework.boot.web.embedded.tomcat.TomcatServletWebServerFactory.getTomcatWebServer(TomcatServletWebServerFactory.java:516)
	at org.springframework.boot.web.embedded.tomcat.TomcatServletWebServerFactory.getWebServer(TomcatServletWebServerFactory.java:222)
	at org.springframework.boot.web.servlet.context.ServletWebServerApplicationContext.createWebServer(ServletWebServerApplicationContext.java:188)
	at org.springframework.boot.web.servlet.context.ServletWebServerApplicationContext.onRefresh(ServletWebServerApplicationContext.java:162)
	... 13 common frames omitted
Caused by: org.springframework.beans.factory.UnsatisfiedDependencyException: Error creating bean with name 'jwtAuthenticationFilter' defined in file [C:\Users\johnb\Desktop\Security-template\Spring-Security-Template-V4\target\classes\com\max\quizspring\config\JwtAuthenticationFilter.class]: Unsatisfied dependency expressed through constructor parameter 1: Error creating bean with name 'appConfig' defined in file [C:\Users\johnb\Desktop\Security-template\Spring-Security-Template-V4\target\classes\com\max\quizspring\config\AppConfig.class]: Failed to instantiate [com.max.quizspring.config.AppConfig$$SpringCGLIB$$0]: Constructor threw exception
	at org.springframework.beans.factory.support.ConstructorResolver.createArgumentArray(ConstructorResolver.java:795)
	at org.springframework.beans.factory.support.ConstructorResolver.autowireConstructor(ConstructorResolver.java:237)
	at org.springframework.beans.factory.support.AbstractAutowireCapableBeanFactory.autowireConstructor(AbstractAutowireCapableBeanFactory.java:1375)
	at org.springframework.beans.factory.support.AbstractAutowireCapableBeanFactory.createBeanInstance(AbstractAutowireCapableBeanFactory.java:1212)
	at org.springframework.beans.factory.support.AbstractAutowireCapableBeanFactory.doCreateBean(AbstractAutowireCapableBeanFactory.java:562)
	at org.springframework.beans.factory.support.AbstractAutowireCapableBeanFactory.createBean(AbstractAutowireCapableBeanFactory.java:522)
	at org.springframework.beans.factory.support.AbstractBeanFactory.lambda$doGetBean$0(AbstractBeanFactory.java:337)
	at org.springframework.beans.factory.support.DefaultSingletonBeanRegistry.getSingleton(DefaultSingletonBeanRegistry.java:234)
	at org.springframework.beans.factory.support.AbstractBeanFactory.doGetBean(AbstractBeanFactory.java:335)
	at org.springframework.beans.factory.support.AbstractBeanFactory.getBean(AbstractBeanFactory.java:205)
	at org.springframework.boot.web.servlet.ServletContextInitializerBeans.getOrderedBeansOfType(ServletContextInitializerBeans.java:211)
	at org.springframework.boot.web.servlet.ServletContextInitializerBeans.addAsRegistrationBean(ServletContextInitializerBeans.java:174)
	at org.springframework.boot.web.servlet.ServletContextInitializerBeans.addAsRegistrationBean(ServletContextInitializerBeans.java:169)
	at org.springframework.boot.web.servlet.ServletContextInitializerBeans.addAdaptableBeans(ServletContextInitializerBeans.java:154)
	at org.springframework.boot.web.servlet.ServletContextInitializerBeans.<init>(ServletContextInitializerBeans.java:87)
	at org.springframework.boot.web.servlet.context.ServletWebServerApplicationContext.getServletContextInitializerBeans(ServletWebServerApplicationContext.java:266)
	at org.springframework.boot.web.servlet.context.ServletWebServerApplicationContext.selfInitialize(ServletWebServerApplicationContext.java:240)
	at org.springframework.boot.web.embedded.tomcat.TomcatStarter.onStartup(TomcatStarter.java:52)
	at org.apache.catalina.core.StandardContext.startInternal(StandardContext.java:4414)
	at org.apache.catalina.util.LifecycleBase.start(LifecycleBase.java:164)
	at org.apache.catalina.core.ContainerBase$StartChild.call(ContainerBase.java:1203)
	at org.apache.catalina.core.ContainerBase$StartChild.call(ContainerBase.java:1193)
	at java.base/java.util.concurrent.FutureTask.run(FutureTask.java:264)
	at org.apache.tomcat.util.threads.InlineExecutorService.execute(InlineExecutorService.java:75)
	at java.base/java.util.concurrent.AbstractExecutorService.submit(AbstractExecutorService.java:145)
	at org.apache.catalina.core.ContainerBase.startInternal(ContainerBase.java:749)
	at org.apache.catalina.core.StandardHost.startInternal(StandardHost.java:772)
	at org.apache.catalina.util.LifecycleBase.start(LifecycleBase.java:164)
	at org.apache.catalina.core.ContainerBase$StartChild.call(ContainerBase.java:1203)
	at org.apache.catalina.core.ContainerBase$StartChild.call(ContainerBase.java:1193)
	at java.base/java.util.concurrent.FutureTask.run(FutureTask.java:264)
	at org.apache.tomcat.util.threads.InlineExecutorService.execute(InlineExecutorService.java:75)
	at java.base/java.util.concurrent.AbstractExecutorService.submit(AbstractExecutorService.java:145)
	at org.apache.catalina.core.ContainerBase.startInternal(ContainerBase.java:749)
	at org.apache.catalina.core.StandardEngine.startInternal(StandardEngine.java:203)
	at org.apache.catalina.util.LifecycleBase.start(LifecycleBase.java:164)
	at org.apache.catalina.core.StandardService.startInternal(StandardService.java:415)
	at org.apache.catalina.util.LifecycleBase.start(LifecycleBase.java:164)
	at org.apache.catalina.core.StandardServer.startInternal(StandardServer.java:874)
	at org.apache.catalina.util.LifecycleBase.start(LifecycleBase.java:164)
	at org.apache.catalina.startup.Tomcat.start(Tomcat.java:437)
	at org.springframework.boot.web.embedded.tomcat.TomcatWebServer.initialize(TomcatWebServer.java:128)
	... 18 common frames omitted
Caused by: org.springframework.beans.factory.BeanCreationException: Error creating bean with name 'appConfig' defined in file [C:\Users\johnb\Desktop\Security-template\Spring-Security-Template-V4\target\classes\com\max\quizspring\config\AppConfig.class]: Failed to instantiate [com.max.quizspring.config.AppConfig$$SpringCGLIB$$0]: Constructor threw exception
	at org.springframework.beans.factory.support.ConstructorResolver.instantiate(ConstructorResolver.java:318)
	at org.springframework.beans.factory.support.ConstructorResolver.autowireConstructor(ConstructorResolver.java:306)
	at org.springframework.beans.factory.support.AbstractAutowireCapableBeanFactory.autowireConstructor(AbstractAutowireCapableBeanFactory.java:1375)
	at org.springframework.beans.factory.support.AbstractAutowireCapableBeanFactory.createBeanInstance(AbstractAutowireCapableBeanFactory.java:1212)
	at org.springframework.beans.factory.support.AbstractAutowireCapableBeanFactory.doCreateBean(AbstractAutowireCapableBeanFactory.java:562)
	at org.springframework.beans.factory.support.AbstractAutowireCapableBeanFactory.createBean(AbstractAutowireCapableBeanFactory.java:522)
	at org.springframework.beans.factory.support.AbstractBeanFactory.lambda$doGetBean$0(AbstractBeanFactory.java:337)
	at org.springframework.beans.factory.support.DefaultSingletonBeanRegistry.getSingleton(DefaultSingletonBeanRegistry.java:234)
	at org.springframework.beans.factory.support.AbstractBeanFactory.doGetBean(AbstractBeanFactory.java:335)
	at org.springframework.beans.factory.support.AbstractBeanFactory.getBean(AbstractBeanFactory.java:200)
	at org.springframework.beans.factory.support.ConstructorResolver.instantiateUsingFactoryMethod(ConstructorResolver.java:409)
	at org.springframework.beans.factory.support.AbstractAutowireCapableBeanFactory.instantiateUsingFactoryMethod(AbstractAutowireCapableBeanFactory.java:1355)
	at org.springframework.beans.factory.support.AbstractAutowireCapableBeanFactory.createBeanInstance(AbstractAutowireCapableBeanFactory.java:1185)
	at org.springframework.beans.factory.support.AbstractAutowireCapableBeanFactory.doCreateBean(AbstractAutowireCapableBeanFactory.java:562)
	at org.springframework.beans.factory.support.AbstractAutowireCapableBeanFactory.createBean(AbstractAutowireCapableBeanFactory.java:522)
	at org.springframework.beans.factory.support.AbstractBeanFactory.lambda$doGetBean$0(AbstractBeanFactory.java:337)
	at org.springframework.beans.factory.support.DefaultSingletonBeanRegistry.getSingleton(DefaultSingletonBeanRegistry.java:234)
	at org.springframework.beans.factory.support.AbstractBeanFactory.doGetBean(AbstractBeanFactory.java:335)
	at org.springframework.beans.factory.support.AbstractBeanFactory.getBean(AbstractBeanFactory.java:200)
	at org.springframework.beans.factory.config.DependencyDescriptor.resolveCandidate(DependencyDescriptor.java:254)
	at org.springframework.beans.factory.support.DefaultListableBeanFactory.doResolveDependency(DefaultListableBeanFactory.java:1443)
	at org.springframework.beans.factory.support.DefaultListableBeanFactory.resolveDependency(DefaultListableBeanFactory.java:1353)
	at org.springframework.beans.factory.support.ConstructorResolver.resolveAutowiredArgument(ConstructorResolver.java:904)
	at org.springframework.beans.factory.support.ConstructorResolver.createArgumentArray(ConstructorResolver.java:782)
	... 59 common frames omitted
Caused by: org.springframework.beans.BeanInstantiationException: Failed to instantiate [com.max.quizspring.config.AppConfig$$SpringCGLIB$$0]: Constructor threw exception
	at org.springframework.beans.BeanUtils.instantiateClass(BeanUtils.java:221)
	at org.springframework.beans.factory.support.SimpleInstantiationStrategy.instantiate(SimpleInstantiationStrategy.java:117)
	at org.springframework.beans.factory.support.ConstructorResolver.instantiate(ConstructorResolver.java:315)
	... 82 common frames omitted
Caused by: java.lang.Error: Unresolved compilation problem: 

	at com.max.quizspring.config.AppConfig.<init>(AppConfig.java:17)
	at com.max.quizspring.config.AppConfig$$SpringCGLIB$$0.<init>(<generated>)
	at java.base/jdk.internal.reflect.NativeConstructorAccessorImpl.newInstance0(Native Method)
	at java.base/jdk.internal.reflect.NativeConstructorAccessorImpl.newInstance(NativeConstructorAccessorImpl.java:77)
	at java.base/jdk.internal.reflect.DelegatingConstructorAccessorImpl.newInstance(DelegatingConstructorAccessorImpl.java:45)
	at java.base/java.lang.reflect.Constructor.newInstanceWithCaller(Constructor.java:499)
	at java.base/java.lang.reflect.Constructor.newInstance(Constructor.java:480)
	at org.springframework.beans.BeanUtils.instantiateClass(BeanUtils.java:208)
	... 84 common frames omitted
2024-08-13 05:26:03,660 INFO o.s.b.StartupInfoLogger [restartedMain] Starting QuizspringApplication using Java 17.0.7 with PID 9184 (C:\Users\johnb\Desktop\Security-template\Spring-Security-Template-V4\target\classes started by johnb in C:\Users\johnb\Desktop\Security-template\Spring-Security-Template-V4)
2024-08-13 05:26:03,692 INFO o.s.b.SpringApplication [restartedMain] No active profile set, falling back to 1 default profile: "default"
2024-08-13 05:26:12,371 INFO o.s.d.r.c.RepositoryConfigurationDelegate [restartedMain] Bootstrapping Spring Data JPA repositories in DEFAULT mode.
2024-08-13 05:26:12,503 INFO o.s.d.r.c.RepositoryConfigurationDelegate [restartedMain] Finished Spring Data repository scanning in 128 ms. Found 5 JPA repository interfaces.
2024-08-13 05:26:13,663 INFO o.s.b.w.e.t.TomcatWebServer [restartedMain] Tomcat initialized with port 7777 (http)
2024-08-13 05:26:13,678 INFO o.a.j.l.DirectJDKLog [restartedMain] Initializing ProtocolHandler ["http-nio-7777"]
2024-08-13 05:26:13,700 INFO o.a.j.l.DirectJDKLog [restartedMain] Starting service [Tomcat]
2024-08-13 05:26:13,706 INFO o.a.j.l.DirectJDKLog [restartedMain] Starting Servlet engine: [Apache Tomcat/10.1.26]
2024-08-13 05:26:13,884 INFO o.a.j.l.DirectJDKLog [restartedMain] Initializing Spring embedded WebApplicationContext
2024-08-13 05:26:13,884 INFO o.s.b.w.s.c.ServletWebServerApplicationContext [restartedMain] Root WebApplicationContext: initialization completed in 9996 ms
2024-08-13 05:26:14,159 INFO o.h.j.i.u.LogHelper [restartedMain] HHH000204: Processing PersistenceUnitInfo [name: default]
2024-08-13 05:26:14,206 INFO o.h.c.i.RegionFactoryInitiator [restartedMain] HHH000026: Second-level cache disabled
2024-08-13 05:26:14,271 INFO o.s.o.j.p.SpringPersistenceUnitInfo [restartedMain] No LoadTimeWeaver setup: ignoring JPA class transformer
2024-08-13 05:26:14,271 INFO c.z.h.HikariDataSource [restartedMain] HikariPool-4 - Starting...
2024-08-13 05:26:14,338 INFO c.z.h.p.HikariPool [restartedMain] HikariPool-4 - Added connection com.mysql.cj.jdbc.ConnectionImpl@5f1c1be9
2024-08-13 05:26:14,355 INFO c.z.h.HikariDataSource [restartedMain] HikariPool-4 - Start completed.
2024-08-13 05:26:14,369 WARN o.h.e.j.d.i.DialectFactoryImpl [restartedMain] HHH90000025: MySQLDialect does not need to be specified explicitly using 'hibernate.dialect' (remove the property setting and it will be selected by default)
2024-08-13 05:26:14,925 INFO o.h.e.t.j.p.i.JtaPlatformInitiator [restartedMain] HHH000489: No JTA platform available (set 'hibernate.transaction.jta.platform' to enable JTA platform integration)
2024-08-13 05:26:15,115 INFO o.s.o.j.AbstractEntityManagerFactoryBean [restartedMain] Initialized JPA EntityManagerFactory for persistence unit 'default'
2024-08-13 05:26:15,266 ERROR o.s.b.w.e.t.TomcatStarter [restartedMain] Error starting Tomcat context. Exception: org.springframework.beans.factory.UnsatisfiedDependencyException. Message: Error creating bean with name 'jwtAuthenticationFilter' defined in file [C:\Users\johnb\Desktop\Security-template\Spring-Security-Template-V4\target\classes\com\max\quizspring\config\JwtAuthenticationFilter.class]: Unsatisfied dependency expressed through constructor parameter 1: Error creating bean with name 'appConfig' defined in file [C:\Users\johnb\Desktop\Security-template\Spring-Security-Template-V4\target\classes\com\max\quizspring\config\AppConfig.class]: Failed to instantiate [com.max.quizspring.config.AppConfig$$SpringCGLIB$$0]: Constructor threw exception
2024-08-13 05:26:15,266 INFO o.a.j.l.DirectJDKLog [restartedMain] Stopping service [Tomcat]
2024-08-13 05:26:15,282 WARN o.a.j.l.DirectJDKLog [restartedMain] The web application [ROOT] appears to have started a thread named [HikariPool-4 housekeeper] but has failed to stop it. This is very likely to create a memory leak. Stack trace of thread:
 java.base@17.0.7/jdk.internal.misc.Unsafe.park(Native Method)
 java.base@17.0.7/java.util.concurrent.locks.LockSupport.parkNanos(LockSupport.java:252)
 java.base@17.0.7/java.util.concurrent.locks.AbstractQueuedSynchronizer$ConditionObject.awaitNanos(AbstractQueuedSynchronizer.java:1672)
 java.base@17.0.7/java.util.concurrent.ScheduledThreadPoolExecutor$DelayedWorkQueue.take(ScheduledThreadPoolExecutor.java:1182)
 java.base@17.0.7/java.util.concurrent.ScheduledThreadPoolExecutor$DelayedWorkQueue.take(ScheduledThreadPoolExecutor.java:899)
 java.base@17.0.7/java.util.concurrent.ThreadPoolExecutor.getTask(ThreadPoolExecutor.java:1062)
 java.base@17.0.7/java.util.concurrent.ThreadPoolExecutor.runWorker(ThreadPoolExecutor.java:1122)
 java.base@17.0.7/java.util.concurrent.ThreadPoolExecutor$Worker.run(ThreadPoolExecutor.java:635)
 java.base@17.0.7/java.lang.Thread.run(Thread.java:833)
2024-08-13 05:26:15,290 WARN o.a.j.l.DirectJDKLog [restartedMain] The web application [ROOT] appears to have started a thread named [HikariPool-4 connection adder] but has failed to stop it. This is very likely to create a memory leak. Stack trace of thread:
 java.base@17.0.7/jdk.internal.misc.Unsafe.park(Native Method)
 java.base@17.0.7/java.util.concurrent.locks.LockSupport.parkNanos(LockSupport.java:252)
 java.base@17.0.7/java.util.concurrent.locks.AbstractQueuedSynchronizer$ConditionObject.awaitNanos(AbstractQueuedSynchronizer.java:1672)
 java.base@17.0.7/java.util.concurrent.LinkedBlockingQueue.poll(LinkedBlockingQueue.java:460)
 java.base@17.0.7/java.util.concurrent.ThreadPoolExecutor.getTask(ThreadPoolExecutor.java:1061)
 java.base@17.0.7/java.util.concurrent.ThreadPoolExecutor.runWorker(ThreadPoolExecutor.java:1122)
 java.base@17.0.7/java.util.concurrent.ThreadPoolExecutor$Worker.run(ThreadPoolExecutor.java:635)
 java.base@17.0.7/java.lang.Thread.run(Thread.java:833)
2024-08-13 05:26:15,290 WARN o.s.c.s.AbstractApplicationContext [restartedMain] Exception encountered during context initialization - cancelling refresh attempt: org.springframework.context.ApplicationContextException: Unable to start web server
2024-08-13 05:26:15,290 INFO o.s.o.j.AbstractEntityManagerFactoryBean [restartedMain] Closing JPA EntityManagerFactory for persistence unit 'default'
2024-08-13 05:26:15,303 INFO c.z.h.HikariDataSource [restartedMain] HikariPool-4 - Shutdown initiated...
2024-08-13 05:26:15,342 INFO c.z.h.HikariDataSource [restartedMain] HikariPool-4 - Shutdown completed.
2024-08-13 05:26:15,372 INFO o.s.b.a.l.ConditionEvaluationReportLogger [restartedMain] 

Error starting ApplicationContext. To display the condition evaluation report re-run your application with 'debug' enabled.
2024-08-13 05:26:15,383 ERROR o.s.b.SpringApplication [restartedMain] Application run failed
org.springframework.context.ApplicationContextException: Unable to start web server
	at org.springframework.boot.web.servlet.context.ServletWebServerApplicationContext.onRefresh(ServletWebServerApplicationContext.java:165)
	at org.springframework.context.support.AbstractApplicationContext.refresh(AbstractApplicationContext.java:619)
	at org.springframework.boot.web.servlet.context.ServletWebServerApplicationContext.refresh(ServletWebServerApplicationContext.java:146)
	at org.springframework.boot.SpringApplication.refresh(SpringApplication.java:754)
	at org.springframework.boot.SpringApplication.refreshContext(SpringApplication.java:456)
	at org.springframework.boot.SpringApplication.run(SpringApplication.java:335)
	at org.springframework.boot.SpringApplication.run(SpringApplication.java:1363)
	at org.springframework.boot.SpringApplication.run(SpringApplication.java:1352)
	at com.max.quizspring.QuizspringApplication.main(QuizspringApplication.java:10)
	at java.base/jdk.internal.reflect.NativeMethodAccessorImpl.invoke0(Native Method)
	at java.base/jdk.internal.reflect.NativeMethodAccessorImpl.invoke(NativeMethodAccessorImpl.java:77)
	at java.base/jdk.internal.reflect.DelegatingMethodAccessorImpl.invoke(DelegatingMethodAccessorImpl.java:43)
	at java.base/java.lang.reflect.Method.invoke(Method.java:568)
	at org.springframework.boot.devtools.restart.RestartLauncher.run(RestartLauncher.java:50)
Caused by: org.springframework.boot.web.server.WebServerException: Unable to start embedded Tomcat
	at org.springframework.boot.web.embedded.tomcat.TomcatWebServer.initialize(TomcatWebServer.java:147)
	at org.springframework.boot.web.embedded.tomcat.TomcatWebServer.<init>(TomcatWebServer.java:107)
	at org.springframework.boot.web.embedded.tomcat.TomcatServletWebServerFactory.getTomcatWebServer(TomcatServletWebServerFactory.java:516)
	at org.springframework.boot.web.embedded.tomcat.TomcatServletWebServerFactory.getWebServer(TomcatServletWebServerFactory.java:222)
	at org.springframework.boot.web.servlet.context.ServletWebServerApplicationContext.createWebServer(ServletWebServerApplicationContext.java:188)
	at org.springframework.boot.web.servlet.context.ServletWebServerApplicationContext.onRefresh(ServletWebServerApplicationContext.java:162)
	... 13 common frames omitted
Caused by: org.springframework.beans.factory.UnsatisfiedDependencyException: Error creating bean with name 'jwtAuthenticationFilter' defined in file [C:\Users\johnb\Desktop\Security-template\Spring-Security-Template-V4\target\classes\com\max\quizspring\config\JwtAuthenticationFilter.class]: Unsatisfied dependency expressed through constructor parameter 1: Error creating bean with name 'appConfig' defined in file [C:\Users\johnb\Desktop\Security-template\Spring-Security-Template-V4\target\classes\com\max\quizspring\config\AppConfig.class]: Failed to instantiate [com.max.quizspring.config.AppConfig$$SpringCGLIB$$0]: Constructor threw exception
	at org.springframework.beans.factory.support.ConstructorResolver.createArgumentArray(ConstructorResolver.java:795)
	at org.springframework.beans.factory.support.ConstructorResolver.autowireConstructor(ConstructorResolver.java:237)
	at org.springframework.beans.factory.support.AbstractAutowireCapableBeanFactory.autowireConstructor(AbstractAutowireCapableBeanFactory.java:1375)
	at org.springframework.beans.factory.support.AbstractAutowireCapableBeanFactory.createBeanInstance(AbstractAutowireCapableBeanFactory.java:1212)
	at org.springframework.beans.factory.support.AbstractAutowireCapableBeanFactory.doCreateBean(AbstractAutowireCapableBeanFactory.java:562)
	at org.springframework.beans.factory.support.AbstractAutowireCapableBeanFactory.createBean(AbstractAutowireCapableBeanFactory.java:522)
	at org.springframework.beans.factory.support.AbstractBeanFactory.lambda$doGetBean$0(AbstractBeanFactory.java:337)
	at org.springframework.beans.factory.support.DefaultSingletonBeanRegistry.getSingleton(DefaultSingletonBeanRegistry.java:234)
	at org.springframework.beans.factory.support.AbstractBeanFactory.doGetBean(AbstractBeanFactory.java:335)
	at org.springframework.beans.factory.support.AbstractBeanFactory.getBean(AbstractBeanFactory.java:205)
	at org.springframework.boot.web.servlet.ServletContextInitializerBeans.getOrderedBeansOfType(ServletContextInitializerBeans.java:211)
	at org.springframework.boot.web.servlet.ServletContextInitializerBeans.addAsRegistrationBean(ServletContextInitializerBeans.java:174)
	at org.springframework.boot.web.servlet.ServletContextInitializerBeans.addAsRegistrationBean(ServletContextInitializerBeans.java:169)
	at org.springframework.boot.web.servlet.ServletContextInitializerBeans.addAdaptableBeans(ServletContextInitializerBeans.java:154)
	at org.springframework.boot.web.servlet.ServletContextInitializerBeans.<init>(ServletContextInitializerBeans.java:87)
	at org.springframework.boot.web.servlet.context.ServletWebServerApplicationContext.getServletContextInitializerBeans(ServletWebServerApplicationContext.java:266)
	at org.springframework.boot.web.servlet.context.ServletWebServerApplicationContext.selfInitialize(ServletWebServerApplicationContext.java:240)
	at org.springframework.boot.web.embedded.tomcat.TomcatStarter.onStartup(TomcatStarter.java:52)
	at org.apache.catalina.core.StandardContext.startInternal(StandardContext.java:4414)
	at org.apache.catalina.util.LifecycleBase.start(LifecycleBase.java:164)
	at org.apache.catalina.core.ContainerBase$StartChild.call(ContainerBase.java:1203)
	at org.apache.catalina.core.ContainerBase$StartChild.call(ContainerBase.java:1193)
	at java.base/java.util.concurrent.FutureTask.run(FutureTask.java:264)
	at org.apache.tomcat.util.threads.InlineExecutorService.execute(InlineExecutorService.java:75)
	at java.base/java.util.concurrent.AbstractExecutorService.submit(AbstractExecutorService.java:145)
	at org.apache.catalina.core.ContainerBase.startInternal(ContainerBase.java:749)
	at org.apache.catalina.core.StandardHost.startInternal(StandardHost.java:772)
	at org.apache.catalina.util.LifecycleBase.start(LifecycleBase.java:164)
	at org.apache.catalina.core.ContainerBase$StartChild.call(ContainerBase.java:1203)
	at org.apache.catalina.core.ContainerBase$StartChild.call(ContainerBase.java:1193)
	at java.base/java.util.concurrent.FutureTask.run(FutureTask.java:264)
	at org.apache.tomcat.util.threads.InlineExecutorService.execute(InlineExecutorService.java:75)
	at java.base/java.util.concurrent.AbstractExecutorService.submit(AbstractExecutorService.java:145)
	at org.apache.catalina.core.ContainerBase.startInternal(ContainerBase.java:749)
	at org.apache.catalina.core.StandardEngine.startInternal(StandardEngine.java:203)
	at org.apache.catalina.util.LifecycleBase.start(LifecycleBase.java:164)
	at org.apache.catalina.core.StandardService.startInternal(StandardService.java:415)
	at org.apache.catalina.util.LifecycleBase.start(LifecycleBase.java:164)
	at org.apache.catalina.core.StandardServer.startInternal(StandardServer.java:874)
	at org.apache.catalina.util.LifecycleBase.start(LifecycleBase.java:164)
	at org.apache.catalina.startup.Tomcat.start(Tomcat.java:437)
	at org.springframework.boot.web.embedded.tomcat.TomcatWebServer.initialize(TomcatWebServer.java:128)
	... 18 common frames omitted
Caused by: org.springframework.beans.factory.BeanCreationException: Error creating bean with name 'appConfig' defined in file [C:\Users\johnb\Desktop\Security-template\Spring-Security-Template-V4\target\classes\com\max\quizspring\config\AppConfig.class]: Failed to instantiate [com.max.quizspring.config.AppConfig$$SpringCGLIB$$0]: Constructor threw exception
	at org.springframework.beans.factory.support.ConstructorResolver.instantiate(ConstructorResolver.java:318)
	at org.springframework.beans.factory.support.ConstructorResolver.autowireConstructor(ConstructorResolver.java:306)
	at org.springframework.beans.factory.support.AbstractAutowireCapableBeanFactory.autowireConstructor(AbstractAutowireCapableBeanFactory.java:1375)
	at org.springframework.beans.factory.support.AbstractAutowireCapableBeanFactory.createBeanInstance(AbstractAutowireCapableBeanFactory.java:1212)
	at org.springframework.beans.factory.support.AbstractAutowireCapableBeanFactory.doCreateBean(AbstractAutowireCapableBeanFactory.java:562)
	at org.springframework.beans.factory.support.AbstractAutowireCapableBeanFactory.createBean(AbstractAutowireCapableBeanFactory.java:522)
	at org.springframework.beans.factory.support.AbstractBeanFactory.lambda$doGetBean$0(AbstractBeanFactory.java:337)
	at org.springframework.beans.factory.support.DefaultSingletonBeanRegistry.getSingleton(DefaultSingletonBeanRegistry.java:234)
	at org.springframework.beans.factory.support.AbstractBeanFactory.doGetBean(AbstractBeanFactory.java:335)
	at org.springframework.beans.factory.support.AbstractBeanFactory.getBean(AbstractBeanFactory.java:200)
	at org.springframework.beans.factory.support.ConstructorResolver.instantiateUsingFactoryMethod(ConstructorResolver.java:409)
	at org.springframework.beans.factory.support.AbstractAutowireCapableBeanFactory.instantiateUsingFactoryMethod(AbstractAutowireCapableBeanFactory.java:1355)
	at org.springframework.beans.factory.support.AbstractAutowireCapableBeanFactory.createBeanInstance(AbstractAutowireCapableBeanFactory.java:1185)
	at org.springframework.beans.factory.support.AbstractAutowireCapableBeanFactory.doCreateBean(AbstractAutowireCapableBeanFactory.java:562)
	at org.springframework.beans.factory.support.AbstractAutowireCapableBeanFactory.createBean(AbstractAutowireCapableBeanFactory.java:522)
	at org.springframework.beans.factory.support.AbstractBeanFactory.lambda$doGetBean$0(AbstractBeanFactory.java:337)
	at org.springframework.beans.factory.support.DefaultSingletonBeanRegistry.getSingleton(DefaultSingletonBeanRegistry.java:234)
	at org.springframework.beans.factory.support.AbstractBeanFactory.doGetBean(AbstractBeanFactory.java:335)
	at org.springframework.beans.factory.support.AbstractBeanFactory.getBean(AbstractBeanFactory.java:200)
	at org.springframework.beans.factory.config.DependencyDescriptor.resolveCandidate(DependencyDescriptor.java:254)
	at org.springframework.beans.factory.support.DefaultListableBeanFactory.doResolveDependency(DefaultListableBeanFactory.java:1443)
	at org.springframework.beans.factory.support.DefaultListableBeanFactory.resolveDependency(DefaultListableBeanFactory.java:1353)
	at org.springframework.beans.factory.support.ConstructorResolver.resolveAutowiredArgument(ConstructorResolver.java:904)
	at org.springframework.beans.factory.support.ConstructorResolver.createArgumentArray(ConstructorResolver.java:782)
	... 59 common frames omitted
Caused by: org.springframework.beans.BeanInstantiationException: Failed to instantiate [com.max.quizspring.config.AppConfig$$SpringCGLIB$$0]: Constructor threw exception
	at org.springframework.beans.BeanUtils.instantiateClass(BeanUtils.java:221)
	at org.springframework.beans.factory.support.SimpleInstantiationStrategy.instantiate(SimpleInstantiationStrategy.java:117)
	at org.springframework.beans.factory.support.ConstructorResolver.instantiate(ConstructorResolver.java:315)
	... 82 common frames omitted
Caused by: java.lang.Error: Unresolved compilation problem: 

	at com.max.quizspring.config.AppConfig.<init>(AppConfig.java:17)
	at com.max.quizspring.config.AppConfig$$SpringCGLIB$$0.<init>(<generated>)
	at java.base/jdk.internal.reflect.NativeConstructorAccessorImpl.newInstance0(Native Method)
	at java.base/jdk.internal.reflect.NativeConstructorAccessorImpl.newInstance(NativeConstructorAccessorImpl.java:77)
	at java.base/jdk.internal.reflect.DelegatingConstructorAccessorImpl.newInstance(DelegatingConstructorAccessorImpl.java:45)
	at java.base/java.lang.reflect.Constructor.newInstanceWithCaller(Constructor.java:499)
	at java.base/java.lang.reflect.Constructor.newInstance(Constructor.java:480)
	at org.springframework.beans.BeanUtils.instantiateClass(BeanUtils.java:208)
	... 84 common frames omitted
2024-08-13 05:26:42,131 INFO o.s.b.StartupInfoLogger [restartedMain] Starting QuizspringApplication using Java 17.0.7 with PID 9184 (C:\Users\johnb\Desktop\Security-template\Spring-Security-Template-V4\target\classes started by johnb in C:\Users\johnb\Desktop\Security-template\Spring-Security-Template-V4)
2024-08-13 05:26:42,148 INFO o.s.b.SpringApplication [restartedMain] No active profile set, falling back to 1 default profile: "default"
2024-08-13 05:26:45,872 INFO o.s.d.r.c.RepositoryConfigurationDelegate [restartedMain] Bootstrapping Spring Data JPA repositories in DEFAULT mode.
2024-08-13 05:26:46,846 INFO o.s.d.r.c.RepositoryConfigurationDelegate [restartedMain] Finished Spring Data repository scanning in 960 ms. Found 5 JPA repository interfaces.
2024-08-13 05:26:50,250 INFO o.s.b.w.e.t.TomcatWebServer [restartedMain] Tomcat initialized with port 7777 (http)
2024-08-13 05:26:50,250 INFO o.a.j.l.DirectJDKLog [restartedMain] Initializing ProtocolHandler ["http-nio-7777"]
2024-08-13 05:26:50,268 INFO o.a.j.l.DirectJDKLog [restartedMain] Starting service [Tomcat]
2024-08-13 05:26:50,290 INFO o.a.j.l.DirectJDKLog [restartedMain] Starting Servlet engine: [Apache Tomcat/10.1.26]
2024-08-13 05:26:50,447 INFO o.a.j.l.DirectJDKLog [restartedMain] Initializing Spring embedded WebApplicationContext
2024-08-13 05:26:50,449 INFO o.s.b.w.s.c.ServletWebServerApplicationContext [restartedMain] Root WebApplicationContext: initialization completed in 8250 ms
2024-08-13 05:26:50,759 INFO o.h.j.i.u.LogHelper [restartedMain] HHH000204: Processing PersistenceUnitInfo [name: default]
2024-08-13 05:26:50,806 INFO o.h.c.i.RegionFactoryInitiator [restartedMain] HHH000026: Second-level cache disabled
2024-08-13 05:26:50,960 INFO o.s.o.j.p.SpringPersistenceUnitInfo [restartedMain] No LoadTimeWeaver setup: ignoring JPA class transformer
2024-08-13 05:26:50,972 INFO c.z.h.HikariDataSource [restartedMain] HikariPool-5 - Starting...
2024-08-13 05:26:51,177 INFO c.z.h.p.HikariPool [restartedMain] HikariPool-5 - Added connection com.mysql.cj.jdbc.ConnectionImpl@588010ed
2024-08-13 05:26:51,179 INFO c.z.h.HikariDataSource [restartedMain] HikariPool-5 - Start completed.
2024-08-13 05:26:51,188 WARN o.h.e.j.d.i.DialectFactoryImpl [restartedMain] HHH90000025: MySQLDialect does not need to be specified explicitly using 'hibernate.dialect' (remove the property setting and it will be selected by default)
2024-08-13 05:26:52,920 INFO o.h.e.t.j.p.i.JtaPlatformInitiator [restartedMain] HHH000489: No JTA platform available (set 'hibernate.transaction.jta.platform' to enable JTA platform integration)
2024-08-13 05:26:53,256 INFO o.s.o.j.AbstractEntityManagerFactoryBean [restartedMain] Initialized JPA EntityManagerFactory for persistence unit 'default'
2024-08-13 05:26:54,964 INFO o.s.s.c.a.a.c.InitializeUserDetailsBeanManagerConfigurer$InitializeUserDetailsManagerConfigurer [restartedMain] Global AuthenticationManager configured with UserDetailsService bean with name userDetailsService
2024-08-13 05:26:56,825 WARN o.s.b.a.o.j.JpaBaseConfiguration$JpaWebConfiguration [restartedMain] spring.jpa.open-in-view is enabled by default. Therefore, database queries may be performed during view rendering. Explicitly configure spring.jpa.open-in-view to disable this warning
2024-08-13 05:26:57,921 DEBUG o.s.s.w.DefaultSecurityFilterChain [restartedMain] Will secure any request with filters: DisableEncodeUrlFilter, WebAsyncManagerIntegrationFilter, SecurityContextHolderFilter, HeaderWriterFilter, CorsFilter, LogoutFilter, JwtAuthenticationFilter, RequestCacheAwareFilter, SecurityContextHolderAwareRequestFilter, AnonymousAuthenticationFilter, SessionManagementFilter, ExceptionTranslationFilter, AuthorizationFilter
2024-08-13 05:26:58,273 INFO o.s.b.d.a.OptionalLiveReloadServer [restartedMain] LiveReload server is running on port 35729
2024-08-13 05:26:58,301 INFO o.a.j.l.DirectJDKLog [restartedMain] Starting ProtocolHandler ["http-nio-7777"]
2024-08-13 05:26:58,351 INFO o.s.b.w.e.t.TomcatWebServer [restartedMain] Tomcat started on port 7777 (http) with context path '/'
2024-08-13 05:26:58,386 INFO o.s.b.StartupInfoLogger [restartedMain] Started QuizspringApplication in 16.703 seconds (process running for 1600.13)
2024-08-13 05:26:58,403 INFO o.s.b.d.a.ConditionEvaluationDeltaLoggingListener [restartedMain] Condition evaluation unchanged
2024-08-13 05:27:01,043 INFO o.s.b.d.a.LocalDevToolsAutoConfiguration$RestartingClassPathChangeChangedEventListener [File Watcher] Restarting due to 2 class path changes (0 additions, 0 deletions, 2 modifications)
2024-08-13 05:27:01,052 INFO o.a.j.l.DirectJDKLog [Thread-11] Stopping ProtocolHandler ["http-nio-7777"]
2024-08-13 05:27:01,185 INFO o.s.o.j.AbstractEntityManagerFactoryBean [Thread-11] Closing JPA EntityManagerFactory for persistence unit 'default'
2024-08-13 05:27:01,189 INFO c.z.h.HikariDataSource [Thread-11] HikariPool-5 - Shutdown initiated...
2024-08-13 05:27:01,218 INFO c.z.h.HikariDataSource [Thread-11] HikariPool-5 - Shutdown completed.
2024-08-13 05:27:01,624 INFO o.s.b.StartupInfoLogger [restartedMain] Starting QuizspringApplication using Java 17.0.7 with PID 9184 (C:\Users\johnb\Desktop\Security-template\Spring-Security-Template-V4\target\classes started by johnb in C:\Users\johnb\Desktop\Security-template\Spring-Security-Template-V4)
2024-08-13 05:27:01,626 INFO o.s.b.SpringApplication [restartedMain] No active profile set, falling back to 1 default profile: "default"
2024-08-13 05:27:04,191 INFO o.s.d.r.c.RepositoryConfigurationDelegate [restartedMain] Bootstrapping Spring Data JPA repositories in DEFAULT mode.
2024-08-13 05:27:05,491 INFO o.s.d.r.c.RepositoryConfigurationDelegate [restartedMain] Finished Spring Data repository scanning in 712 ms. Found 5 JPA repository interfaces.
2024-08-13 05:27:08,144 INFO o.s.b.w.e.t.TomcatWebServer [restartedMain] Tomcat initialized with port 7777 (http)
2024-08-13 05:27:08,160 INFO o.a.j.l.DirectJDKLog [restartedMain] Initializing ProtocolHandler ["http-nio-7777"]
2024-08-13 05:27:08,217 INFO o.a.j.l.DirectJDKLog [restartedMain] Starting service [Tomcat]
2024-08-13 05:27:08,232 INFO o.a.j.l.DirectJDKLog [restartedMain] Starting Servlet engine: [Apache Tomcat/10.1.26]
2024-08-13 05:27:08,440 INFO o.a.j.l.DirectJDKLog [restartedMain] Initializing Spring embedded WebApplicationContext
2024-08-13 05:27:08,456 INFO o.s.b.w.s.c.ServletWebServerApplicationContext [restartedMain] Root WebApplicationContext: initialization completed in 6826 ms
2024-08-13 05:27:08,807 INFO o.h.j.i.u.LogHelper [restartedMain] HHH000204: Processing PersistenceUnitInfo [name: default]
2024-08-13 05:27:08,850 INFO o.h.c.i.RegionFactoryInitiator [restartedMain] HHH000026: Second-level cache disabled
2024-08-13 05:27:09,014 INFO o.s.o.j.p.SpringPersistenceUnitInfo [restartedMain] No LoadTimeWeaver setup: ignoring JPA class transformer
2024-08-13 05:27:09,025 INFO c.z.h.HikariDataSource [restartedMain] HikariPool-6 - Starting...
2024-08-13 05:27:09,145 INFO c.z.h.p.HikariPool [restartedMain] HikariPool-6 - Added connection com.mysql.cj.jdbc.ConnectionImpl@58dd8e9
2024-08-13 05:27:09,148 INFO c.z.h.HikariDataSource [restartedMain] HikariPool-6 - Start completed.
2024-08-13 05:27:09,154 WARN o.h.e.j.d.i.DialectFactoryImpl [restartedMain] HHH90000025: MySQLDialect does not need to be specified explicitly using 'hibernate.dialect' (remove the property setting and it will be selected by default)
2024-08-13 05:27:11,658 INFO o.h.e.t.j.p.i.JtaPlatformInitiator [restartedMain] HHH000489: No JTA platform available (set 'hibernate.transaction.jta.platform' to enable JTA platform integration)
2024-08-13 05:27:11,821 INFO o.s.o.j.AbstractEntityManagerFactoryBean [restartedMain] Initialized JPA EntityManagerFactory for persistence unit 'default'
2024-08-13 05:27:13,990 INFO o.s.s.c.a.a.c.InitializeUserDetailsBeanManagerConfigurer$InitializeUserDetailsManagerConfigurer [restartedMain] Global AuthenticationManager configured with UserDetailsService bean with name userDetailsService
2024-08-13 05:27:14,476 WARN o.s.b.a.o.j.JpaBaseConfiguration$JpaWebConfiguration [restartedMain] spring.jpa.open-in-view is enabled by default. Therefore, database queries may be performed during view rendering. Explicitly configure spring.jpa.open-in-view to disable this warning
2024-08-13 05:27:15,085 DEBUG o.s.s.w.DefaultSecurityFilterChain [restartedMain] Will secure any request with filters: DisableEncodeUrlFilter, WebAsyncManagerIntegrationFilter, SecurityContextHolderFilter, HeaderWriterFilter, CorsFilter, LogoutFilter, JwtAuthenticationFilter, RequestCacheAwareFilter, SecurityContextHolderAwareRequestFilter, AnonymousAuthenticationFilter, SessionManagementFilter, ExceptionTranslationFilter, AuthorizationFilter
2024-08-13 05:27:15,487 INFO o.s.b.d.a.OptionalLiveReloadServer [restartedMain] LiveReload server is running on port 35729
2024-08-13 05:27:15,589 INFO o.a.j.l.DirectJDKLog [restartedMain] Starting ProtocolHandler ["http-nio-7777"]
2024-08-13 05:27:15,625 INFO o.s.b.w.e.t.TomcatWebServer [restartedMain] Tomcat started on port 7777 (http) with context path '/'
2024-08-13 05:27:15,701 INFO o.s.b.StartupInfoLogger [restartedMain] Started QuizspringApplication in 14.182 seconds (process running for 1617.438)
2024-08-13 05:27:15,720 INFO o.s.b.d.a.ConditionEvaluationDeltaLoggingListener [restartedMain] Condition evaluation unchanged
2024-08-13 05:28:56,379 INFO o.a.j.l.DirectJDKLog [http-nio-7777-exec-2] Initializing Spring DispatcherServlet 'dispatcherServlet'
2024-08-13 05:28:56,653 INFO o.s.w.s.FrameworkServlet [http-nio-7777-exec-2] Initializing Servlet 'dispatcherServlet'
2024-08-13 05:28:57,248 INFO o.s.w.s.FrameworkServlet [http-nio-7777-exec-2] Completed initialization in 581 ms
2024-08-13 05:28:57,837 DEBUG o.s.s.w.FilterChainProxy [http-nio-7777-exec-2] Securing OPTIONS /api/users/all
2024-08-13 05:28:57,906 DEBUG o.s.s.w.FilterChainProxy [http-nio-7777-exec-1] Securing OPTIONS /api/users/all
2024-08-13 05:28:58,417 DEBUG o.s.s.w.FilterChainProxy [http-nio-7777-exec-4] Securing GET /api/users/all
2024-08-13 05:29:00,626 ERROR o.a.j.l.DirectJDKLog [http-nio-7777-exec-4] Servlet.service() for servlet [dispatcherServlet] in context with path [] threw exception
io.jsonwebtoken.ExpiredJwtException: JWT expired at 2024-08-12T23:50:57Z. Current time: 2024-08-12T23:58:59Z, a difference of 482478 milliseconds.  Allowed clock skew: 0 milliseconds.
	at io.jsonwebtoken.impl.DefaultJwtParser.parse(DefaultJwtParser.java:427)
	at io.jsonwebtoken.impl.DefaultJwtParser.parse(DefaultJwtParser.java:529)
	at io.jsonwebtoken.impl.DefaultJwtParser.parseClaimsJws(DefaultJwtParser.java:589)
	at io.jsonwebtoken.impl.ImmutableJwtParser.parseClaimsJws(ImmutableJwtParser.java:173)
	at com.max.quizspring.config.JwtToken.extractAllClaims(JwtToken.java:36)
	at com.max.quizspring.config.JwtToken.extraClaim(JwtToken.java:31)
	at com.max.quizspring.config.JwtToken.extractUsername(JwtToken.java:23)
	at com.max.quizspring.config.JwtAuthenticationFilter.doFilterInternal(JwtAuthenticationFilter.java:41)
	at org.springframework.web.filter.OncePerRequestFilter.doFilter(OncePerRequestFilter.java:116)
	at org.springframework.security.web.FilterChainProxy$VirtualFilterChain.doFilter(FilterChainProxy.java:374)
	at org.springframework.security.web.authentication.logout.LogoutFilter.doFilter(LogoutFilter.java:107)
	at org.springframework.security.web.authentication.logout.LogoutFilter.doFilter(LogoutFilter.java:93)
	at org.springframework.security.web.FilterChainProxy$VirtualFilterChain.doFilter(FilterChainProxy.java:374)
	at org.springframework.web.filter.CorsFilter.doFilterInternal(CorsFilter.java:91)
	at org.springframework.web.filter.OncePerRequestFilter.doFilter(OncePerRequestFilter.java:116)
	at org.springframework.security.web.FilterChainProxy$VirtualFilterChain.doFilter(FilterChainProxy.java:374)
	at org.springframework.security.web.header.HeaderWriterFilter.doHeadersAfter(HeaderWriterFilter.java:90)
	at org.springframework.security.web.header.HeaderWriterFilter.doFilterInternal(HeaderWriterFilter.java:75)
	at org.springframework.web.filter.OncePerRequestFilter.doFilter(OncePerRequestFilter.java:116)
	at org.springframework.security.web.FilterChainProxy$VirtualFilterChain.doFilter(FilterChainProxy.java:374)
	at org.springframework.security.web.context.SecurityContextHolderFilter.doFilter(SecurityContextHolderFilter.java:82)
	at org.springframework.security.web.context.SecurityContextHolderFilter.doFilter(SecurityContextHolderFilter.java:69)
	at org.springframework.security.web.FilterChainProxy$VirtualFilterChain.doFilter(FilterChainProxy.java:374)
	at org.springframework.security.web.context.request.async.WebAsyncManagerIntegrationFilter.doFilterInternal(WebAsyncManagerIntegrationFilter.java:62)
	at org.springframework.web.filter.OncePerRequestFilter.doFilter(OncePerRequestFilter.java:116)
	at org.springframework.security.web.FilterChainProxy$VirtualFilterChain.doFilter(FilterChainProxy.java:374)
	at org.springframework.security.web.session.DisableEncodeUrlFilter.doFilterInternal(DisableEncodeUrlFilter.java:42)
	at org.springframework.web.filter.OncePerRequestFilter.doFilter(OncePerRequestFilter.java:116)
	at org.springframework.security.web.FilterChainProxy$VirtualFilterChain.doFilter(FilterChainProxy.java:374)
	at org.springframework.security.web.FilterChainProxy.doFilterInternal(FilterChainProxy.java:233)
	at org.springframework.security.web.FilterChainProxy.doFilter(FilterChainProxy.java:191)
	at org.springframework.web.filter.CompositeFilter$VirtualFilterChain.doFilter(CompositeFilter.java:113)
	at org.springframework.web.servlet.handler.HandlerMappingIntrospector.lambda$createCacheFilter$3(HandlerMappingIntrospector.java:195)
	at org.springframework.web.filter.CompositeFilter$VirtualFilterChain.doFilter(CompositeFilter.java:113)
	at org.springframework.web.filter.CompositeFilter.doFilter(CompositeFilter.java:74)
	at org.springframework.security.config.annotation.web.configuration.WebMvcSecurityConfiguration$CompositeFilterChainProxy.doFilter(WebMvcSecurityConfiguration.java:230)
	at org.springframework.web.filter.DelegatingFilterProxy.invokeDelegate(DelegatingFilterProxy.java:352)
	at org.springframework.web.filter.DelegatingFilterProxy.doFilter(DelegatingFilterProxy.java:268)
	at org.apache.catalina.core.ApplicationFilterChain.internalDoFilter(ApplicationFilterChain.java:164)
	at org.apache.catalina.core.ApplicationFilterChain.doFilter(ApplicationFilterChain.java:140)
	at org.springframework.web.filter.RequestContextFilter.doFilterInternal(RequestContextFilter.java:100)
	at org.springframework.web.filter.OncePerRequestFilter.doFilter(OncePerRequestFilter.java:116)
	at org.apache.catalina.core.ApplicationFilterChain.internalDoFilter(ApplicationFilterChain.java:164)
	at org.apache.catalina.core.ApplicationFilterChain.doFilter(ApplicationFilterChain.java:140)
	at org.springframework.web.filter.FormContentFilter.doFilterInternal(FormContentFilter.java:93)
	at org.springframework.web.filter.OncePerRequestFilter.doFilter(OncePerRequestFilter.java:116)
	at org.apache.catalina.core.ApplicationFilterChain.internalDoFilter(ApplicationFilterChain.java:164)
	at org.apache.catalina.core.ApplicationFilterChain.doFilter(ApplicationFilterChain.java:140)
	at org.springframework.web.filter.CharacterEncodingFilter.doFilterInternal(CharacterEncodingFilter.java:201)
	at org.springframework.web.filter.OncePerRequestFilter.doFilter(OncePerRequestFilter.java:116)
	at org.apache.catalina.core.ApplicationFilterChain.internalDoFilter(ApplicationFilterChain.java:164)
	at org.apache.catalina.core.ApplicationFilterChain.doFilter(ApplicationFilterChain.java:140)
	at org.apache.catalina.core.StandardWrapperValve.invoke(StandardWrapperValve.java:167)
	at org.apache.catalina.core.StandardContextValve.invoke(StandardContextValve.java:90)
	at org.apache.catalina.authenticator.AuthenticatorBase.invoke(AuthenticatorBase.java:483)
	at org.apache.catalina.core.StandardHostValve.invoke(StandardHostValve.java:115)
	at org.apache.catalina.valves.ErrorReportValve.invoke(ErrorReportValve.java:93)
	at org.apache.catalina.core.StandardEngineValve.invoke(StandardEngineValve.java:74)
	at org.apache.catalina.connector.CoyoteAdapter.service(CoyoteAdapter.java:344)
	at org.apache.coyote.http11.Http11Processor.service(Http11Processor.java:389)
	at org.apache.coyote.AbstractProcessorLight.process(AbstractProcessorLight.java:63)
	at org.apache.coyote.AbstractProtocol$ConnectionHandler.process(AbstractProtocol.java:904)
	at org.apache.tomcat.util.net.NioEndpoint$SocketProcessor.doRun(NioEndpoint.java:1741)
	at org.apache.tomcat.util.net.SocketProcessorBase.run(SocketProcessorBase.java:52)
	at org.apache.tomcat.util.threads.ThreadPoolExecutor.runWorker(ThreadPoolExecutor.java:1190)
	at org.apache.tomcat.util.threads.ThreadPoolExecutor$Worker.run(ThreadPoolExecutor.java:659)
	at org.apache.tomcat.util.threads.TaskThread$WrappingRunnable.run(TaskThread.java:63)
	at java.base/java.lang.Thread.run(Thread.java:833)
2024-08-13 05:29:01,496 DEBUG o.s.s.w.FilterChainProxy [http-nio-7777-exec-4] Securing GET /error
2024-08-13 05:29:01,537 DEBUG o.s.s.w.a.AnonymousAuthenticationFilter [http-nio-7777-exec-4] Set SecurityContextHolder to anonymous SecurityContext
2024-08-13 05:29:01,717 DEBUG o.s.s.w.a.Http403ForbiddenEntryPoint [http-nio-7777-exec-4] Pre-authenticated entry point called. Rejecting access
2024-08-13 05:29:01,753 DEBUG o.s.s.w.FilterChainProxy [http-nio-7777-exec-5] Securing GET /api/users/all
2024-08-13 05:29:01,798 ERROR o.a.j.l.DirectJDKLog [http-nio-7777-exec-5] Servlet.service() for servlet [dispatcherServlet] in context with path [] threw exception
io.jsonwebtoken.ExpiredJwtException: JWT expired at 2024-08-12T23:50:57Z. Current time: 2024-08-12T23:59:01Z, a difference of 484797 milliseconds.  Allowed clock skew: 0 milliseconds.
	at io.jsonwebtoken.impl.DefaultJwtParser.parse(DefaultJwtParser.java:427)
	at io.jsonwebtoken.impl.DefaultJwtParser.parse(DefaultJwtParser.java:529)
	at io.jsonwebtoken.impl.DefaultJwtParser.parseClaimsJws(DefaultJwtParser.java:589)
	at io.jsonwebtoken.impl.ImmutableJwtParser.parseClaimsJws(ImmutableJwtParser.java:173)
	at com.max.quizspring.config.JwtToken.extractAllClaims(JwtToken.java:36)
	at com.max.quizspring.config.JwtToken.extraClaim(JwtToken.java:31)
	at com.max.quizspring.config.JwtToken.extractUsername(JwtToken.java:23)
	at com.max.quizspring.config.JwtAuthenticationFilter.doFilterInternal(JwtAuthenticationFilter.java:41)
	at org.springframework.web.filter.OncePerRequestFilter.doFilter(OncePerRequestFilter.java:116)
	at org.springframework.security.web.FilterChainProxy$VirtualFilterChain.doFilter(FilterChainProxy.java:374)
	at org.springframework.security.web.authentication.logout.LogoutFilter.doFilter(LogoutFilter.java:107)
	at org.springframework.security.web.authentication.logout.LogoutFilter.doFilter(LogoutFilter.java:93)
	at org.springframework.security.web.FilterChainProxy$VirtualFilterChain.doFilter(FilterChainProxy.java:374)
	at org.springframework.web.filter.CorsFilter.doFilterInternal(CorsFilter.java:91)
	at org.springframework.web.filter.OncePerRequestFilter.doFilter(OncePerRequestFilter.java:116)
	at org.springframework.security.web.FilterChainProxy$VirtualFilterChain.doFilter(FilterChainProxy.java:374)
	at org.springframework.security.web.header.HeaderWriterFilter.doHeadersAfter(HeaderWriterFilter.java:90)
	at org.springframework.security.web.header.HeaderWriterFilter.doFilterInternal(HeaderWriterFilter.java:75)
	at org.springframework.web.filter.OncePerRequestFilter.doFilter(OncePerRequestFilter.java:116)
	at org.springframework.security.web.FilterChainProxy$VirtualFilterChain.doFilter(FilterChainProxy.java:374)
	at org.springframework.security.web.context.SecurityContextHolderFilter.doFilter(SecurityContextHolderFilter.java:82)
	at org.springframework.security.web.context.SecurityContextHolderFilter.doFilter(SecurityContextHolderFilter.java:69)
	at org.springframework.security.web.FilterChainProxy$VirtualFilterChain.doFilter(FilterChainProxy.java:374)
	at org.springframework.security.web.context.request.async.WebAsyncManagerIntegrationFilter.doFilterInternal(WebAsyncManagerIntegrationFilter.java:62)
	at org.springframework.web.filter.OncePerRequestFilter.doFilter(OncePerRequestFilter.java:116)
	at org.springframework.security.web.FilterChainProxy$VirtualFilterChain.doFilter(FilterChainProxy.java:374)
	at org.springframework.security.web.session.DisableEncodeUrlFilter.doFilterInternal(DisableEncodeUrlFilter.java:42)
	at org.springframework.web.filter.OncePerRequestFilter.doFilter(OncePerRequestFilter.java:116)
	at org.springframework.security.web.FilterChainProxy$VirtualFilterChain.doFilter(FilterChainProxy.java:374)
	at org.springframework.security.web.FilterChainProxy.doFilterInternal(FilterChainProxy.java:233)
	at org.springframework.security.web.FilterChainProxy.doFilter(FilterChainProxy.java:191)
	at org.springframework.web.filter.CompositeFilter$VirtualFilterChain.doFilter(CompositeFilter.java:113)
	at org.springframework.web.servlet.handler.HandlerMappingIntrospector.lambda$createCacheFilter$3(HandlerMappingIntrospector.java:195)
	at org.springframework.web.filter.CompositeFilter$VirtualFilterChain.doFilter(CompositeFilter.java:113)
	at org.springframework.web.filter.CompositeFilter.doFilter(CompositeFilter.java:74)
	at org.springframework.security.config.annotation.web.configuration.WebMvcSecurityConfiguration$CompositeFilterChainProxy.doFilter(WebMvcSecurityConfiguration.java:230)
	at org.springframework.web.filter.DelegatingFilterProxy.invokeDelegate(DelegatingFilterProxy.java:352)
	at org.springframework.web.filter.DelegatingFilterProxy.doFilter(DelegatingFilterProxy.java:268)
	at org.apache.catalina.core.ApplicationFilterChain.internalDoFilter(ApplicationFilterChain.java:164)
	at org.apache.catalina.core.ApplicationFilterChain.doFilter(ApplicationFilterChain.java:140)
	at org.springframework.web.filter.RequestContextFilter.doFilterInternal(RequestContextFilter.java:100)
	at org.springframework.web.filter.OncePerRequestFilter.doFilter(OncePerRequestFilter.java:116)
	at org.apache.catalina.core.ApplicationFilterChain.internalDoFilter(ApplicationFilterChain.java:164)
	at org.apache.catalina.core.ApplicationFilterChain.doFilter(ApplicationFilterChain.java:140)
	at org.springframework.web.filter.FormContentFilter.doFilterInternal(FormContentFilter.java:93)
	at org.springframework.web.filter.OncePerRequestFilter.doFilter(OncePerRequestFilter.java:116)
	at org.apache.catalina.core.ApplicationFilterChain.internalDoFilter(ApplicationFilterChain.java:164)
	at org.apache.catalina.core.ApplicationFilterChain.doFilter(ApplicationFilterChain.java:140)
	at org.springframework.web.filter.CharacterEncodingFilter.doFilterInternal(CharacterEncodingFilter.java:201)
	at org.springframework.web.filter.OncePerRequestFilter.doFilter(OncePerRequestFilter.java:116)
	at org.apache.catalina.core.ApplicationFilterChain.internalDoFilter(ApplicationFilterChain.java:164)
	at org.apache.catalina.core.ApplicationFilterChain.doFilter(ApplicationFilterChain.java:140)
	at org.apache.catalina.core.StandardWrapperValve.invoke(StandardWrapperValve.java:167)
	at org.apache.catalina.core.StandardContextValve.invoke(StandardContextValve.java:90)
	at org.apache.catalina.authenticator.AuthenticatorBase.invoke(AuthenticatorBase.java:483)
	at org.apache.catalina.core.StandardHostValve.invoke(StandardHostValve.java:115)
	at org.apache.catalina.valves.ErrorReportValve.invoke(ErrorReportValve.java:93)
	at org.apache.catalina.core.StandardEngineValve.invoke(StandardEngineValve.java:74)
	at org.apache.catalina.connector.CoyoteAdapter.service(CoyoteAdapter.java:344)
	at org.apache.coyote.http11.Http11Processor.service(Http11Processor.java:389)
	at org.apache.coyote.AbstractProcessorLight.process(AbstractProcessorLight.java:63)
	at org.apache.coyote.AbstractProtocol$ConnectionHandler.process(AbstractProtocol.java:904)
	at org.apache.tomcat.util.net.NioEndpoint$SocketProcessor.doRun(NioEndpoint.java:1741)
	at org.apache.tomcat.util.net.SocketProcessorBase.run(SocketProcessorBase.java:52)
	at org.apache.tomcat.util.threads.ThreadPoolExecutor.runWorker(ThreadPoolExecutor.java:1190)
	at org.apache.tomcat.util.threads.ThreadPoolExecutor$Worker.run(ThreadPoolExecutor.java:659)
	at org.apache.tomcat.util.threads.TaskThread$WrappingRunnable.run(TaskThread.java:63)
	at java.base/java.lang.Thread.run(Thread.java:833)
2024-08-13 05:29:02,028 DEBUG o.s.s.w.FilterChainProxy [http-nio-7777-exec-5] Securing GET /error
2024-08-13 05:29:02,078 DEBUG o.s.s.w.a.AnonymousAuthenticationFilter [http-nio-7777-exec-5] Set SecurityContextHolder to anonymous SecurityContext
2024-08-13 05:29:02,091 DEBUG o.s.s.w.a.Http403ForbiddenEntryPoint [http-nio-7777-exec-5] Pre-authenticated entry point called. Rejecting access
2024-08-13 05:29:19,240 DEBUG o.s.s.w.FilterChainProxy [http-nio-7777-exec-9] Securing OPTIONS /api/users/email/shaikhaniscoder07@gmail.com
2024-08-13 05:29:19,290 DEBUG o.s.s.w.FilterChainProxy [http-nio-7777-exec-8] Securing OPTIONS /api/users/email/shaikhaniscoder07@gmail.com
2024-08-13 05:29:19,305 DEBUG o.s.s.w.FilterChainProxy [http-nio-7777-exec-10] Securing GET /api/users/email/shaikhaniscoder07@gmail.com
2024-08-13 05:29:19,405 ERROR o.a.j.l.DirectJDKLog [http-nio-7777-exec-10] Servlet.service() for servlet [dispatcherServlet] in context with path [] threw exception
io.jsonwebtoken.ExpiredJwtException: JWT expired at 2024-08-12T23:50:57Z. Current time: 2024-08-12T23:59:19Z, a difference of 502403 milliseconds.  Allowed clock skew: 0 milliseconds.
	at io.jsonwebtoken.impl.DefaultJwtParser.parse(DefaultJwtParser.java:427)
	at io.jsonwebtoken.impl.DefaultJwtParser.parse(DefaultJwtParser.java:529)
	at io.jsonwebtoken.impl.DefaultJwtParser.parseClaimsJws(DefaultJwtParser.java:589)
	at io.jsonwebtoken.impl.ImmutableJwtParser.parseClaimsJws(ImmutableJwtParser.java:173)
	at com.max.quizspring.config.JwtToken.extractAllClaims(JwtToken.java:36)
	at com.max.quizspring.config.JwtToken.extraClaim(JwtToken.java:31)
	at com.max.quizspring.config.JwtToken.extractUsername(JwtToken.java:23)
	at com.max.quizspring.config.JwtAuthenticationFilter.doFilterInternal(JwtAuthenticationFilter.java:41)
	at org.springframework.web.filter.OncePerRequestFilter.doFilter(OncePerRequestFilter.java:116)
	at org.springframework.security.web.FilterChainProxy$VirtualFilterChain.doFilter(FilterChainProxy.java:374)
	at org.springframework.security.web.authentication.logout.LogoutFilter.doFilter(LogoutFilter.java:107)
	at org.springframework.security.web.authentication.logout.LogoutFilter.doFilter(LogoutFilter.java:93)
	at org.springframework.security.web.FilterChainProxy$VirtualFilterChain.doFilter(FilterChainProxy.java:374)
	at org.springframework.web.filter.CorsFilter.doFilterInternal(CorsFilter.java:91)
	at org.springframework.web.filter.OncePerRequestFilter.doFilter(OncePerRequestFilter.java:116)
	at org.springframework.security.web.FilterChainProxy$VirtualFilterChain.doFilter(FilterChainProxy.java:374)
	at org.springframework.security.web.header.HeaderWriterFilter.doHeadersAfter(HeaderWriterFilter.java:90)
	at org.springframework.security.web.header.HeaderWriterFilter.doFilterInternal(HeaderWriterFilter.java:75)
	at org.springframework.web.filter.OncePerRequestFilter.doFilter(OncePerRequestFilter.java:116)
	at org.springframework.security.web.FilterChainProxy$VirtualFilterChain.doFilter(FilterChainProxy.java:374)
	at org.springframework.security.web.context.SecurityContextHolderFilter.doFilter(SecurityContextHolderFilter.java:82)
	at org.springframework.security.web.context.SecurityContextHolderFilter.doFilter(SecurityContextHolderFilter.java:69)
	at org.springframework.security.web.FilterChainProxy$VirtualFilterChain.doFilter(FilterChainProxy.java:374)
	at org.springframework.security.web.context.request.async.WebAsyncManagerIntegrationFilter.doFilterInternal(WebAsyncManagerIntegrationFilter.java:62)
	at org.springframework.web.filter.OncePerRequestFilter.doFilter(OncePerRequestFilter.java:116)
	at org.springframework.security.web.FilterChainProxy$VirtualFilterChain.doFilter(FilterChainProxy.java:374)
	at org.springframework.security.web.session.DisableEncodeUrlFilter.doFilterInternal(DisableEncodeUrlFilter.java:42)
	at org.springframework.web.filter.OncePerRequestFilter.doFilter(OncePerRequestFilter.java:116)
	at org.springframework.security.web.FilterChainProxy$VirtualFilterChain.doFilter(FilterChainProxy.java:374)
	at org.springframework.security.web.FilterChainProxy.doFilterInternal(FilterChainProxy.java:233)
	at org.springframework.security.web.FilterChainProxy.doFilter(FilterChainProxy.java:191)
	at org.springframework.web.filter.CompositeFilter$VirtualFilterChain.doFilter(CompositeFilter.java:113)
	at org.springframework.web.servlet.handler.HandlerMappingIntrospector.lambda$createCacheFilter$3(HandlerMappingIntrospector.java:195)
	at org.springframework.web.filter.CompositeFilter$VirtualFilterChain.doFilter(CompositeFilter.java:113)
	at org.springframework.web.filter.CompositeFilter.doFilter(CompositeFilter.java:74)
	at org.springframework.security.config.annotation.web.configuration.WebMvcSecurityConfiguration$CompositeFilterChainProxy.doFilter(WebMvcSecurityConfiguration.java:230)
	at org.springframework.web.filter.DelegatingFilterProxy.invokeDelegate(DelegatingFilterProxy.java:352)
	at org.springframework.web.filter.DelegatingFilterProxy.doFilter(DelegatingFilterProxy.java:268)
	at org.apache.catalina.core.ApplicationFilterChain.internalDoFilter(ApplicationFilterChain.java:164)
	at org.apache.catalina.core.ApplicationFilterChain.doFilter(ApplicationFilterChain.java:140)
	at org.springframework.web.filter.RequestContextFilter.doFilterInternal(RequestContextFilter.java:100)
	at org.springframework.web.filter.OncePerRequestFilter.doFilter(OncePerRequestFilter.java:116)
	at org.apache.catalina.core.ApplicationFilterChain.internalDoFilter(ApplicationFilterChain.java:164)
	at org.apache.catalina.core.ApplicationFilterChain.doFilter(ApplicationFilterChain.java:140)
	at org.springframework.web.filter.FormContentFilter.doFilterInternal(FormContentFilter.java:93)
	at org.springframework.web.filter.OncePerRequestFilter.doFilter(OncePerRequestFilter.java:116)
	at org.apache.catalina.core.ApplicationFilterChain.internalDoFilter(ApplicationFilterChain.java:164)
	at org.apache.catalina.core.ApplicationFilterChain.doFilter(ApplicationFilterChain.java:140)
	at org.springframework.web.filter.CharacterEncodingFilter.doFilterInternal(CharacterEncodingFilter.java:201)
	at org.springframework.web.filter.OncePerRequestFilter.doFilter(OncePerRequestFilter.java:116)
	at org.apache.catalina.core.ApplicationFilterChain.internalDoFilter(ApplicationFilterChain.java:164)
	at org.apache.catalina.core.ApplicationFilterChain.doFilter(ApplicationFilterChain.java:140)
	at org.apache.catalina.core.StandardWrapperValve.invoke(StandardWrapperValve.java:167)
	at org.apache.catalina.core.StandardContextValve.invoke(StandardContextValve.java:90)
	at org.apache.catalina.authenticator.AuthenticatorBase.invoke(AuthenticatorBase.java:483)
	at org.apache.catalina.core.StandardHostValve.invoke(StandardHostValve.java:115)
	at org.apache.catalina.valves.ErrorReportValve.invoke(ErrorReportValve.java:93)
	at org.apache.catalina.core.StandardEngineValve.invoke(StandardEngineValve.java:74)
	at org.apache.catalina.connector.CoyoteAdapter.service(CoyoteAdapter.java:344)
	at org.apache.coyote.http11.Http11Processor.service(Http11Processor.java:389)
	at org.apache.coyote.AbstractProcessorLight.process(AbstractProcessorLight.java:63)
	at org.apache.coyote.AbstractProtocol$ConnectionHandler.process(AbstractProtocol.java:904)
	at org.apache.tomcat.util.net.NioEndpoint$SocketProcessor.doRun(NioEndpoint.java:1741)
	at org.apache.tomcat.util.net.SocketProcessorBase.run(SocketProcessorBase.java:52)
	at org.apache.tomcat.util.threads.ThreadPoolExecutor.runWorker(ThreadPoolExecutor.java:1190)
	at org.apache.tomcat.util.threads.ThreadPoolExecutor$Worker.run(ThreadPoolExecutor.java:659)
	at org.apache.tomcat.util.threads.TaskThread$WrappingRunnable.run(TaskThread.java:63)
	at java.base/java.lang.Thread.run(Thread.java:833)
2024-08-13 05:29:19,610 DEBUG o.s.s.w.FilterChainProxy [http-nio-7777-exec-10] Securing GET /error
2024-08-13 05:29:19,766 DEBUG o.s.s.w.a.AnonymousAuthenticationFilter [http-nio-7777-exec-10] Set SecurityContextHolder to anonymous SecurityContext
2024-08-13 05:29:19,813 DEBUG o.s.s.w.a.Http403ForbiddenEntryPoint [http-nio-7777-exec-10] Pre-authenticated entry point called. Rejecting access
2024-08-13 05:29:20,025 DEBUG o.s.s.w.FilterChainProxy [http-nio-7777-exec-7] Securing GET /api/users/email/shaikhaniscoder07@gmail.com
2024-08-13 05:29:20,066 ERROR o.a.j.l.DirectJDKLog [http-nio-7777-exec-7] Servlet.service() for servlet [dispatcherServlet] in context with path [] threw exception
io.jsonwebtoken.ExpiredJwtException: JWT expired at 2024-08-12T23:50:57Z. Current time: 2024-08-12T23:59:20Z, a difference of 503066 milliseconds.  Allowed clock skew: 0 milliseconds.
	at io.jsonwebtoken.impl.DefaultJwtParser.parse(DefaultJwtParser.java:427)
	at io.jsonwebtoken.impl.DefaultJwtParser.parse(DefaultJwtParser.java:529)
	at io.jsonwebtoken.impl.DefaultJwtParser.parseClaimsJws(DefaultJwtParser.java:589)
	at io.jsonwebtoken.impl.ImmutableJwtParser.parseClaimsJws(ImmutableJwtParser.java:173)
	at com.max.quizspring.config.JwtToken.extractAllClaims(JwtToken.java:36)
	at com.max.quizspring.config.JwtToken.extraClaim(JwtToken.java:31)
	at com.max.quizspring.config.JwtToken.extractUsername(JwtToken.java:23)
	at com.max.quizspring.config.JwtAuthenticationFilter.doFilterInternal(JwtAuthenticationFilter.java:41)
	at org.springframework.web.filter.OncePerRequestFilter.doFilter(OncePerRequestFilter.java:116)
	at org.springframework.security.web.FilterChainProxy$VirtualFilterChain.doFilter(FilterChainProxy.java:374)
	at org.springframework.security.web.authentication.logout.LogoutFilter.doFilter(LogoutFilter.java:107)
	at org.springframework.security.web.authentication.logout.LogoutFilter.doFilter(LogoutFilter.java:93)
	at org.springframework.security.web.FilterChainProxy$VirtualFilterChain.doFilter(FilterChainProxy.java:374)
	at org.springframework.web.filter.CorsFilter.doFilterInternal(CorsFilter.java:91)
	at org.springframework.web.filter.OncePerRequestFilter.doFilter(OncePerRequestFilter.java:116)
	at org.springframework.security.web.FilterChainProxy$VirtualFilterChain.doFilter(FilterChainProxy.java:374)
	at org.springframework.security.web.header.HeaderWriterFilter.doHeadersAfter(HeaderWriterFilter.java:90)
	at org.springframework.security.web.header.HeaderWriterFilter.doFilterInternal(HeaderWriterFilter.java:75)
	at org.springframework.web.filter.OncePerRequestFilter.doFilter(OncePerRequestFilter.java:116)
	at org.springframework.security.web.FilterChainProxy$VirtualFilterChain.doFilter(FilterChainProxy.java:374)
	at org.springframework.security.web.context.SecurityContextHolderFilter.doFilter(SecurityContextHolderFilter.java:82)
	at org.springframework.security.web.context.SecurityContextHolderFilter.doFilter(SecurityContextHolderFilter.java:69)
	at org.springframework.security.web.FilterChainProxy$VirtualFilterChain.doFilter(FilterChainProxy.java:374)
	at org.springframework.security.web.context.request.async.WebAsyncManagerIntegrationFilter.doFilterInternal(WebAsyncManagerIntegrationFilter.java:62)
	at org.springframework.web.filter.OncePerRequestFilter.doFilter(OncePerRequestFilter.java:116)
	at org.springframework.security.web.FilterChainProxy$VirtualFilterChain.doFilter(FilterChainProxy.java:374)
	at org.springframework.security.web.session.DisableEncodeUrlFilter.doFilterInternal(DisableEncodeUrlFilter.java:42)
	at org.springframework.web.filter.OncePerRequestFilter.doFilter(OncePerRequestFilter.java:116)
	at org.springframework.security.web.FilterChainProxy$VirtualFilterChain.doFilter(FilterChainProxy.java:374)
	at org.springframework.security.web.FilterChainProxy.doFilterInternal(FilterChainProxy.java:233)
	at org.springframework.security.web.FilterChainProxy.doFilter(FilterChainProxy.java:191)
	at org.springframework.web.filter.CompositeFilter$VirtualFilterChain.doFilter(CompositeFilter.java:113)
	at org.springframework.web.servlet.handler.HandlerMappingIntrospector.lambda$createCacheFilter$3(HandlerMappingIntrospector.java:195)
	at org.springframework.web.filter.CompositeFilter$VirtualFilterChain.doFilter(CompositeFilter.java:113)
	at org.springframework.web.filter.CompositeFilter.doFilter(CompositeFilter.java:74)
	at org.springframework.security.config.annotation.web.configuration.WebMvcSecurityConfiguration$CompositeFilterChainProxy.doFilter(WebMvcSecurityConfiguration.java:230)
	at org.springframework.web.filter.DelegatingFilterProxy.invokeDelegate(DelegatingFilterProxy.java:352)
	at org.springframework.web.filter.DelegatingFilterProxy.doFilter(DelegatingFilterProxy.java:268)
	at org.apache.catalina.core.ApplicationFilterChain.internalDoFilter(ApplicationFilterChain.java:164)
	at org.apache.catalina.core.ApplicationFilterChain.doFilter(ApplicationFilterChain.java:140)
	at org.springframework.web.filter.RequestContextFilter.doFilterInternal(RequestContextFilter.java:100)
	at org.springframework.web.filter.OncePerRequestFilter.doFilter(OncePerRequestFilter.java:116)
	at org.apache.catalina.core.ApplicationFilterChain.internalDoFilter(ApplicationFilterChain.java:164)
	at org.apache.catalina.core.ApplicationFilterChain.doFilter(ApplicationFilterChain.java:140)
	at org.springframework.web.filter.FormContentFilter.doFilterInternal(FormContentFilter.java:93)
	at org.springframework.web.filter.OncePerRequestFilter.doFilter(OncePerRequestFilter.java:116)
	at org.apache.catalina.core.ApplicationFilterChain.internalDoFilter(ApplicationFilterChain.java:164)
	at org.apache.catalina.core.ApplicationFilterChain.doFilter(ApplicationFilterChain.java:140)
	at org.springframework.web.filter.CharacterEncodingFilter.doFilterInternal(CharacterEncodingFilter.java:201)
	at org.springframework.web.filter.OncePerRequestFilter.doFilter(OncePerRequestFilter.java:116)
	at org.apache.catalina.core.ApplicationFilterChain.internalDoFilter(ApplicationFilterChain.java:164)
	at org.apache.catalina.core.ApplicationFilterChain.doFilter(ApplicationFilterChain.java:140)
	at org.apache.catalina.core.StandardWrapperValve.invoke(StandardWrapperValve.java:167)
	at org.apache.catalina.core.StandardContextValve.invoke(StandardContextValve.java:90)
	at org.apache.catalina.authenticator.AuthenticatorBase.invoke(AuthenticatorBase.java:483)
	at org.apache.catalina.core.StandardHostValve.invoke(StandardHostValve.java:115)
	at org.apache.catalina.valves.ErrorReportValve.invoke(ErrorReportValve.java:93)
	at org.apache.catalina.core.StandardEngineValve.invoke(StandardEngineValve.java:74)
	at org.apache.catalina.connector.CoyoteAdapter.service(CoyoteAdapter.java:344)
	at org.apache.coyote.http11.Http11Processor.service(Http11Processor.java:389)
	at org.apache.coyote.AbstractProcessorLight.process(AbstractProcessorLight.java:63)
	at org.apache.coyote.AbstractProtocol$ConnectionHandler.process(AbstractProtocol.java:904)
	at org.apache.tomcat.util.net.NioEndpoint$SocketProcessor.doRun(NioEndpoint.java:1741)
	at org.apache.tomcat.util.net.SocketProcessorBase.run(SocketProcessorBase.java:52)
	at org.apache.tomcat.util.threads.ThreadPoolExecutor.runWorker(ThreadPoolExecutor.java:1190)
	at org.apache.tomcat.util.threads.ThreadPoolExecutor$Worker.run(ThreadPoolExecutor.java:659)
	at org.apache.tomcat.util.threads.TaskThread$WrappingRunnable.run(TaskThread.java:63)
	at java.base/java.lang.Thread.run(Thread.java:833)
2024-08-13 05:29:20,159 DEBUG o.s.s.w.FilterChainProxy [http-nio-7777-exec-7] Securing GET /error
2024-08-13 05:29:20,168 DEBUG o.s.s.w.a.AnonymousAuthenticationFilter [http-nio-7777-exec-7] Set SecurityContextHolder to anonymous SecurityContext
2024-08-13 05:29:20,168 DEBUG o.s.s.w.a.Http403ForbiddenEntryPoint [http-nio-7777-exec-7] Pre-authenticated entry point called. Rejecting access
2024-08-13 05:29:31,630 DEBUG o.s.s.w.FilterChainProxy [http-nio-7777-exec-6] Securing OPTIONS /api/auth/login
2024-08-13 05:29:31,644 DEBUG o.s.s.w.FilterChainProxy [http-nio-7777-exec-4] Securing POST /api/auth/login
2024-08-13 05:29:31,662 DEBUG o.s.s.w.a.AnonymousAuthenticationFilter [http-nio-7777-exec-4] Set SecurityContextHolder to anonymous SecurityContext
2024-08-13 05:29:31,662 DEBUG o.s.s.w.FilterChainProxy [http-nio-7777-exec-4] Secured POST /api/auth/login
2024-08-13 05:29:34,426 DEBUG o.s.s.a.d.AbstractUserDetailsAuthenticationProvider [http-nio-7777-exec-4] Authenticated user
2024-08-13 05:29:37,068 DEBUG o.s.s.w.FilterChainProxy [http-nio-7777-exec-9] Securing OPTIONS /api/users/email/shaikhaniscoder07@gmail.com
2024-08-13 05:29:37,068 DEBUG o.s.s.w.FilterChainProxy [http-nio-7777-exec-3] Securing OPTIONS /api/users/email/shaikhaniscoder07@gmail.com
2024-08-13 05:29:37,248 DEBUG o.s.s.w.FilterChainProxy [http-nio-7777-exec-8] Securing GET /api/users/email/shaikhaniscoder07@gmail.com
2024-08-13 05:29:37,812 DEBUG o.s.s.w.FilterChainProxy [http-nio-7777-exec-8] Secured GET /api/users/email/shaikhaniscoder07@gmail.com
2024-08-13 05:29:37,952 ERROR o.a.j.l.DirectJDKLog [http-nio-7777-exec-8] Servlet.service() for servlet [dispatcherServlet] in context with path [] threw exception [Handler dispatch failed: java.lang.Error: Unresolved compilation problem: 
	Type mismatch: cannot convert from Optional<User> to User
] with root cause
java.lang.Error: Unresolved compilation problem: 
	Type mismatch: cannot convert from Optional<User> to User

	at com.max.quizspring.controller.UserController.getUserByEmail(UserController.java:57)
	at java.base/jdk.internal.reflect.NativeMethodAccessorImpl.invoke0(Native Method)
	at java.base/jdk.internal.reflect.NativeMethodAccessorImpl.invoke(NativeMethodAccessorImpl.java:77)
	at java.base/jdk.internal.reflect.DelegatingMethodAccessorImpl.invoke(DelegatingMethodAccessorImpl.java:43)
	at java.base/java.lang.reflect.Method.invoke(Method.java:568)
	at org.springframework.web.method.support.InvocableHandlerMethod.doInvoke(InvocableHandlerMethod.java:255)
	at org.springframework.web.method.support.InvocableHandlerMethod.invokeForRequest(InvocableHandlerMethod.java:188)
	at org.springframework.web.servlet.mvc.method.annotation.ServletInvocableHandlerMethod.invokeAndHandle(ServletInvocableHandlerMethod.java:118)
	at org.springframework.web.servlet.mvc.method.annotation.RequestMappingHandlerAdapter.invokeHandlerMethod(RequestMappingHandlerAdapter.java:926)
	at org.springframework.web.servlet.mvc.method.annotation.RequestMappingHandlerAdapter.handleInternal(RequestMappingHandlerAdapter.java:831)
	at org.springframework.web.servlet.mvc.method.AbstractHandlerMethodAdapter.handle(AbstractHandlerMethodAdapter.java:87)
	at org.springframework.web.servlet.DispatcherServlet.doDispatch(DispatcherServlet.java:1089)
	at org.springframework.web.servlet.DispatcherServlet.doService(DispatcherServlet.java:979)
	at org.springframework.web.servlet.FrameworkServlet.processRequest(FrameworkServlet.java:1014)
	at org.springframework.web.servlet.FrameworkServlet.doGet(FrameworkServlet.java:903)
	at jakarta.servlet.http.HttpServlet.service(HttpServlet.java:564)
	at org.springframework.web.servlet.FrameworkServlet.service(FrameworkServlet.java:885)
	at jakarta.servlet.http.HttpServlet.service(HttpServlet.java:658)
	at org.apache.catalina.core.ApplicationFilterChain.internalDoFilter(ApplicationFilterChain.java:195)
	at org.apache.catalina.core.ApplicationFilterChain.doFilter(ApplicationFilterChain.java:140)
	at org.apache.tomcat.websocket.server.WsFilter.doFilter(WsFilter.java:51)
	at org.apache.catalina.core.ApplicationFilterChain.internalDoFilter(ApplicationFilterChain.java:164)
	at org.apache.catalina.core.ApplicationFilterChain.doFilter(ApplicationFilterChain.java:140)
	at org.springframework.web.filter.OncePerRequestFilter.doFilter(OncePerRequestFilter.java:110)
	at org.apache.catalina.core.ApplicationFilterChain.internalDoFilter(ApplicationFilterChain.java:164)
	at org.apache.catalina.core.ApplicationFilterChain.doFilter(ApplicationFilterChain.java:140)
	at org.springframework.web.filter.CompositeFilter$VirtualFilterChain.doFilter(CompositeFilter.java:108)
	at org.springframework.security.web.FilterChainProxy.lambda$doFilterInternal$3(FilterChainProxy.java:231)
	at org.springframework.security.web.FilterChainProxy$VirtualFilterChain.doFilter(FilterChainProxy.java:365)
	at org.springframework.security.web.access.intercept.AuthorizationFilter.doFilter(AuthorizationFilter.java:100)
	at org.springframework.security.web.FilterChainProxy$VirtualFilterChain.doFilter(FilterChainProxy.java:374)
	at org.springframework.security.web.access.ExceptionTranslationFilter.doFilter(ExceptionTranslationFilter.java:126)
	at org.springframework.security.web.access.ExceptionTranslationFilter.doFilter(ExceptionTranslationFilter.java:120)
	at org.springframework.security.web.FilterChainProxy$VirtualFilterChain.doFilter(FilterChainProxy.java:374)
	at org.springframework.security.web.session.SessionManagementFilter.doFilter(SessionManagementFilter.java:131)
	at org.springframework.security.web.session.SessionManagementFilter.doFilter(SessionManagementFilter.java:85)
	at org.springframework.security.web.FilterChainProxy$VirtualFilterChain.doFilter(FilterChainProxy.java:374)
	at org.springframework.security.web.authentication.AnonymousAuthenticationFilter.doFilter(AnonymousAuthenticationFilter.java:100)
	at org.springframework.security.web.FilterChainProxy$VirtualFilterChain.doFilter(FilterChainProxy.java:374)
	at org.springframework.security.web.servletapi.SecurityContextHolderAwareRequestFilter.doFilter(SecurityContextHolderAwareRequestFilter.java:179)
	at org.springframework.security.web.FilterChainProxy$VirtualFilterChain.doFilter(FilterChainProxy.java:374)
	at org.springframework.security.web.savedrequest.RequestCacheAwareFilter.doFilter(RequestCacheAwareFilter.java:63)
	at org.springframework.security.web.FilterChainProxy$VirtualFilterChain.doFilter(FilterChainProxy.java:374)
	at com.max.quizspring.config.JwtAuthenticationFilter.doFilterInternal(JwtAuthenticationFilter.java:53)
	at org.springframework.web.filter.OncePerRequestFilter.doFilter(OncePerRequestFilter.java:116)
	at org.springframework.security.web.FilterChainProxy$VirtualFilterChain.doFilter(FilterChainProxy.java:374)
	at org.springframework.security.web.authentication.logout.LogoutFilter.doFilter(LogoutFilter.java:107)
	at org.springframework.security.web.authentication.logout.LogoutFilter.doFilter(LogoutFilter.java:93)
	at org.springframework.security.web.FilterChainProxy$VirtualFilterChain.doFilter(FilterChainProxy.java:374)
	at org.springframework.web.filter.CorsFilter.doFilterInternal(CorsFilter.java:91)
	at org.springframework.web.filter.OncePerRequestFilter.doFilter(OncePerRequestFilter.java:116)
	at org.springframework.security.web.FilterChainProxy$VirtualFilterChain.doFilter(FilterChainProxy.java:374)
	at org.springframework.security.web.header.HeaderWriterFilter.doHeadersAfter(HeaderWriterFilter.java:90)
	at org.springframework.security.web.header.HeaderWriterFilter.doFilterInternal(HeaderWriterFilter.java:75)
	at org.springframework.web.filter.OncePerRequestFilter.doFilter(OncePerRequestFilter.java:116)
	at org.springframework.security.web.FilterChainProxy$VirtualFilterChain.doFilter(FilterChainProxy.java:374)
	at org.springframework.security.web.context.SecurityContextHolderFilter.doFilter(SecurityContextHolderFilter.java:82)
	at org.springframework.security.web.context.SecurityContextHolderFilter.doFilter(SecurityContextHolderFilter.java:69)
	at org.springframework.security.web.FilterChainProxy$VirtualFilterChain.doFilter(FilterChainProxy.java:374)
	at org.springframework.security.web.context.request.async.WebAsyncManagerIntegrationFilter.doFilterInternal(WebAsyncManagerIntegrationFilter.java:62)
	at org.springframework.web.filter.OncePerRequestFilter.doFilter(OncePerRequestFilter.java:116)
	at org.springframework.security.web.FilterChainProxy$VirtualFilterChain.doFilter(FilterChainProxy.java:374)
	at org.springframework.security.web.session.DisableEncodeUrlFilter.doFilterInternal(DisableEncodeUrlFilter.java:42)
	at org.springframework.web.filter.OncePerRequestFilter.doFilter(OncePerRequestFilter.java:116)
	at org.springframework.security.web.FilterChainProxy$VirtualFilterChain.doFilter(FilterChainProxy.java:374)
	at org.springframework.security.web.FilterChainProxy.doFilterInternal(FilterChainProxy.java:233)
	at org.springframework.security.web.FilterChainProxy.doFilter(FilterChainProxy.java:191)
	at org.springframework.web.filter.CompositeFilter$VirtualFilterChain.doFilter(CompositeFilter.java:113)
	at org.springframework.web.servlet.handler.HandlerMappingIntrospector.lambda$createCacheFilter$3(HandlerMappingIntrospector.java:195)
	at org.springframework.web.filter.CompositeFilter$VirtualFilterChain.doFilter(CompositeFilter.java:113)
	at org.springframework.web.filter.CompositeFilter.doFilter(CompositeFilter.java:74)
	at org.springframework.security.config.annotation.web.configuration.WebMvcSecurityConfiguration$CompositeFilterChainProxy.doFilter(WebMvcSecurityConfiguration.java:230)
	at org.springframework.web.filter.DelegatingFilterProxy.invokeDelegate(DelegatingFilterProxy.java:352)
	at org.springframework.web.filter.DelegatingFilterProxy.doFilter(DelegatingFilterProxy.java:268)
	at org.apache.catalina.core.ApplicationFilterChain.internalDoFilter(ApplicationFilterChain.java:164)
	at org.apache.catalina.core.ApplicationFilterChain.doFilter(ApplicationFilterChain.java:140)
	at org.springframework.web.filter.RequestContextFilter.doFilterInternal(RequestContextFilter.java:100)
	at org.springframework.web.filter.OncePerRequestFilter.doFilter(OncePerRequestFilter.java:116)
	at org.apache.catalina.core.ApplicationFilterChain.internalDoFilter(ApplicationFilterChain.java:164)
	at org.apache.catalina.core.ApplicationFilterChain.doFilter(ApplicationFilterChain.java:140)
	at org.springframework.web.filter.FormContentFilter.doFilterInternal(FormContentFilter.java:93)
	at org.springframework.web.filter.OncePerRequestFilter.doFilter(OncePerRequestFilter.java:116)
	at org.apache.catalina.core.ApplicationFilterChain.internalDoFilter(ApplicationFilterChain.java:164)
	at org.apache.catalina.core.ApplicationFilterChain.doFilter(ApplicationFilterChain.java:140)
	at org.springframework.web.filter.CharacterEncodingFilter.doFilterInternal(CharacterEncodingFilter.java:201)
	at org.springframework.web.filter.OncePerRequestFilter.doFilter(OncePerRequestFilter.java:116)
	at org.apache.catalina.core.ApplicationFilterChain.internalDoFilter(ApplicationFilterChain.java:164)
	at org.apache.catalina.core.ApplicationFilterChain.doFilter(ApplicationFilterChain.java:140)
	at org.apache.catalina.core.StandardWrapperValve.invoke(StandardWrapperValve.java:167)
	at org.apache.catalina.core.StandardContextValve.invoke(StandardContextValve.java:90)
	at org.apache.catalina.authenticator.AuthenticatorBase.invoke(AuthenticatorBase.java:483)
	at org.apache.catalina.core.StandardHostValve.invoke(StandardHostValve.java:115)
	at org.apache.catalina.valves.ErrorReportValve.invoke(ErrorReportValve.java:93)
	at org.apache.catalina.core.StandardEngineValve.invoke(StandardEngineValve.java:74)
	at org.apache.catalina.connector.CoyoteAdapter.service(CoyoteAdapter.java:344)
	at org.apache.coyote.http11.Http11Processor.service(Http11Processor.java:389)
	at org.apache.coyote.AbstractProcessorLight.process(AbstractProcessorLight.java:63)
	at org.apache.coyote.AbstractProtocol$ConnectionHandler.process(AbstractProtocol.java:904)
	at org.apache.tomcat.util.net.NioEndpoint$SocketProcessor.doRun(NioEndpoint.java:1741)
	at org.apache.tomcat.util.net.SocketProcessorBase.run(SocketProcessorBase.java:52)
	at org.apache.tomcat.util.threads.ThreadPoolExecutor.runWorker(ThreadPoolExecutor.java:1190)
	at org.apache.tomcat.util.threads.ThreadPoolExecutor$Worker.run(ThreadPoolExecutor.java:659)
	at org.apache.tomcat.util.threads.TaskThread$WrappingRunnable.run(TaskThread.java:63)
	at java.base/java.lang.Thread.run(Thread.java:833)
2024-08-13 05:29:38,015 DEBUG o.s.s.w.FilterChainProxy [http-nio-7777-exec-8] Securing GET /error
2024-08-13 05:29:38,047 DEBUG o.s.s.w.a.AnonymousAuthenticationFilter [http-nio-7777-exec-8] Set SecurityContextHolder to anonymous SecurityContext
2024-08-13 05:29:38,062 DEBUG o.s.s.w.a.Http403ForbiddenEntryPoint [http-nio-7777-exec-8] Pre-authenticated entry point called. Rejecting access
2024-08-13 05:29:38,093 DEBUG o.s.s.w.FilterChainProxy [http-nio-7777-exec-10] Securing GET /api/users/email/shaikhaniscoder07@gmail.com
2024-08-13 05:29:38,178 DEBUG o.s.s.w.FilterChainProxy [http-nio-7777-exec-10] Secured GET /api/users/email/shaikhaniscoder07@gmail.com
2024-08-13 05:29:38,193 ERROR o.a.j.l.DirectJDKLog [http-nio-7777-exec-10] Servlet.service() for servlet [dispatcherServlet] in context with path [] threw exception [Handler dispatch failed: java.lang.Error: Unresolved compilation problem: 
	Type mismatch: cannot convert from Optional<User> to User
] with root cause
java.lang.Error: Unresolved compilation problem: 
	Type mismatch: cannot convert from Optional<User> to User

	at com.max.quizspring.controller.UserController.getUserByEmail(UserController.java:57)
	at java.base/jdk.internal.reflect.NativeMethodAccessorImpl.invoke0(Native Method)
	at java.base/jdk.internal.reflect.NativeMethodAccessorImpl.invoke(NativeMethodAccessorImpl.java:77)
	at java.base/jdk.internal.reflect.DelegatingMethodAccessorImpl.invoke(DelegatingMethodAccessorImpl.java:43)
	at java.base/java.lang.reflect.Method.invoke(Method.java:568)
	at org.springframework.web.method.support.InvocableHandlerMethod.doInvoke(InvocableHandlerMethod.java:255)
	at org.springframework.web.method.support.InvocableHandlerMethod.invokeForRequest(InvocableHandlerMethod.java:188)
	at org.springframework.web.servlet.mvc.method.annotation.ServletInvocableHandlerMethod.invokeAndHandle(ServletInvocableHandlerMethod.java:118)
	at org.springframework.web.servlet.mvc.method.annotation.RequestMappingHandlerAdapter.invokeHandlerMethod(RequestMappingHandlerAdapter.java:926)
	at org.springframework.web.servlet.mvc.method.annotation.RequestMappingHandlerAdapter.handleInternal(RequestMappingHandlerAdapter.java:831)
	at org.springframework.web.servlet.mvc.method.AbstractHandlerMethodAdapter.handle(AbstractHandlerMethodAdapter.java:87)
	at org.springframework.web.servlet.DispatcherServlet.doDispatch(DispatcherServlet.java:1089)
	at org.springframework.web.servlet.DispatcherServlet.doService(DispatcherServlet.java:979)
	at org.springframework.web.servlet.FrameworkServlet.processRequest(FrameworkServlet.java:1014)
	at org.springframework.web.servlet.FrameworkServlet.doGet(FrameworkServlet.java:903)
	at jakarta.servlet.http.HttpServlet.service(HttpServlet.java:564)
	at org.springframework.web.servlet.FrameworkServlet.service(FrameworkServlet.java:885)
	at jakarta.servlet.http.HttpServlet.service(HttpServlet.java:658)
	at org.apache.catalina.core.ApplicationFilterChain.internalDoFilter(ApplicationFilterChain.java:195)
	at org.apache.catalina.core.ApplicationFilterChain.doFilter(ApplicationFilterChain.java:140)
	at org.apache.tomcat.websocket.server.WsFilter.doFilter(WsFilter.java:51)
	at org.apache.catalina.core.ApplicationFilterChain.internalDoFilter(ApplicationFilterChain.java:164)
	at org.apache.catalina.core.ApplicationFilterChain.doFilter(ApplicationFilterChain.java:140)
	at org.springframework.web.filter.OncePerRequestFilter.doFilter(OncePerRequestFilter.java:110)
	at org.apache.catalina.core.ApplicationFilterChain.internalDoFilter(ApplicationFilterChain.java:164)
	at org.apache.catalina.core.ApplicationFilterChain.doFilter(ApplicationFilterChain.java:140)
	at org.springframework.web.filter.CompositeFilter$VirtualFilterChain.doFilter(CompositeFilter.java:108)
	at org.springframework.security.web.FilterChainProxy.lambda$doFilterInternal$3(FilterChainProxy.java:231)
	at org.springframework.security.web.FilterChainProxy$VirtualFilterChain.doFilter(FilterChainProxy.java:365)
	at org.springframework.security.web.access.intercept.AuthorizationFilter.doFilter(AuthorizationFilter.java:100)
	at org.springframework.security.web.FilterChainProxy$VirtualFilterChain.doFilter(FilterChainProxy.java:374)
	at org.springframework.security.web.access.ExceptionTranslationFilter.doFilter(ExceptionTranslationFilter.java:126)
	at org.springframework.security.web.access.ExceptionTranslationFilter.doFilter(ExceptionTranslationFilter.java:120)
	at org.springframework.security.web.FilterChainProxy$VirtualFilterChain.doFilter(FilterChainProxy.java:374)
	at org.springframework.security.web.session.SessionManagementFilter.doFilter(SessionManagementFilter.java:131)
	at org.springframework.security.web.session.SessionManagementFilter.doFilter(SessionManagementFilter.java:85)
	at org.springframework.security.web.FilterChainProxy$VirtualFilterChain.doFilter(FilterChainProxy.java:374)
	at org.springframework.security.web.authentication.AnonymousAuthenticationFilter.doFilter(AnonymousAuthenticationFilter.java:100)
	at org.springframework.security.web.FilterChainProxy$VirtualFilterChain.doFilter(FilterChainProxy.java:374)
	at org.springframework.security.web.servletapi.SecurityContextHolderAwareRequestFilter.doFilter(SecurityContextHolderAwareRequestFilter.java:179)
	at org.springframework.security.web.FilterChainProxy$VirtualFilterChain.doFilter(FilterChainProxy.java:374)
	at org.springframework.security.web.savedrequest.RequestCacheAwareFilter.doFilter(RequestCacheAwareFilter.java:63)
	at org.springframework.security.web.FilterChainProxy$VirtualFilterChain.doFilter(FilterChainProxy.java:374)
	at com.max.quizspring.config.JwtAuthenticationFilter.doFilterInternal(JwtAuthenticationFilter.java:53)
	at org.springframework.web.filter.OncePerRequestFilter.doFilter(OncePerRequestFilter.java:116)
	at org.springframework.security.web.FilterChainProxy$VirtualFilterChain.doFilter(FilterChainProxy.java:374)
	at org.springframework.security.web.authentication.logout.LogoutFilter.doFilter(LogoutFilter.java:107)
	at org.springframework.security.web.authentication.logout.LogoutFilter.doFilter(LogoutFilter.java:93)
	at org.springframework.security.web.FilterChainProxy$VirtualFilterChain.doFilter(FilterChainProxy.java:374)
	at org.springframework.web.filter.CorsFilter.doFilterInternal(CorsFilter.java:91)
	at org.springframework.web.filter.OncePerRequestFilter.doFilter(OncePerRequestFilter.java:116)
	at org.springframework.security.web.FilterChainProxy$VirtualFilterChain.doFilter(FilterChainProxy.java:374)
	at org.springframework.security.web.header.HeaderWriterFilter.doHeadersAfter(HeaderWriterFilter.java:90)
	at org.springframework.security.web.header.HeaderWriterFilter.doFilterInternal(HeaderWriterFilter.java:75)
	at org.springframework.web.filter.OncePerRequestFilter.doFilter(OncePerRequestFilter.java:116)
	at org.springframework.security.web.FilterChainProxy$VirtualFilterChain.doFilter(FilterChainProxy.java:374)
	at org.springframework.security.web.context.SecurityContextHolderFilter.doFilter(SecurityContextHolderFilter.java:82)
	at org.springframework.security.web.context.SecurityContextHolderFilter.doFilter(SecurityContextHolderFilter.java:69)
	at org.springframework.security.web.FilterChainProxy$VirtualFilterChain.doFilter(FilterChainProxy.java:374)
	at org.springframework.security.web.context.request.async.WebAsyncManagerIntegrationFilter.doFilterInternal(WebAsyncManagerIntegrationFilter.java:62)
	at org.springframework.web.filter.OncePerRequestFilter.doFilter(OncePerRequestFilter.java:116)
	at org.springframework.security.web.FilterChainProxy$VirtualFilterChain.doFilter(FilterChainProxy.java:374)
	at org.springframework.security.web.session.DisableEncodeUrlFilter.doFilterInternal(DisableEncodeUrlFilter.java:42)
	at org.springframework.web.filter.OncePerRequestFilter.doFilter(OncePerRequestFilter.java:116)
	at org.springframework.security.web.FilterChainProxy$VirtualFilterChain.doFilter(FilterChainProxy.java:374)
	at org.springframework.security.web.FilterChainProxy.doFilterInternal(FilterChainProxy.java:233)
	at org.springframework.security.web.FilterChainProxy.doFilter(FilterChainProxy.java:191)
	at org.springframework.web.filter.CompositeFilter$VirtualFilterChain.doFilter(CompositeFilter.java:113)
	at org.springframework.web.servlet.handler.HandlerMappingIntrospector.lambda$createCacheFilter$3(HandlerMappingIntrospector.java:195)
	at org.springframework.web.filter.CompositeFilter$VirtualFilterChain.doFilter(CompositeFilter.java:113)
	at org.springframework.web.filter.CompositeFilter.doFilter(CompositeFilter.java:74)
	at org.springframework.security.config.annotation.web.configuration.WebMvcSecurityConfiguration$CompositeFilterChainProxy.doFilter(WebMvcSecurityConfiguration.java:230)
	at org.springframework.web.filter.DelegatingFilterProxy.invokeDelegate(DelegatingFilterProxy.java:352)
	at org.springframework.web.filter.DelegatingFilterProxy.doFilter(DelegatingFilterProxy.java:268)
	at org.apache.catalina.core.ApplicationFilterChain.internalDoFilter(ApplicationFilterChain.java:164)
	at org.apache.catalina.core.ApplicationFilterChain.doFilter(ApplicationFilterChain.java:140)
	at org.springframework.web.filter.RequestContextFilter.doFilterInternal(RequestContextFilter.java:100)
	at org.springframework.web.filter.OncePerRequestFilter.doFilter(OncePerRequestFilter.java:116)
	at org.apache.catalina.core.ApplicationFilterChain.internalDoFilter(ApplicationFilterChain.java:164)
	at org.apache.catalina.core.ApplicationFilterChain.doFilter(ApplicationFilterChain.java:140)
	at org.springframework.web.filter.FormContentFilter.doFilterInternal(FormContentFilter.java:93)
	at org.springframework.web.filter.OncePerRequestFilter.doFilter(OncePerRequestFilter.java:116)
	at org.apache.catalina.core.ApplicationFilterChain.internalDoFilter(ApplicationFilterChain.java:164)
	at org.apache.catalina.core.ApplicationFilterChain.doFilter(ApplicationFilterChain.java:140)
	at org.springframework.web.filter.CharacterEncodingFilter.doFilterInternal(CharacterEncodingFilter.java:201)
	at org.springframework.web.filter.OncePerRequestFilter.doFilter(OncePerRequestFilter.java:116)
	at org.apache.catalina.core.ApplicationFilterChain.internalDoFilter(ApplicationFilterChain.java:164)
	at org.apache.catalina.core.ApplicationFilterChain.doFilter(ApplicationFilterChain.java:140)
	at org.apache.catalina.core.StandardWrapperValve.invoke(StandardWrapperValve.java:167)
	at org.apache.catalina.core.StandardContextValve.invoke(StandardContextValve.java:90)
	at org.apache.catalina.authenticator.AuthenticatorBase.invoke(AuthenticatorBase.java:483)
	at org.apache.catalina.core.StandardHostValve.invoke(StandardHostValve.java:115)
	at org.apache.catalina.valves.ErrorReportValve.invoke(ErrorReportValve.java:93)
	at org.apache.catalina.core.StandardEngineValve.invoke(StandardEngineValve.java:74)
	at org.apache.catalina.connector.CoyoteAdapter.service(CoyoteAdapter.java:344)
	at org.apache.coyote.http11.Http11Processor.service(Http11Processor.java:389)
	at org.apache.coyote.AbstractProcessorLight.process(AbstractProcessorLight.java:63)
	at org.apache.coyote.AbstractProtocol$ConnectionHandler.process(AbstractProtocol.java:904)
	at org.apache.tomcat.util.net.NioEndpoint$SocketProcessor.doRun(NioEndpoint.java:1741)
	at org.apache.tomcat.util.net.SocketProcessorBase.run(SocketProcessorBase.java:52)
	at org.apache.tomcat.util.threads.ThreadPoolExecutor.runWorker(ThreadPoolExecutor.java:1190)
	at org.apache.tomcat.util.threads.ThreadPoolExecutor$Worker.run(ThreadPoolExecutor.java:659)
	at org.apache.tomcat.util.threads.TaskThread$WrappingRunnable.run(TaskThread.java:63)
	at java.base/java.lang.Thread.run(Thread.java:833)
2024-08-13 05:29:38,271 DEBUG o.s.s.w.FilterChainProxy [http-nio-7777-exec-10] Securing GET /error
2024-08-13 05:29:38,287 DEBUG o.s.s.w.a.AnonymousAuthenticationFilter [http-nio-7777-exec-10] Set SecurityContextHolder to anonymous SecurityContext
2024-08-13 05:29:38,287 DEBUG o.s.s.w.a.Http403ForbiddenEntryPoint [http-nio-7777-exec-10] Pre-authenticated entry point called. Rejecting access
2024-08-13 05:29:39,537 DEBUG o.s.s.w.FilterChainProxy [http-nio-7777-exec-1] Securing OPTIONS /api/users/all
2024-08-13 05:29:39,538 DEBUG o.s.s.w.FilterChainProxy [http-nio-7777-exec-7] Securing OPTIONS /api/users/all
2024-08-13 05:29:39,619 DEBUG o.s.s.w.FilterChainProxy [http-nio-7777-exec-2] Securing GET /api/users/all
2024-08-13 05:29:39,704 DEBUG o.s.s.w.FilterChainProxy [http-nio-7777-exec-2] Secured GET /api/users/all
2024-08-13 05:29:39,851 DEBUG o.s.s.w.FilterChainProxy [http-nio-7777-exec-6] Securing GET /api/users/all
2024-08-13 05:29:39,939 DEBUG o.s.s.w.FilterChainProxy [http-nio-7777-exec-6] Secured GET /api/users/all
2024-08-13 05:29:40,533 DEBUG o.s.s.w.FilterChainProxy [http-nio-7777-exec-9] Securing GET /api/users/email/shaikhaniscoder07@gmail.com
2024-08-13 05:29:40,652 DEBUG o.s.s.w.FilterChainProxy [http-nio-7777-exec-9] Secured GET /api/users/email/shaikhaniscoder07@gmail.com
2024-08-13 05:29:40,652 ERROR o.a.j.l.DirectJDKLog [http-nio-7777-exec-9] Servlet.service() for servlet [dispatcherServlet] in context with path [] threw exception [Handler dispatch failed: java.lang.Error: Unresolved compilation problem: 
	Type mismatch: cannot convert from Optional<User> to User
] with root cause
java.lang.Error: Unresolved compilation problem: 
	Type mismatch: cannot convert from Optional<User> to User

	at com.max.quizspring.controller.UserController.getUserByEmail(UserController.java:57)
	at java.base/jdk.internal.reflect.NativeMethodAccessorImpl.invoke0(Native Method)
	at java.base/jdk.internal.reflect.NativeMethodAccessorImpl.invoke(NativeMethodAccessorImpl.java:77)
	at java.base/jdk.internal.reflect.DelegatingMethodAccessorImpl.invoke(DelegatingMethodAccessorImpl.java:43)
	at java.base/java.lang.reflect.Method.invoke(Method.java:568)
	at org.springframework.web.method.support.InvocableHandlerMethod.doInvoke(InvocableHandlerMethod.java:255)
	at org.springframework.web.method.support.InvocableHandlerMethod.invokeForRequest(InvocableHandlerMethod.java:188)
	at org.springframework.web.servlet.mvc.method.annotation.ServletInvocableHandlerMethod.invokeAndHandle(ServletInvocableHandlerMethod.java:118)
	at org.springframework.web.servlet.mvc.method.annotation.RequestMappingHandlerAdapter.invokeHandlerMethod(RequestMappingHandlerAdapter.java:926)
	at org.springframework.web.servlet.mvc.method.annotation.RequestMappingHandlerAdapter.handleInternal(RequestMappingHandlerAdapter.java:831)
	at org.springframework.web.servlet.mvc.method.AbstractHandlerMethodAdapter.handle(AbstractHandlerMethodAdapter.java:87)
	at org.springframework.web.servlet.DispatcherServlet.doDispatch(DispatcherServlet.java:1089)
	at org.springframework.web.servlet.DispatcherServlet.doService(DispatcherServlet.java:979)
	at org.springframework.web.servlet.FrameworkServlet.processRequest(FrameworkServlet.java:1014)
	at org.springframework.web.servlet.FrameworkServlet.doGet(FrameworkServlet.java:903)
	at jakarta.servlet.http.HttpServlet.service(HttpServlet.java:564)
	at org.springframework.web.servlet.FrameworkServlet.service(FrameworkServlet.java:885)
	at jakarta.servlet.http.HttpServlet.service(HttpServlet.java:658)
	at org.apache.catalina.core.ApplicationFilterChain.internalDoFilter(ApplicationFilterChain.java:195)
	at org.apache.catalina.core.ApplicationFilterChain.doFilter(ApplicationFilterChain.java:140)
	at org.apache.tomcat.websocket.server.WsFilter.doFilter(WsFilter.java:51)
	at org.apache.catalina.core.ApplicationFilterChain.internalDoFilter(ApplicationFilterChain.java:164)
	at org.apache.catalina.core.ApplicationFilterChain.doFilter(ApplicationFilterChain.java:140)
	at org.springframework.web.filter.OncePerRequestFilter.doFilter(OncePerRequestFilter.java:110)
	at org.apache.catalina.core.ApplicationFilterChain.internalDoFilter(ApplicationFilterChain.java:164)
	at org.apache.catalina.core.ApplicationFilterChain.doFilter(ApplicationFilterChain.java:140)
	at org.springframework.web.filter.CompositeFilter$VirtualFilterChain.doFilter(CompositeFilter.java:108)
	at org.springframework.security.web.FilterChainProxy.lambda$doFilterInternal$3(FilterChainProxy.java:231)
	at org.springframework.security.web.FilterChainProxy$VirtualFilterChain.doFilter(FilterChainProxy.java:365)
	at org.springframework.security.web.access.intercept.AuthorizationFilter.doFilter(AuthorizationFilter.java:100)
	at org.springframework.security.web.FilterChainProxy$VirtualFilterChain.doFilter(FilterChainProxy.java:374)
	at org.springframework.security.web.access.ExceptionTranslationFilter.doFilter(ExceptionTranslationFilter.java:126)
	at org.springframework.security.web.access.ExceptionTranslationFilter.doFilter(ExceptionTranslationFilter.java:120)
	at org.springframework.security.web.FilterChainProxy$VirtualFilterChain.doFilter(FilterChainProxy.java:374)
	at org.springframework.security.web.session.SessionManagementFilter.doFilter(SessionManagementFilter.java:131)
	at org.springframework.security.web.session.SessionManagementFilter.doFilter(SessionManagementFilter.java:85)
	at org.springframework.security.web.FilterChainProxy$VirtualFilterChain.doFilter(FilterChainProxy.java:374)
	at org.springframework.security.web.authentication.AnonymousAuthenticationFilter.doFilter(AnonymousAuthenticationFilter.java:100)
	at org.springframework.security.web.FilterChainProxy$VirtualFilterChain.doFilter(FilterChainProxy.java:374)
	at org.springframework.security.web.servletapi.SecurityContextHolderAwareRequestFilter.doFilter(SecurityContextHolderAwareRequestFilter.java:179)
	at org.springframework.security.web.FilterChainProxy$VirtualFilterChain.doFilter(FilterChainProxy.java:374)
	at org.springframework.security.web.savedrequest.RequestCacheAwareFilter.doFilter(RequestCacheAwareFilter.java:63)
	at org.springframework.security.web.FilterChainProxy$VirtualFilterChain.doFilter(FilterChainProxy.java:374)
	at com.max.quizspring.config.JwtAuthenticationFilter.doFilterInternal(JwtAuthenticationFilter.java:53)
	at org.springframework.web.filter.OncePerRequestFilter.doFilter(OncePerRequestFilter.java:116)
	at org.springframework.security.web.FilterChainProxy$VirtualFilterChain.doFilter(FilterChainProxy.java:374)
	at org.springframework.security.web.authentication.logout.LogoutFilter.doFilter(LogoutFilter.java:107)
	at org.springframework.security.web.authentication.logout.LogoutFilter.doFilter(LogoutFilter.java:93)
	at org.springframework.security.web.FilterChainProxy$VirtualFilterChain.doFilter(FilterChainProxy.java:374)
	at org.springframework.web.filter.CorsFilter.doFilterInternal(CorsFilter.java:91)
	at org.springframework.web.filter.OncePerRequestFilter.doFilter(OncePerRequestFilter.java:116)
	at org.springframework.security.web.FilterChainProxy$VirtualFilterChain.doFilter(FilterChainProxy.java:374)
	at org.springframework.security.web.header.HeaderWriterFilter.doHeadersAfter(HeaderWriterFilter.java:90)
	at org.springframework.security.web.header.HeaderWriterFilter.doFilterInternal(HeaderWriterFilter.java:75)
	at org.springframework.web.filter.OncePerRequestFilter.doFilter(OncePerRequestFilter.java:116)
	at org.springframework.security.web.FilterChainProxy$VirtualFilterChain.doFilter(FilterChainProxy.java:374)
	at org.springframework.security.web.context.SecurityContextHolderFilter.doFilter(SecurityContextHolderFilter.java:82)
	at org.springframework.security.web.context.SecurityContextHolderFilter.doFilter(SecurityContextHolderFilter.java:69)
	at org.springframework.security.web.FilterChainProxy$VirtualFilterChain.doFilter(FilterChainProxy.java:374)
	at org.springframework.security.web.context.request.async.WebAsyncManagerIntegrationFilter.doFilterInternal(WebAsyncManagerIntegrationFilter.java:62)
	at org.springframework.web.filter.OncePerRequestFilter.doFilter(OncePerRequestFilter.java:116)
	at org.springframework.security.web.FilterChainProxy$VirtualFilterChain.doFilter(FilterChainProxy.java:374)
	at org.springframework.security.web.session.DisableEncodeUrlFilter.doFilterInternal(DisableEncodeUrlFilter.java:42)
	at org.springframework.web.filter.OncePerRequestFilter.doFilter(OncePerRequestFilter.java:116)
	at org.springframework.security.web.FilterChainProxy$VirtualFilterChain.doFilter(FilterChainProxy.java:374)
	at org.springframework.security.web.FilterChainProxy.doFilterInternal(FilterChainProxy.java:233)
	at org.springframework.security.web.FilterChainProxy.doFilter(FilterChainProxy.java:191)
	at org.springframework.web.filter.CompositeFilter$VirtualFilterChain.doFilter(CompositeFilter.java:113)
	at org.springframework.web.servlet.handler.HandlerMappingIntrospector.lambda$createCacheFilter$3(HandlerMappingIntrospector.java:195)
	at org.springframework.web.filter.CompositeFilter$VirtualFilterChain.doFilter(CompositeFilter.java:113)
	at org.springframework.web.filter.CompositeFilter.doFilter(CompositeFilter.java:74)
	at org.springframework.security.config.annotation.web.configuration.WebMvcSecurityConfiguration$CompositeFilterChainProxy.doFilter(WebMvcSecurityConfiguration.java:230)
	at org.springframework.web.filter.DelegatingFilterProxy.invokeDelegate(DelegatingFilterProxy.java:352)
	at org.springframework.web.filter.DelegatingFilterProxy.doFilter(DelegatingFilterProxy.java:268)
	at org.apache.catalina.core.ApplicationFilterChain.internalDoFilter(ApplicationFilterChain.java:164)
	at org.apache.catalina.core.ApplicationFilterChain.doFilter(ApplicationFilterChain.java:140)
	at org.springframework.web.filter.RequestContextFilter.doFilterInternal(RequestContextFilter.java:100)
	at org.springframework.web.filter.OncePerRequestFilter.doFilter(OncePerRequestFilter.java:116)
	at org.apache.catalina.core.ApplicationFilterChain.internalDoFilter(ApplicationFilterChain.java:164)
	at org.apache.catalina.core.ApplicationFilterChain.doFilter(ApplicationFilterChain.java:140)
	at org.springframework.web.filter.FormContentFilter.doFilterInternal(FormContentFilter.java:93)
	at org.springframework.web.filter.OncePerRequestFilter.doFilter(OncePerRequestFilter.java:116)
	at org.apache.catalina.core.ApplicationFilterChain.internalDoFilter(ApplicationFilterChain.java:164)
	at org.apache.catalina.core.ApplicationFilterChain.doFilter(ApplicationFilterChain.java:140)
	at org.springframework.web.filter.CharacterEncodingFilter.doFilterInternal(CharacterEncodingFilter.java:201)
	at org.springframework.web.filter.OncePerRequestFilter.doFilter(OncePerRequestFilter.java:116)
	at org.apache.catalina.core.ApplicationFilterChain.internalDoFilter(ApplicationFilterChain.java:164)
	at org.apache.catalina.core.ApplicationFilterChain.doFilter(ApplicationFilterChain.java:140)
	at org.apache.catalina.core.StandardWrapperValve.invoke(StandardWrapperValve.java:167)
	at org.apache.catalina.core.StandardContextValve.invoke(StandardContextValve.java:90)
	at org.apache.catalina.authenticator.AuthenticatorBase.invoke(AuthenticatorBase.java:483)
	at org.apache.catalina.core.StandardHostValve.invoke(StandardHostValve.java:115)
	at org.apache.catalina.valves.ErrorReportValve.invoke(ErrorReportValve.java:93)
	at org.apache.catalina.core.StandardEngineValve.invoke(StandardEngineValve.java:74)
	at org.apache.catalina.connector.CoyoteAdapter.service(CoyoteAdapter.java:344)
	at org.apache.coyote.http11.Http11Processor.service(Http11Processor.java:389)
	at org.apache.coyote.AbstractProcessorLight.process(AbstractProcessorLight.java:63)
	at org.apache.coyote.AbstractProtocol$ConnectionHandler.process(AbstractProtocol.java:904)
	at org.apache.tomcat.util.net.NioEndpoint$SocketProcessor.doRun(NioEndpoint.java:1741)
	at org.apache.tomcat.util.net.SocketProcessorBase.run(SocketProcessorBase.java:52)
	at org.apache.tomcat.util.threads.ThreadPoolExecutor.runWorker(ThreadPoolExecutor.java:1190)
	at org.apache.tomcat.util.threads.ThreadPoolExecutor$Worker.run(ThreadPoolExecutor.java:659)
	at org.apache.tomcat.util.threads.TaskThread$WrappingRunnable.run(TaskThread.java:63)
	at java.base/java.lang.Thread.run(Thread.java:833)
2024-08-13 05:29:40,775 DEBUG o.s.s.w.FilterChainProxy [http-nio-7777-exec-9] Securing GET /error
2024-08-13 05:29:40,775 DEBUG o.s.s.w.a.AnonymousAuthenticationFilter [http-nio-7777-exec-9] Set SecurityContextHolder to anonymous SecurityContext
2024-08-13 05:29:40,806 DEBUG o.s.s.w.a.Http403ForbiddenEntryPoint [http-nio-7777-exec-9] Pre-authenticated entry point called. Rejecting access
2024-08-13 05:29:40,842 DEBUG o.s.s.w.FilterChainProxy [http-nio-7777-exec-3] Securing GET /api/users/email/shaikhaniscoder07@gmail.com
2024-08-13 05:29:40,913 DEBUG o.s.s.w.FilterChainProxy [http-nio-7777-exec-3] Secured GET /api/users/email/shaikhaniscoder07@gmail.com
2024-08-13 05:29:40,932 ERROR o.a.j.l.DirectJDKLog [http-nio-7777-exec-3] Servlet.service() for servlet [dispatcherServlet] in context with path [] threw exception [Handler dispatch failed: java.lang.Error: Unresolved compilation problem: 
	Type mismatch: cannot convert from Optional<User> to User
] with root cause
java.lang.Error: Unresolved compilation problem: 
	Type mismatch: cannot convert from Optional<User> to User

	at com.max.quizspring.controller.UserController.getUserByEmail(UserController.java:57)
	at java.base/jdk.internal.reflect.NativeMethodAccessorImpl.invoke0(Native Method)
	at java.base/jdk.internal.reflect.NativeMethodAccessorImpl.invoke(NativeMethodAccessorImpl.java:77)
	at java.base/jdk.internal.reflect.DelegatingMethodAccessorImpl.invoke(DelegatingMethodAccessorImpl.java:43)
	at java.base/java.lang.reflect.Method.invoke(Method.java:568)
	at org.springframework.web.method.support.InvocableHandlerMethod.doInvoke(InvocableHandlerMethod.java:255)
	at org.springframework.web.method.support.InvocableHandlerMethod.invokeForRequest(InvocableHandlerMethod.java:188)
	at org.springframework.web.servlet.mvc.method.annotation.ServletInvocableHandlerMethod.invokeAndHandle(ServletInvocableHandlerMethod.java:118)
	at org.springframework.web.servlet.mvc.method.annotation.RequestMappingHandlerAdapter.invokeHandlerMethod(RequestMappingHandlerAdapter.java:926)
	at org.springframework.web.servlet.mvc.method.annotation.RequestMappingHandlerAdapter.handleInternal(RequestMappingHandlerAdapter.java:831)
	at org.springframework.web.servlet.mvc.method.AbstractHandlerMethodAdapter.handle(AbstractHandlerMethodAdapter.java:87)
	at org.springframework.web.servlet.DispatcherServlet.doDispatch(DispatcherServlet.java:1089)
	at org.springframework.web.servlet.DispatcherServlet.doService(DispatcherServlet.java:979)
	at org.springframework.web.servlet.FrameworkServlet.processRequest(FrameworkServlet.java:1014)
	at org.springframework.web.servlet.FrameworkServlet.doGet(FrameworkServlet.java:903)
	at jakarta.servlet.http.HttpServlet.service(HttpServlet.java:564)
	at org.springframework.web.servlet.FrameworkServlet.service(FrameworkServlet.java:885)
	at jakarta.servlet.http.HttpServlet.service(HttpServlet.java:658)
	at org.apache.catalina.core.ApplicationFilterChain.internalDoFilter(ApplicationFilterChain.java:195)
	at org.apache.catalina.core.ApplicationFilterChain.doFilter(ApplicationFilterChain.java:140)
	at org.apache.tomcat.websocket.server.WsFilter.doFilter(WsFilter.java:51)
	at org.apache.catalina.core.ApplicationFilterChain.internalDoFilter(ApplicationFilterChain.java:164)
	at org.apache.catalina.core.ApplicationFilterChain.doFilter(ApplicationFilterChain.java:140)
	at org.springframework.web.filter.OncePerRequestFilter.doFilter(OncePerRequestFilter.java:110)
	at org.apache.catalina.core.ApplicationFilterChain.internalDoFilter(ApplicationFilterChain.java:164)
	at org.apache.catalina.core.ApplicationFilterChain.doFilter(ApplicationFilterChain.java:140)
	at org.springframework.web.filter.CompositeFilter$VirtualFilterChain.doFilter(CompositeFilter.java:108)
	at org.springframework.security.web.FilterChainProxy.lambda$doFilterInternal$3(FilterChainProxy.java:231)
	at org.springframework.security.web.FilterChainProxy$VirtualFilterChain.doFilter(FilterChainProxy.java:365)
	at org.springframework.security.web.access.intercept.AuthorizationFilter.doFilter(AuthorizationFilter.java:100)
	at org.springframework.security.web.FilterChainProxy$VirtualFilterChain.doFilter(FilterChainProxy.java:374)
	at org.springframework.security.web.access.ExceptionTranslationFilter.doFilter(ExceptionTranslationFilter.java:126)
	at org.springframework.security.web.access.ExceptionTranslationFilter.doFilter(ExceptionTranslationFilter.java:120)
	at org.springframework.security.web.FilterChainProxy$VirtualFilterChain.doFilter(FilterChainProxy.java:374)
	at org.springframework.security.web.session.SessionManagementFilter.doFilter(SessionManagementFilter.java:131)
	at org.springframework.security.web.session.SessionManagementFilter.doFilter(SessionManagementFilter.java:85)
	at org.springframework.security.web.FilterChainProxy$VirtualFilterChain.doFilter(FilterChainProxy.java:374)
	at org.springframework.security.web.authentication.AnonymousAuthenticationFilter.doFilter(AnonymousAuthenticationFilter.java:100)
	at org.springframework.security.web.FilterChainProxy$VirtualFilterChain.doFilter(FilterChainProxy.java:374)
	at org.springframework.security.web.servletapi.SecurityContextHolderAwareRequestFilter.doFilter(SecurityContextHolderAwareRequestFilter.java:179)
	at org.springframework.security.web.FilterChainProxy$VirtualFilterChain.doFilter(FilterChainProxy.java:374)
	at org.springframework.security.web.savedrequest.RequestCacheAwareFilter.doFilter(RequestCacheAwareFilter.java:63)
	at org.springframework.security.web.FilterChainProxy$VirtualFilterChain.doFilter(FilterChainProxy.java:374)
	at com.max.quizspring.config.JwtAuthenticationFilter.doFilterInternal(JwtAuthenticationFilter.java:53)
	at org.springframework.web.filter.OncePerRequestFilter.doFilter(OncePerRequestFilter.java:116)
	at org.springframework.security.web.FilterChainProxy$VirtualFilterChain.doFilter(FilterChainProxy.java:374)
	at org.springframework.security.web.authentication.logout.LogoutFilter.doFilter(LogoutFilter.java:107)
	at org.springframework.security.web.authentication.logout.LogoutFilter.doFilter(LogoutFilter.java:93)
	at org.springframework.security.web.FilterChainProxy$VirtualFilterChain.doFilter(FilterChainProxy.java:374)
	at org.springframework.web.filter.CorsFilter.doFilterInternal(CorsFilter.java:91)
	at org.springframework.web.filter.OncePerRequestFilter.doFilter(OncePerRequestFilter.java:116)
	at org.springframework.security.web.FilterChainProxy$VirtualFilterChain.doFilter(FilterChainProxy.java:374)
	at org.springframework.security.web.header.HeaderWriterFilter.doHeadersAfter(HeaderWriterFilter.java:90)
	at org.springframework.security.web.header.HeaderWriterFilter.doFilterInternal(HeaderWriterFilter.java:75)
	at org.springframework.web.filter.OncePerRequestFilter.doFilter(OncePerRequestFilter.java:116)
	at org.springframework.security.web.FilterChainProxy$VirtualFilterChain.doFilter(FilterChainProxy.java:374)
	at org.springframework.security.web.context.SecurityContextHolderFilter.doFilter(SecurityContextHolderFilter.java:82)
	at org.springframework.security.web.context.SecurityContextHolderFilter.doFilter(SecurityContextHolderFilter.java:69)
	at org.springframework.security.web.FilterChainProxy$VirtualFilterChain.doFilter(FilterChainProxy.java:374)
	at org.springframework.security.web.context.request.async.WebAsyncManagerIntegrationFilter.doFilterInternal(WebAsyncManagerIntegrationFilter.java:62)
	at org.springframework.web.filter.OncePerRequestFilter.doFilter(OncePerRequestFilter.java:116)
	at org.springframework.security.web.FilterChainProxy$VirtualFilterChain.doFilter(FilterChainProxy.java:374)
	at org.springframework.security.web.session.DisableEncodeUrlFilter.doFilterInternal(DisableEncodeUrlFilter.java:42)
	at org.springframework.web.filter.OncePerRequestFilter.doFilter(OncePerRequestFilter.java:116)
	at org.springframework.security.web.FilterChainProxy$VirtualFilterChain.doFilter(FilterChainProxy.java:374)
	at org.springframework.security.web.FilterChainProxy.doFilterInternal(FilterChainProxy.java:233)
	at org.springframework.security.web.FilterChainProxy.doFilter(FilterChainProxy.java:191)
	at org.springframework.web.filter.CompositeFilter$VirtualFilterChain.doFilter(CompositeFilter.java:113)
	at org.springframework.web.servlet.handler.HandlerMappingIntrospector.lambda$createCacheFilter$3(HandlerMappingIntrospector.java:195)
	at org.springframework.web.filter.CompositeFilter$VirtualFilterChain.doFilter(CompositeFilter.java:113)
	at org.springframework.web.filter.CompositeFilter.doFilter(CompositeFilter.java:74)
	at org.springframework.security.config.annotation.web.configuration.WebMvcSecurityConfiguration$CompositeFilterChainProxy.doFilter(WebMvcSecurityConfiguration.java:230)
	at org.springframework.web.filter.DelegatingFilterProxy.invokeDelegate(DelegatingFilterProxy.java:352)
	at org.springframework.web.filter.DelegatingFilterProxy.doFilter(DelegatingFilterProxy.java:268)
	at org.apache.catalina.core.ApplicationFilterChain.internalDoFilter(ApplicationFilterChain.java:164)
	at org.apache.catalina.core.ApplicationFilterChain.doFilter(ApplicationFilterChain.java:140)
	at org.springframework.web.filter.RequestContextFilter.doFilterInternal(RequestContextFilter.java:100)
	at org.springframework.web.filter.OncePerRequestFilter.doFilter(OncePerRequestFilter.java:116)
	at org.apache.catalina.core.ApplicationFilterChain.internalDoFilter(ApplicationFilterChain.java:164)
	at org.apache.catalina.core.ApplicationFilterChain.doFilter(ApplicationFilterChain.java:140)
	at org.springframework.web.filter.FormContentFilter.doFilterInternal(FormContentFilter.java:93)
	at org.springframework.web.filter.OncePerRequestFilter.doFilter(OncePerRequestFilter.java:116)
	at org.apache.catalina.core.ApplicationFilterChain.internalDoFilter(ApplicationFilterChain.java:164)
	at org.apache.catalina.core.ApplicationFilterChain.doFilter(ApplicationFilterChain.java:140)
	at org.springframework.web.filter.CharacterEncodingFilter.doFilterInternal(CharacterEncodingFilter.java:201)
	at org.springframework.web.filter.OncePerRequestFilter.doFilter(OncePerRequestFilter.java:116)
	at org.apache.catalina.core.ApplicationFilterChain.internalDoFilter(ApplicationFilterChain.java:164)
	at org.apache.catalina.core.ApplicationFilterChain.doFilter(ApplicationFilterChain.java:140)
	at org.apache.catalina.core.StandardWrapperValve.invoke(StandardWrapperValve.java:167)
	at org.apache.catalina.core.StandardContextValve.invoke(StandardContextValve.java:90)
	at org.apache.catalina.authenticator.AuthenticatorBase.invoke(AuthenticatorBase.java:483)
	at org.apache.catalina.core.StandardHostValve.invoke(StandardHostValve.java:115)
	at org.apache.catalina.valves.ErrorReportValve.invoke(ErrorReportValve.java:93)
	at org.apache.catalina.core.StandardEngineValve.invoke(StandardEngineValve.java:74)
	at org.apache.catalina.connector.CoyoteAdapter.service(CoyoteAdapter.java:344)
	at org.apache.coyote.http11.Http11Processor.service(Http11Processor.java:389)
	at org.apache.coyote.AbstractProcessorLight.process(AbstractProcessorLight.java:63)
	at org.apache.coyote.AbstractProtocol$ConnectionHandler.process(AbstractProtocol.java:904)
	at org.apache.tomcat.util.net.NioEndpoint$SocketProcessor.doRun(NioEndpoint.java:1741)
	at org.apache.tomcat.util.net.SocketProcessorBase.run(SocketProcessorBase.java:52)
	at org.apache.tomcat.util.threads.ThreadPoolExecutor.runWorker(ThreadPoolExecutor.java:1190)
	at org.apache.tomcat.util.threads.ThreadPoolExecutor$Worker.run(ThreadPoolExecutor.java:659)
	at org.apache.tomcat.util.threads.TaskThread$WrappingRunnable.run(TaskThread.java:63)
	at java.base/java.lang.Thread.run(Thread.java:833)
2024-08-13 05:29:41,004 DEBUG o.s.s.w.FilterChainProxy [http-nio-7777-exec-3] Securing GET /error
2024-08-13 05:29:41,004 DEBUG o.s.s.w.a.AnonymousAuthenticationFilter [http-nio-7777-exec-3] Set SecurityContextHolder to anonymous SecurityContext
2024-08-13 05:29:41,004 DEBUG o.s.s.w.a.Http403ForbiddenEntryPoint [http-nio-7777-exec-3] Pre-authenticated entry point called. Rejecting access
2024-08-13 05:29:48,223 DEBUG o.s.s.w.FilterChainProxy [http-nio-7777-exec-10] Securing OPTIONS /api/auth/login
2024-08-13 05:29:48,411 DEBUG o.s.s.w.FilterChainProxy [http-nio-7777-exec-7] Securing POST /api/auth/login
2024-08-13 05:29:48,411 DEBUG o.s.s.w.a.AnonymousAuthenticationFilter [http-nio-7777-exec-7] Set SecurityContextHolder to anonymous SecurityContext
2024-08-13 05:29:48,411 DEBUG o.s.s.w.FilterChainProxy [http-nio-7777-exec-7] Secured POST /api/auth/login
2024-08-13 05:29:48,708 DEBUG o.s.s.a.d.AbstractUserDetailsAuthenticationProvider [http-nio-7777-exec-7] Authenticated user
2024-08-13 05:29:50,934 DEBUG o.s.s.w.FilterChainProxy [http-nio-7777-exec-2] Securing OPTIONS /api/users/email/shaikhaniscoder07@gmail.com
2024-08-13 05:29:50,935 DEBUG o.s.s.w.FilterChainProxy [http-nio-7777-exec-6] Securing OPTIONS /api/users/email/shaikhaniscoder07@gmail.com
2024-08-13 05:29:50,954 DEBUG o.s.s.w.FilterChainProxy [http-nio-7777-exec-4] Securing GET /api/users/email/shaikhaniscoder07@gmail.com
2024-08-13 05:29:50,997 DEBUG o.s.s.w.FilterChainProxy [http-nio-7777-exec-4] Secured GET /api/users/email/shaikhaniscoder07@gmail.com
2024-08-13 05:29:50,997 ERROR o.a.j.l.DirectJDKLog [http-nio-7777-exec-4] Servlet.service() for servlet [dispatcherServlet] in context with path [] threw exception [Handler dispatch failed: java.lang.Error: Unresolved compilation problem: 
	Type mismatch: cannot convert from Optional<User> to User
] with root cause
java.lang.Error: Unresolved compilation problem: 
	Type mismatch: cannot convert from Optional<User> to User

	at com.max.quizspring.controller.UserController.getUserByEmail(UserController.java:57)
	at java.base/jdk.internal.reflect.NativeMethodAccessorImpl.invoke0(Native Method)
	at java.base/jdk.internal.reflect.NativeMethodAccessorImpl.invoke(NativeMethodAccessorImpl.java:77)
	at java.base/jdk.internal.reflect.DelegatingMethodAccessorImpl.invoke(DelegatingMethodAccessorImpl.java:43)
	at java.base/java.lang.reflect.Method.invoke(Method.java:568)
	at org.springframework.web.method.support.InvocableHandlerMethod.doInvoke(InvocableHandlerMethod.java:255)
	at org.springframework.web.method.support.InvocableHandlerMethod.invokeForRequest(InvocableHandlerMethod.java:188)
	at org.springframework.web.servlet.mvc.method.annotation.ServletInvocableHandlerMethod.invokeAndHandle(ServletInvocableHandlerMethod.java:118)
	at org.springframework.web.servlet.mvc.method.annotation.RequestMappingHandlerAdapter.invokeHandlerMethod(RequestMappingHandlerAdapter.java:926)
	at org.springframework.web.servlet.mvc.method.annotation.RequestMappingHandlerAdapter.handleInternal(RequestMappingHandlerAdapter.java:831)
	at org.springframework.web.servlet.mvc.method.AbstractHandlerMethodAdapter.handle(AbstractHandlerMethodAdapter.java:87)
	at org.springframework.web.servlet.DispatcherServlet.doDispatch(DispatcherServlet.java:1089)
	at org.springframework.web.servlet.DispatcherServlet.doService(DispatcherServlet.java:979)
	at org.springframework.web.servlet.FrameworkServlet.processRequest(FrameworkServlet.java:1014)
	at org.springframework.web.servlet.FrameworkServlet.doGet(FrameworkServlet.java:903)
	at jakarta.servlet.http.HttpServlet.service(HttpServlet.java:564)
	at org.springframework.web.servlet.FrameworkServlet.service(FrameworkServlet.java:885)
	at jakarta.servlet.http.HttpServlet.service(HttpServlet.java:658)
	at org.apache.catalina.core.ApplicationFilterChain.internalDoFilter(ApplicationFilterChain.java:195)
	at org.apache.catalina.core.ApplicationFilterChain.doFilter(ApplicationFilterChain.java:140)
	at org.apache.tomcat.websocket.server.WsFilter.doFilter(WsFilter.java:51)
	at org.apache.catalina.core.ApplicationFilterChain.internalDoFilter(ApplicationFilterChain.java:164)
	at org.apache.catalina.core.ApplicationFilterChain.doFilter(ApplicationFilterChain.java:140)
	at org.springframework.web.filter.OncePerRequestFilter.doFilter(OncePerRequestFilter.java:110)
	at org.apache.catalina.core.ApplicationFilterChain.internalDoFilter(ApplicationFilterChain.java:164)
	at org.apache.catalina.core.ApplicationFilterChain.doFilter(ApplicationFilterChain.java:140)
	at org.springframework.web.filter.CompositeFilter$VirtualFilterChain.doFilter(CompositeFilter.java:108)
	at org.springframework.security.web.FilterChainProxy.lambda$doFilterInternal$3(FilterChainProxy.java:231)
	at org.springframework.security.web.FilterChainProxy$VirtualFilterChain.doFilter(FilterChainProxy.java:365)
	at org.springframework.security.web.access.intercept.AuthorizationFilter.doFilter(AuthorizationFilter.java:100)
	at org.springframework.security.web.FilterChainProxy$VirtualFilterChain.doFilter(FilterChainProxy.java:374)
	at org.springframework.security.web.access.ExceptionTranslationFilter.doFilter(ExceptionTranslationFilter.java:126)
	at org.springframework.security.web.access.ExceptionTranslationFilter.doFilter(ExceptionTranslationFilter.java:120)
	at org.springframework.security.web.FilterChainProxy$VirtualFilterChain.doFilter(FilterChainProxy.java:374)
	at org.springframework.security.web.session.SessionManagementFilter.doFilter(SessionManagementFilter.java:131)
	at org.springframework.security.web.session.SessionManagementFilter.doFilter(SessionManagementFilter.java:85)
	at org.springframework.security.web.FilterChainProxy$VirtualFilterChain.doFilter(FilterChainProxy.java:374)
	at org.springframework.security.web.authentication.AnonymousAuthenticationFilter.doFilter(AnonymousAuthenticationFilter.java:100)
	at org.springframework.security.web.FilterChainProxy$VirtualFilterChain.doFilter(FilterChainProxy.java:374)
	at org.springframework.security.web.servletapi.SecurityContextHolderAwareRequestFilter.doFilter(SecurityContextHolderAwareRequestFilter.java:179)
	at org.springframework.security.web.FilterChainProxy$VirtualFilterChain.doFilter(FilterChainProxy.java:374)
	at org.springframework.security.web.savedrequest.RequestCacheAwareFilter.doFilter(RequestCacheAwareFilter.java:63)
	at org.springframework.security.web.FilterChainProxy$VirtualFilterChain.doFilter(FilterChainProxy.java:374)
	at com.max.quizspring.config.JwtAuthenticationFilter.doFilterInternal(JwtAuthenticationFilter.java:53)
	at org.springframework.web.filter.OncePerRequestFilter.doFilter(OncePerRequestFilter.java:116)
	at org.springframework.security.web.FilterChainProxy$VirtualFilterChain.doFilter(FilterChainProxy.java:374)
	at org.springframework.security.web.authentication.logout.LogoutFilter.doFilter(LogoutFilter.java:107)
	at org.springframework.security.web.authentication.logout.LogoutFilter.doFilter(LogoutFilter.java:93)
	at org.springframework.security.web.FilterChainProxy$VirtualFilterChain.doFilter(FilterChainProxy.java:374)
	at org.springframework.web.filter.CorsFilter.doFilterInternal(CorsFilter.java:91)
	at org.springframework.web.filter.OncePerRequestFilter.doFilter(OncePerRequestFilter.java:116)
	at org.springframework.security.web.FilterChainProxy$VirtualFilterChain.doFilter(FilterChainProxy.java:374)
	at org.springframework.security.web.header.HeaderWriterFilter.doHeadersAfter(HeaderWriterFilter.java:90)
	at org.springframework.security.web.header.HeaderWriterFilter.doFilterInternal(HeaderWriterFilter.java:75)
	at org.springframework.web.filter.OncePerRequestFilter.doFilter(OncePerRequestFilter.java:116)
	at org.springframework.security.web.FilterChainProxy$VirtualFilterChain.doFilter(FilterChainProxy.java:374)
	at org.springframework.security.web.context.SecurityContextHolderFilter.doFilter(SecurityContextHolderFilter.java:82)
	at org.springframework.security.web.context.SecurityContextHolderFilter.doFilter(SecurityContextHolderFilter.java:69)
	at org.springframework.security.web.FilterChainProxy$VirtualFilterChain.doFilter(FilterChainProxy.java:374)
	at org.springframework.security.web.context.request.async.WebAsyncManagerIntegrationFilter.doFilterInternal(WebAsyncManagerIntegrationFilter.java:62)
	at org.springframework.web.filter.OncePerRequestFilter.doFilter(OncePerRequestFilter.java:116)
	at org.springframework.security.web.FilterChainProxy$VirtualFilterChain.doFilter(FilterChainProxy.java:374)
	at org.springframework.security.web.session.DisableEncodeUrlFilter.doFilterInternal(DisableEncodeUrlFilter.java:42)
	at org.springframework.web.filter.OncePerRequestFilter.doFilter(OncePerRequestFilter.java:116)
	at org.springframework.security.web.FilterChainProxy$VirtualFilterChain.doFilter(FilterChainProxy.java:374)
	at org.springframework.security.web.FilterChainProxy.doFilterInternal(FilterChainProxy.java:233)
	at org.springframework.security.web.FilterChainProxy.doFilter(FilterChainProxy.java:191)
	at org.springframework.web.filter.CompositeFilter$VirtualFilterChain.doFilter(CompositeFilter.java:113)
	at org.springframework.web.servlet.handler.HandlerMappingIntrospector.lambda$createCacheFilter$3(HandlerMappingIntrospector.java:195)
	at org.springframework.web.filter.CompositeFilter$VirtualFilterChain.doFilter(CompositeFilter.java:113)
	at org.springframework.web.filter.CompositeFilter.doFilter(CompositeFilter.java:74)
	at org.springframework.security.config.annotation.web.configuration.WebMvcSecurityConfiguration$CompositeFilterChainProxy.doFilter(WebMvcSecurityConfiguration.java:230)
	at org.springframework.web.filter.DelegatingFilterProxy.invokeDelegate(DelegatingFilterProxy.java:352)
	at org.springframework.web.filter.DelegatingFilterProxy.doFilter(DelegatingFilterProxy.java:268)
	at org.apache.catalina.core.ApplicationFilterChain.internalDoFilter(ApplicationFilterChain.java:164)
	at org.apache.catalina.core.ApplicationFilterChain.doFilter(ApplicationFilterChain.java:140)
	at org.springframework.web.filter.RequestContextFilter.doFilterInternal(RequestContextFilter.java:100)
	at org.springframework.web.filter.OncePerRequestFilter.doFilter(OncePerRequestFilter.java:116)
	at org.apache.catalina.core.ApplicationFilterChain.internalDoFilter(ApplicationFilterChain.java:164)
	at org.apache.catalina.core.ApplicationFilterChain.doFilter(ApplicationFilterChain.java:140)
	at org.springframework.web.filter.FormContentFilter.doFilterInternal(FormContentFilter.java:93)
	at org.springframework.web.filter.OncePerRequestFilter.doFilter(OncePerRequestFilter.java:116)
	at org.apache.catalina.core.ApplicationFilterChain.internalDoFilter(ApplicationFilterChain.java:164)
	at org.apache.catalina.core.ApplicationFilterChain.doFilter(ApplicationFilterChain.java:140)
	at org.springframework.web.filter.CharacterEncodingFilter.doFilterInternal(CharacterEncodingFilter.java:201)
	at org.springframework.web.filter.OncePerRequestFilter.doFilter(OncePerRequestFilter.java:116)
	at org.apache.catalina.core.ApplicationFilterChain.internalDoFilter(ApplicationFilterChain.java:164)
	at org.apache.catalina.core.ApplicationFilterChain.doFilter(ApplicationFilterChain.java:140)
	at org.apache.catalina.core.StandardWrapperValve.invoke(StandardWrapperValve.java:167)
	at org.apache.catalina.core.StandardContextValve.invoke(StandardContextValve.java:90)
	at org.apache.catalina.authenticator.AuthenticatorBase.invoke(AuthenticatorBase.java:483)
	at org.apache.catalina.core.StandardHostValve.invoke(StandardHostValve.java:115)
	at org.apache.catalina.valves.ErrorReportValve.invoke(ErrorReportValve.java:93)
	at org.apache.catalina.core.StandardEngineValve.invoke(StandardEngineValve.java:74)
	at org.apache.catalina.connector.CoyoteAdapter.service(CoyoteAdapter.java:344)
	at org.apache.coyote.http11.Http11Processor.service(Http11Processor.java:389)
	at org.apache.coyote.AbstractProcessorLight.process(AbstractProcessorLight.java:63)
	at org.apache.coyote.AbstractProtocol$ConnectionHandler.process(AbstractProtocol.java:904)
	at org.apache.tomcat.util.net.NioEndpoint$SocketProcessor.doRun(NioEndpoint.java:1741)
	at org.apache.tomcat.util.net.SocketProcessorBase.run(SocketProcessorBase.java:52)
	at org.apache.tomcat.util.threads.ThreadPoolExecutor.runWorker(ThreadPoolExecutor.java:1190)
	at org.apache.tomcat.util.threads.ThreadPoolExecutor$Worker.run(ThreadPoolExecutor.java:659)
	at org.apache.tomcat.util.threads.TaskThread$WrappingRunnable.run(TaskThread.java:63)
	at java.base/java.lang.Thread.run(Thread.java:833)
2024-08-13 05:29:51,046 DEBUG o.s.s.w.FilterChainProxy [http-nio-7777-exec-4] Securing GET /error
2024-08-13 05:29:51,063 DEBUG o.s.s.w.a.AnonymousAuthenticationFilter [http-nio-7777-exec-4] Set SecurityContextHolder to anonymous SecurityContext
2024-08-13 05:29:51,101 DEBUG o.s.s.w.a.Http403ForbiddenEntryPoint [http-nio-7777-exec-4] Pre-authenticated entry point called. Rejecting access
2024-08-13 05:29:51,133 DEBUG o.s.s.w.FilterChainProxy [http-nio-7777-exec-5] Securing GET /api/users/email/shaikhaniscoder07@gmail.com
2024-08-13 05:29:51,229 DEBUG o.s.s.w.FilterChainProxy [http-nio-7777-exec-5] Secured GET /api/users/email/shaikhaniscoder07@gmail.com
2024-08-13 05:29:51,229 ERROR o.a.j.l.DirectJDKLog [http-nio-7777-exec-5] Servlet.service() for servlet [dispatcherServlet] in context with path [] threw exception [Handler dispatch failed: java.lang.Error: Unresolved compilation problem: 
	Type mismatch: cannot convert from Optional<User> to User
] with root cause
java.lang.Error: Unresolved compilation problem: 
	Type mismatch: cannot convert from Optional<User> to User

	at com.max.quizspring.controller.UserController.getUserByEmail(UserController.java:57)
	at java.base/jdk.internal.reflect.NativeMethodAccessorImpl.invoke0(Native Method)
	at java.base/jdk.internal.reflect.NativeMethodAccessorImpl.invoke(NativeMethodAccessorImpl.java:77)
	at java.base/jdk.internal.reflect.DelegatingMethodAccessorImpl.invoke(DelegatingMethodAccessorImpl.java:43)
	at java.base/java.lang.reflect.Method.invoke(Method.java:568)
	at org.springframework.web.method.support.InvocableHandlerMethod.doInvoke(InvocableHandlerMethod.java:255)
	at org.springframework.web.method.support.InvocableHandlerMethod.invokeForRequest(InvocableHandlerMethod.java:188)
	at org.springframework.web.servlet.mvc.method.annotation.ServletInvocableHandlerMethod.invokeAndHandle(ServletInvocableHandlerMethod.java:118)
	at org.springframework.web.servlet.mvc.method.annotation.RequestMappingHandlerAdapter.invokeHandlerMethod(RequestMappingHandlerAdapter.java:926)
	at org.springframework.web.servlet.mvc.method.annotation.RequestMappingHandlerAdapter.handleInternal(RequestMappingHandlerAdapter.java:831)
	at org.springframework.web.servlet.mvc.method.AbstractHandlerMethodAdapter.handle(AbstractHandlerMethodAdapter.java:87)
	at org.springframework.web.servlet.DispatcherServlet.doDispatch(DispatcherServlet.java:1089)
	at org.springframework.web.servlet.DispatcherServlet.doService(DispatcherServlet.java:979)
	at org.springframework.web.servlet.FrameworkServlet.processRequest(FrameworkServlet.java:1014)
	at org.springframework.web.servlet.FrameworkServlet.doGet(FrameworkServlet.java:903)
	at jakarta.servlet.http.HttpServlet.service(HttpServlet.java:564)
	at org.springframework.web.servlet.FrameworkServlet.service(FrameworkServlet.java:885)
	at jakarta.servlet.http.HttpServlet.service(HttpServlet.java:658)
	at org.apache.catalina.core.ApplicationFilterChain.internalDoFilter(ApplicationFilterChain.java:195)
	at org.apache.catalina.core.ApplicationFilterChain.doFilter(ApplicationFilterChain.java:140)
	at org.apache.tomcat.websocket.server.WsFilter.doFilter(WsFilter.java:51)
	at org.apache.catalina.core.ApplicationFilterChain.internalDoFilter(ApplicationFilterChain.java:164)
	at org.apache.catalina.core.ApplicationFilterChain.doFilter(ApplicationFilterChain.java:140)
	at org.springframework.web.filter.OncePerRequestFilter.doFilter(OncePerRequestFilter.java:110)
	at org.apache.catalina.core.ApplicationFilterChain.internalDoFilter(ApplicationFilterChain.java:164)
	at org.apache.catalina.core.ApplicationFilterChain.doFilter(ApplicationFilterChain.java:140)
	at org.springframework.web.filter.CompositeFilter$VirtualFilterChain.doFilter(CompositeFilter.java:108)
	at org.springframework.security.web.FilterChainProxy.lambda$doFilterInternal$3(FilterChainProxy.java:231)
	at org.springframework.security.web.FilterChainProxy$VirtualFilterChain.doFilter(FilterChainProxy.java:365)
	at org.springframework.security.web.access.intercept.AuthorizationFilter.doFilter(AuthorizationFilter.java:100)
	at org.springframework.security.web.FilterChainProxy$VirtualFilterChain.doFilter(FilterChainProxy.java:374)
	at org.springframework.security.web.access.ExceptionTranslationFilter.doFilter(ExceptionTranslationFilter.java:126)
	at org.springframework.security.web.access.ExceptionTranslationFilter.doFilter(ExceptionTranslationFilter.java:120)
	at org.springframework.security.web.FilterChainProxy$VirtualFilterChain.doFilter(FilterChainProxy.java:374)
	at org.springframework.security.web.session.SessionManagementFilter.doFilter(SessionManagementFilter.java:131)
	at org.springframework.security.web.session.SessionManagementFilter.doFilter(SessionManagementFilter.java:85)
	at org.springframework.security.web.FilterChainProxy$VirtualFilterChain.doFilter(FilterChainProxy.java:374)
	at org.springframework.security.web.authentication.AnonymousAuthenticationFilter.doFilter(AnonymousAuthenticationFilter.java:100)
	at org.springframework.security.web.FilterChainProxy$VirtualFilterChain.doFilter(FilterChainProxy.java:374)
	at org.springframework.security.web.servletapi.SecurityContextHolderAwareRequestFilter.doFilter(SecurityContextHolderAwareRequestFilter.java:179)
	at org.springframework.security.web.FilterChainProxy$VirtualFilterChain.doFilter(FilterChainProxy.java:374)
	at org.springframework.security.web.savedrequest.RequestCacheAwareFilter.doFilter(RequestCacheAwareFilter.java:63)
	at org.springframework.security.web.FilterChainProxy$VirtualFilterChain.doFilter(FilterChainProxy.java:374)
	at com.max.quizspring.config.JwtAuthenticationFilter.doFilterInternal(JwtAuthenticationFilter.java:53)
	at org.springframework.web.filter.OncePerRequestFilter.doFilter(OncePerRequestFilter.java:116)
	at org.springframework.security.web.FilterChainProxy$VirtualFilterChain.doFilter(FilterChainProxy.java:374)
	at org.springframework.security.web.authentication.logout.LogoutFilter.doFilter(LogoutFilter.java:107)
	at org.springframework.security.web.authentication.logout.LogoutFilter.doFilter(LogoutFilter.java:93)
	at org.springframework.security.web.FilterChainProxy$VirtualFilterChain.doFilter(FilterChainProxy.java:374)
	at org.springframework.web.filter.CorsFilter.doFilterInternal(CorsFilter.java:91)
	at org.springframework.web.filter.OncePerRequestFilter.doFilter(OncePerRequestFilter.java:116)
	at org.springframework.security.web.FilterChainProxy$VirtualFilterChain.doFilter(FilterChainProxy.java:374)
	at org.springframework.security.web.header.HeaderWriterFilter.doHeadersAfter(HeaderWriterFilter.java:90)
	at org.springframework.security.web.header.HeaderWriterFilter.doFilterInternal(HeaderWriterFilter.java:75)
	at org.springframework.web.filter.OncePerRequestFilter.doFilter(OncePerRequestFilter.java:116)
	at org.springframework.security.web.FilterChainProxy$VirtualFilterChain.doFilter(FilterChainProxy.java:374)
	at org.springframework.security.web.context.SecurityContextHolderFilter.doFilter(SecurityContextHolderFilter.java:82)
	at org.springframework.security.web.context.SecurityContextHolderFilter.doFilter(SecurityContextHolderFilter.java:69)
	at org.springframework.security.web.FilterChainProxy$VirtualFilterChain.doFilter(FilterChainProxy.java:374)
	at org.springframework.security.web.context.request.async.WebAsyncManagerIntegrationFilter.doFilterInternal(WebAsyncManagerIntegrationFilter.java:62)
	at org.springframework.web.filter.OncePerRequestFilter.doFilter(OncePerRequestFilter.java:116)
	at org.springframework.security.web.FilterChainProxy$VirtualFilterChain.doFilter(FilterChainProxy.java:374)
	at org.springframework.security.web.session.DisableEncodeUrlFilter.doFilterInternal(DisableEncodeUrlFilter.java:42)
	at org.springframework.web.filter.OncePerRequestFilter.doFilter(OncePerRequestFilter.java:116)
	at org.springframework.security.web.FilterChainProxy$VirtualFilterChain.doFilter(FilterChainProxy.java:374)
	at org.springframework.security.web.FilterChainProxy.doFilterInternal(FilterChainProxy.java:233)
	at org.springframework.security.web.FilterChainProxy.doFilter(FilterChainProxy.java:191)
	at org.springframework.web.filter.CompositeFilter$VirtualFilterChain.doFilter(CompositeFilter.java:113)
	at org.springframework.web.servlet.handler.HandlerMappingIntrospector.lambda$createCacheFilter$3(HandlerMappingIntrospector.java:195)
	at org.springframework.web.filter.CompositeFilter$VirtualFilterChain.doFilter(CompositeFilter.java:113)
	at org.springframework.web.filter.CompositeFilter.doFilter(CompositeFilter.java:74)
	at org.springframework.security.config.annotation.web.configuration.WebMvcSecurityConfiguration$CompositeFilterChainProxy.doFilter(WebMvcSecurityConfiguration.java:230)
	at org.springframework.web.filter.DelegatingFilterProxy.invokeDelegate(DelegatingFilterProxy.java:352)
	at org.springframework.web.filter.DelegatingFilterProxy.doFilter(DelegatingFilterProxy.java:268)
	at org.apache.catalina.core.ApplicationFilterChain.internalDoFilter(ApplicationFilterChain.java:164)
	at org.apache.catalina.core.ApplicationFilterChain.doFilter(ApplicationFilterChain.java:140)
	at org.springframework.web.filter.RequestContextFilter.doFilterInternal(RequestContextFilter.java:100)
	at org.springframework.web.filter.OncePerRequestFilter.doFilter(OncePerRequestFilter.java:116)
	at org.apache.catalina.core.ApplicationFilterChain.internalDoFilter(ApplicationFilterChain.java:164)
	at org.apache.catalina.core.ApplicationFilterChain.doFilter(ApplicationFilterChain.java:140)
	at org.springframework.web.filter.FormContentFilter.doFilterInternal(FormContentFilter.java:93)
	at org.springframework.web.filter.OncePerRequestFilter.doFilter(OncePerRequestFilter.java:116)
	at org.apache.catalina.core.ApplicationFilterChain.internalDoFilter(ApplicationFilterChain.java:164)
	at org.apache.catalina.core.ApplicationFilterChain.doFilter(ApplicationFilterChain.java:140)
	at org.springframework.web.filter.CharacterEncodingFilter.doFilterInternal(CharacterEncodingFilter.java:201)
	at org.springframework.web.filter.OncePerRequestFilter.doFilter(OncePerRequestFilter.java:116)
	at org.apache.catalina.core.ApplicationFilterChain.internalDoFilter(ApplicationFilterChain.java:164)
	at org.apache.catalina.core.ApplicationFilterChain.doFilter(ApplicationFilterChain.java:140)
	at org.apache.catalina.core.StandardWrapperValve.invoke(StandardWrapperValve.java:167)
	at org.apache.catalina.core.StandardContextValve.invoke(StandardContextValve.java:90)
	at org.apache.catalina.authenticator.AuthenticatorBase.invoke(AuthenticatorBase.java:483)
	at org.apache.catalina.core.StandardHostValve.invoke(StandardHostValve.java:115)
	at org.apache.catalina.valves.ErrorReportValve.invoke(ErrorReportValve.java:93)
	at org.apache.catalina.core.StandardEngineValve.invoke(StandardEngineValve.java:74)
	at org.apache.catalina.connector.CoyoteAdapter.service(CoyoteAdapter.java:344)
	at org.apache.coyote.http11.Http11Processor.service(Http11Processor.java:389)
	at org.apache.coyote.AbstractProcessorLight.process(AbstractProcessorLight.java:63)
	at org.apache.coyote.AbstractProtocol$ConnectionHandler.process(AbstractProtocol.java:904)
	at org.apache.tomcat.util.net.NioEndpoint$SocketProcessor.doRun(NioEndpoint.java:1741)
	at org.apache.tomcat.util.net.SocketProcessorBase.run(SocketProcessorBase.java:52)
	at org.apache.tomcat.util.threads.ThreadPoolExecutor.runWorker(ThreadPoolExecutor.java:1190)
	at org.apache.tomcat.util.threads.ThreadPoolExecutor$Worker.run(ThreadPoolExecutor.java:659)
	at org.apache.tomcat.util.threads.TaskThread$WrappingRunnable.run(TaskThread.java:63)
	at java.base/java.lang.Thread.run(Thread.java:833)
2024-08-13 05:29:51,278 DEBUG o.s.s.w.FilterChainProxy [http-nio-7777-exec-5] Securing GET /error
2024-08-13 05:29:51,278 DEBUG o.s.s.w.a.AnonymousAuthenticationFilter [http-nio-7777-exec-5] Set SecurityContextHolder to anonymous SecurityContext
2024-08-13 05:29:51,278 DEBUG o.s.s.w.a.Http403ForbiddenEntryPoint [http-nio-7777-exec-5] Pre-authenticated entry point called. Rejecting access
2024-08-13 05:31:38,873 INFO o.s.b.d.a.LocalDevToolsAutoConfiguration$RestartingClassPathChangeChangedEventListener [File Watcher] Restarting due to 1 class path change (0 additions, 0 deletions, 1 modification)
2024-08-13 05:31:39,720 INFO o.a.j.l.DirectJDKLog [Thread-21] Stopping ProtocolHandler ["http-nio-7777"]
2024-08-13 05:31:40,365 INFO o.s.o.j.AbstractEntityManagerFactoryBean [Thread-21] Closing JPA EntityManagerFactory for persistence unit 'default'
2024-08-13 05:31:40,500 INFO c.z.h.HikariDataSource [Thread-21] HikariPool-6 - Shutdown initiated...
2024-08-13 05:31:40,696 INFO c.z.h.HikariDataSource [Thread-21] HikariPool-6 - Shutdown completed.
2024-08-13 05:31:44,648 INFO o.s.b.StartupInfoLogger [restartedMain] Starting QuizspringApplication using Java 17.0.7 with PID 9184 (C:\Users\johnb\Desktop\Security-template\Spring-Security-Template-V4\target\classes started by johnb in C:\Users\johnb\Desktop\Security-template\Spring-Security-Template-V4)
2024-08-13 05:31:44,657 INFO o.s.b.SpringApplication [restartedMain] No active profile set, falling back to 1 default profile: "default"
2024-08-13 05:31:45,742 INFO o.s.d.r.c.RepositoryConfigurationDelegate [restartedMain] Bootstrapping Spring Data JPA repositories in DEFAULT mode.
2024-08-13 05:31:45,839 INFO o.s.d.r.c.RepositoryConfigurationDelegate [restartedMain] Finished Spring Data repository scanning in 93 ms. Found 5 JPA repository interfaces.
2024-08-13 05:31:46,311 INFO o.s.b.w.e.t.TomcatWebServer [restartedMain] Tomcat initialized with port 7777 (http)
2024-08-13 05:31:46,326 INFO o.a.j.l.DirectJDKLog [restartedMain] Initializing ProtocolHandler ["http-nio-7777"]
2024-08-13 05:31:46,326 INFO o.a.j.l.DirectJDKLog [restartedMain] Starting service [Tomcat]
2024-08-13 05:31:46,337 INFO o.a.j.l.DirectJDKLog [restartedMain] Starting Servlet engine: [Apache Tomcat/10.1.26]
2024-08-13 05:31:46,433 INFO o.a.j.l.DirectJDKLog [restartedMain] Initializing Spring embedded WebApplicationContext
2024-08-13 05:31:46,433 INFO o.s.b.w.s.c.ServletWebServerApplicationContext [restartedMain] Root WebApplicationContext: initialization completed in 1757 ms
2024-08-13 05:31:46,764 INFO o.h.j.i.u.LogHelper [restartedMain] HHH000204: Processing PersistenceUnitInfo [name: default]
2024-08-13 05:31:46,843 INFO o.h.c.i.RegionFactoryInitiator [restartedMain] HHH000026: Second-level cache disabled
2024-08-13 05:31:47,058 INFO o.s.o.j.p.SpringPersistenceUnitInfo [restartedMain] No LoadTimeWeaver setup: ignoring JPA class transformer
2024-08-13 05:31:47,066 INFO c.z.h.HikariDataSource [restartedMain] HikariPool-7 - Starting...
2024-08-13 05:31:47,373 INFO c.z.h.p.HikariPool [restartedMain] HikariPool-7 - Added connection com.mysql.cj.jdbc.ConnectionImpl@582161a8
2024-08-13 05:31:47,388 INFO c.z.h.HikariDataSource [restartedMain] HikariPool-7 - Start completed.
2024-08-13 05:31:47,388 WARN o.h.e.j.d.i.DialectFactoryImpl [restartedMain] HHH90000025: MySQLDialect does not need to be specified explicitly using 'hibernate.dialect' (remove the property setting and it will be selected by default)
2024-08-13 05:31:47,801 INFO o.h.e.t.j.p.i.JtaPlatformInitiator [restartedMain] HHH000489: No JTA platform available (set 'hibernate.transaction.jta.platform' to enable JTA platform integration)
2024-08-13 05:31:48,006 INFO o.s.o.j.AbstractEntityManagerFactoryBean [restartedMain] Initialized JPA EntityManagerFactory for persistence unit 'default'
2024-08-13 05:31:48,281 INFO o.s.s.c.a.a.c.InitializeUserDetailsBeanManagerConfigurer$InitializeUserDetailsManagerConfigurer [restartedMain] Global AuthenticationManager configured with UserDetailsService bean with name userDetailsService
2024-08-13 05:31:48,778 WARN o.s.b.a.o.j.JpaBaseConfiguration$JpaWebConfiguration [restartedMain] spring.jpa.open-in-view is enabled by default. Therefore, database queries may be performed during view rendering. Explicitly configure spring.jpa.open-in-view to disable this warning
2024-08-13 05:31:49,527 DEBUG o.s.s.w.DefaultSecurityFilterChain [restartedMain] Will secure any request with filters: DisableEncodeUrlFilter, WebAsyncManagerIntegrationFilter, SecurityContextHolderFilter, HeaderWriterFilter, CorsFilter, LogoutFilter, JwtAuthenticationFilter, RequestCacheAwareFilter, SecurityContextHolderAwareRequestFilter, AnonymousAuthenticationFilter, SessionManagementFilter, ExceptionTranslationFilter, AuthorizationFilter
2024-08-13 05:31:49,991 INFO o.s.b.d.a.OptionalLiveReloadServer [restartedMain] LiveReload server is running on port 35729
2024-08-13 05:31:50,032 INFO o.a.j.l.DirectJDKLog [restartedMain] Starting ProtocolHandler ["http-nio-7777"]
2024-08-13 05:31:50,073 INFO o.s.b.w.e.t.TomcatWebServer [restartedMain] Tomcat started on port 7777 (http) with context path '/'
2024-08-13 05:31:50,088 INFO o.s.b.StartupInfoLogger [restartedMain] Started QuizspringApplication in 5.87 seconds (process running for 1891.792)
2024-08-13 05:31:50,097 INFO o.s.b.d.a.ConditionEvaluationDeltaLoggingListener [restartedMain] Condition evaluation unchanged
2024-08-13 05:32:10,793 INFO o.a.j.l.DirectJDKLog [http-nio-7777-exec-2] Initializing Spring DispatcherServlet 'dispatcherServlet'
2024-08-13 05:32:10,793 INFO o.s.w.s.FrameworkServlet [http-nio-7777-exec-2] Initializing Servlet 'dispatcherServlet'
2024-08-13 05:32:10,793 INFO o.s.w.s.FrameworkServlet [http-nio-7777-exec-2] Completed initialization in 0 ms
2024-08-13 05:32:10,812 DEBUG o.s.s.w.FilterChainProxy [http-nio-7777-exec-2] Securing OPTIONS /api/auth/login
2024-08-13 05:32:10,830 DEBUG o.s.s.w.FilterChainProxy [http-nio-7777-exec-3] Securing POST /api/auth/login
2024-08-13 05:32:10,830 DEBUG o.s.s.w.a.AnonymousAuthenticationFilter [http-nio-7777-exec-3] Set SecurityContextHolder to anonymous SecurityContext
2024-08-13 05:32:10,830 DEBUG o.s.s.w.FilterChainProxy [http-nio-7777-exec-3] Secured POST /api/auth/login
2024-08-13 05:32:11,243 DEBUG o.s.s.a.d.AbstractUserDetailsAuthenticationProvider [http-nio-7777-exec-3] Authenticated user
2024-08-13 05:32:14,001 DEBUG o.s.s.w.FilterChainProxy [http-nio-7777-exec-4] Securing OPTIONS /api/users/email/shaikhaniscoder07@gmail.com
2024-08-13 05:32:14,009 DEBUG o.s.s.w.FilterChainProxy [http-nio-7777-exec-5] Securing OPTIONS /api/users/email/shaikhaniscoder07@gmail.com
2024-08-13 05:32:14,068 DEBUG o.s.s.w.FilterChainProxy [http-nio-7777-exec-1] Securing GET /api/users/email/shaikhaniscoder07@gmail.com
2024-08-13 05:32:14,801 DEBUG o.s.s.w.FilterChainProxy [http-nio-7777-exec-1] Secured GET /api/users/email/shaikhaniscoder07@gmail.com
2024-08-13 05:32:15,193 DEBUG o.s.s.w.FilterChainProxy [http-nio-7777-exec-8] Securing GET /api/users/email/shaikhaniscoder07@gmail.com
2024-08-13 05:32:15,300 DEBUG o.s.s.w.FilterChainProxy [http-nio-7777-exec-8] Secured GET /api/users/email/shaikhaniscoder07@gmail.com
2024-08-13 05:32:20,537 DEBUG o.s.s.w.FilterChainProxy [http-nio-7777-exec-6] Securing OPTIONS /api/users/all
2024-08-13 05:32:20,537 DEBUG o.s.s.w.FilterChainProxy [http-nio-7777-exec-7] Securing OPTIONS /api/users/all
2024-08-13 05:32:20,732 DEBUG o.s.s.w.FilterChainProxy [http-nio-7777-exec-2] Securing GET /api/users/all
2024-08-13 05:32:20,811 DEBUG o.s.s.w.FilterChainProxy [http-nio-7777-exec-2] Secured GET /api/users/all
2024-08-13 05:32:20,947 DEBUG o.s.s.w.FilterChainProxy [http-nio-7777-exec-3] Securing GET /api/users/all
2024-08-13 05:32:21,030 DEBUG o.s.s.w.FilterChainProxy [http-nio-7777-exec-3] Secured GET /api/users/all
2024-08-13 05:32:27,431 DEBUG o.s.s.w.FilterChainProxy [http-nio-7777-exec-1] Securing OPTIONS /api/users/delete/undefined
2024-08-13 05:32:27,437 DEBUG o.s.s.w.FilterChainProxy [http-nio-7777-exec-8] Securing DELETE /api/users/delete/undefined
2024-08-13 05:32:27,465 DEBUG o.s.s.w.FilterChainProxy [http-nio-7777-exec-8] Secured DELETE /api/users/delete/undefined
2024-08-13 05:32:27,495 WARN o.s.w.s.h.AbstractHandlerExceptionResolver [http-nio-7777-exec-8] Resolved [org.springframework.web.method.annotation.MethodArgumentTypeMismatchException: Failed to convert value of type 'java.lang.String' to required type 'java.lang.Long'; For input string: "undefined"]
2024-08-13 05:32:27,495 DEBUG o.s.s.w.FilterChainProxy [http-nio-7777-exec-8] Securing DELETE /error
2024-08-13 05:32:27,495 DEBUG o.s.s.w.a.AnonymousAuthenticationFilter [http-nio-7777-exec-8] Set SecurityContextHolder to anonymous SecurityContext
2024-08-13 05:32:27,495 DEBUG o.s.s.w.a.Http403ForbiddenEntryPoint [http-nio-7777-exec-8] Pre-authenticated entry point called. Rejecting access
2024-08-13 05:32:28,897 DEBUG o.s.s.w.FilterChainProxy [http-nio-7777-exec-10] Securing DELETE /api/users/delete/undefined
2024-08-13 05:32:28,922 DEBUG o.s.s.w.FilterChainProxy [http-nio-7777-exec-10] Secured DELETE /api/users/delete/undefined
2024-08-13 05:32:28,924 WARN o.s.w.s.h.AbstractHandlerExceptionResolver [http-nio-7777-exec-10] Resolved [org.springframework.web.method.annotation.MethodArgumentTypeMismatchException: Failed to convert value of type 'java.lang.String' to required type 'java.lang.Long'; For input string: "undefined"]
2024-08-13 05:32:28,928 DEBUG o.s.s.w.FilterChainProxy [http-nio-7777-exec-10] Securing DELETE /error
2024-08-13 05:32:28,928 DEBUG o.s.s.w.a.AnonymousAuthenticationFilter [http-nio-7777-exec-10] Set SecurityContextHolder to anonymous SecurityContext
2024-08-13 05:32:28,928 DEBUG o.s.s.w.a.Http403ForbiddenEntryPoint [http-nio-7777-exec-10] Pre-authenticated entry point called. Rejecting access
2024-08-13 05:32:34,926 DEBUG o.s.s.w.FilterChainProxy [http-nio-7777-exec-7] Securing OPTIONS /api/users/delete/undefined
2024-08-13 05:32:34,931 DEBUG o.s.s.w.FilterChainProxy [http-nio-7777-exec-6] Securing DELETE /api/users/delete/undefined
2024-08-13 05:32:34,950 DEBUG o.s.s.w.FilterChainProxy [http-nio-7777-exec-6] Secured DELETE /api/users/delete/undefined
2024-08-13 05:32:34,960 WARN o.s.w.s.h.AbstractHandlerExceptionResolver [http-nio-7777-exec-6] Resolved [org.springframework.web.method.annotation.MethodArgumentTypeMismatchException: Failed to convert value of type 'java.lang.String' to required type 'java.lang.Long'; For input string: "undefined"]
2024-08-13 05:32:34,960 DEBUG o.s.s.w.FilterChainProxy [http-nio-7777-exec-6] Securing DELETE /error
2024-08-13 05:32:34,960 DEBUG o.s.s.w.a.AnonymousAuthenticationFilter [http-nio-7777-exec-6] Set SecurityContextHolder to anonymous SecurityContext
2024-08-13 05:32:34,960 DEBUG o.s.s.w.a.Http403ForbiddenEntryPoint [http-nio-7777-exec-6] Pre-authenticated entry point called. Rejecting access
2024-08-13 05:32:36,446 DEBUG o.s.s.w.FilterChainProxy [http-nio-7777-exec-2] Securing DELETE /api/users/delete/undefined
2024-08-13 05:32:36,472 DEBUG o.s.s.w.FilterChainProxy [http-nio-7777-exec-2] Secured DELETE /api/users/delete/undefined
2024-08-13 05:32:36,474 WARN o.s.w.s.h.AbstractHandlerExceptionResolver [http-nio-7777-exec-2] Resolved [org.springframework.web.method.annotation.MethodArgumentTypeMismatchException: Failed to convert value of type 'java.lang.String' to required type 'java.lang.Long'; For input string: "undefined"]
2024-08-13 05:32:36,479 DEBUG o.s.s.w.FilterChainProxy [http-nio-7777-exec-2] Securing DELETE /error
2024-08-13 05:32:36,481 DEBUG o.s.s.w.a.AnonymousAuthenticationFilter [http-nio-7777-exec-2] Set SecurityContextHolder to anonymous SecurityContext
2024-08-13 05:32:36,482 DEBUG o.s.s.w.a.Http403ForbiddenEntryPoint [http-nio-7777-exec-2] Pre-authenticated entry point called. Rejecting access
2024-08-13 05:32:57,926 DEBUG o.s.s.w.FilterChainProxy [http-nio-7777-exec-4] Securing OPTIONS /api/users/update/undefined
2024-08-13 05:32:57,950 DEBUG o.s.s.w.FilterChainProxy [http-nio-7777-exec-5] Securing PUT /api/users/update/undefined
2024-08-13 05:32:57,975 DEBUG o.s.s.w.FilterChainProxy [http-nio-7777-exec-5] Secured PUT /api/users/update/undefined
2024-08-13 05:32:57,975 WARN o.s.w.s.h.AbstractHandlerExceptionResolver [http-nio-7777-exec-5] Resolved [org.springframework.web.method.annotation.MethodArgumentTypeMismatchException: Failed to convert value of type 'java.lang.String' to required type 'java.lang.Long'; For input string: "undefined"]
2024-08-13 05:32:57,990 DEBUG o.s.s.w.FilterChainProxy [http-nio-7777-exec-5] Securing PUT /error
2024-08-13 05:32:57,990 DEBUG o.s.s.w.a.AnonymousAuthenticationFilter [http-nio-7777-exec-5] Set SecurityContextHolder to anonymous SecurityContext
2024-08-13 05:32:57,990 DEBUG o.s.s.w.a.Http403ForbiddenEntryPoint [http-nio-7777-exec-5] Pre-authenticated entry point called. Rejecting access
2024-08-13 05:33:11,011 DEBUG o.s.s.w.FilterChainProxy [http-nio-7777-exec-8] Securing OPTIONS /api/users/update/undefined
2024-08-13 05:33:11,017 DEBUG o.s.s.w.FilterChainProxy [http-nio-7777-exec-10] Securing PUT /api/users/update/undefined
2024-08-13 05:33:11,078 DEBUG o.s.s.w.FilterChainProxy [http-nio-7777-exec-10] Secured PUT /api/users/update/undefined
2024-08-13 05:33:11,078 WARN o.s.w.s.h.AbstractHandlerExceptionResolver [http-nio-7777-exec-10] Resolved [org.springframework.web.method.annotation.MethodArgumentTypeMismatchException: Failed to convert value of type 'java.lang.String' to required type 'java.lang.Long'; For input string: "undefined"]
2024-08-13 05:33:11,078 DEBUG o.s.s.w.FilterChainProxy [http-nio-7777-exec-10] Securing PUT /error
2024-08-13 05:33:11,078 DEBUG o.s.s.w.a.AnonymousAuthenticationFilter [http-nio-7777-exec-10] Set SecurityContextHolder to anonymous SecurityContext
2024-08-13 05:33:11,078 DEBUG o.s.s.w.a.Http403ForbiddenEntryPoint [http-nio-7777-exec-10] Pre-authenticated entry point called. Rejecting access
2024-08-13 05:35:09,314 DEBUG o.s.s.w.FilterChainProxy [http-nio-7777-exec-7] Securing OPTIONS /api/users/delete/undefined
2024-08-13 05:35:09,409 DEBUG o.s.s.w.FilterChainProxy [http-nio-7777-exec-6] Securing DELETE /api/users/delete/undefined
2024-08-13 05:35:09,849 DEBUG o.s.s.w.FilterChainProxy [http-nio-7777-exec-6] Secured DELETE /api/users/delete/undefined
2024-08-13 05:35:09,953 WARN o.s.w.s.h.AbstractHandlerExceptionResolver [http-nio-7777-exec-6] Resolved [org.springframework.web.method.annotation.MethodArgumentTypeMismatchException: Failed to convert value of type 'java.lang.String' to required type 'java.lang.Long'; For input string: "undefined"]
2024-08-13 05:35:09,961 DEBUG o.s.s.w.FilterChainProxy [http-nio-7777-exec-6] Securing DELETE /error
2024-08-13 05:35:09,962 DEBUG o.s.s.w.a.AnonymousAuthenticationFilter [http-nio-7777-exec-6] Set SecurityContextHolder to anonymous SecurityContext
2024-08-13 05:35:09,965 DEBUG o.s.s.w.a.Http403ForbiddenEntryPoint [http-nio-7777-exec-6] Pre-authenticated entry point called. Rejecting access
2024-08-13 05:35:13,606 DEBUG o.s.s.w.FilterChainProxy [http-nio-7777-exec-3] Securing DELETE /api/users/delete/undefined
2024-08-13 05:35:13,646 DEBUG o.s.s.w.FilterChainProxy [http-nio-7777-exec-3] Secured DELETE /api/users/delete/undefined
2024-08-13 05:35:13,646 WARN o.s.w.s.h.AbstractHandlerExceptionResolver [http-nio-7777-exec-3] Resolved [org.springframework.web.method.annotation.MethodArgumentTypeMismatchException: Failed to convert value of type 'java.lang.String' to required type 'java.lang.Long'; For input string: "undefined"]
2024-08-13 05:35:13,666 DEBUG o.s.s.w.FilterChainProxy [http-nio-7777-exec-3] Securing DELETE /error
2024-08-13 05:35:13,682 DEBUG o.s.s.w.a.AnonymousAuthenticationFilter [http-nio-7777-exec-3] Set SecurityContextHolder to anonymous SecurityContext
2024-08-13 05:35:13,684 DEBUG o.s.s.w.a.Http403ForbiddenEntryPoint [http-nio-7777-exec-3] Pre-authenticated entry point called. Rejecting access
2024-08-13 05:35:26,515 DEBUG o.s.s.w.FilterChainProxy [http-nio-7777-exec-5] Securing OPTIONS /api/users/update/undefined
2024-08-13 05:35:26,527 DEBUG o.s.s.w.FilterChainProxy [http-nio-7777-exec-1] Securing PUT /api/users/update/undefined
2024-08-13 05:35:26,577 DEBUG o.s.s.w.FilterChainProxy [http-nio-7777-exec-1] Secured PUT /api/users/update/undefined
2024-08-13 05:35:26,577 WARN o.s.w.s.h.AbstractHandlerExceptionResolver [http-nio-7777-exec-1] Resolved [org.springframework.web.method.annotation.MethodArgumentTypeMismatchException: Failed to convert value of type 'java.lang.String' to required type 'java.lang.Long'; For input string: "undefined"]
2024-08-13 05:35:26,591 DEBUG o.s.s.w.FilterChainProxy [http-nio-7777-exec-1] Securing PUT /error
2024-08-13 05:35:26,594 DEBUG o.s.s.w.a.AnonymousAuthenticationFilter [http-nio-7777-exec-1] Set SecurityContextHolder to anonymous SecurityContext
2024-08-13 05:35:26,594 DEBUG o.s.s.w.a.Http403ForbiddenEntryPoint [http-nio-7777-exec-1] Pre-authenticated entry point called. Rejecting access
2024-08-13 05:35:41,413 DEBUG o.s.s.w.FilterChainProxy [http-nio-7777-exec-10] Securing OPTIONS /api/users/add
2024-08-13 05:35:41,426 DEBUG o.s.s.w.FilterChainProxy [http-nio-7777-exec-9] Securing POST /api/users/add
2024-08-13 05:35:41,535 DEBUG o.s.s.w.FilterChainProxy [http-nio-7777-exec-9] Secured POST /api/users/add
2024-08-13 05:35:42,412 WARN o.s.w.s.h.AbstractHandlerExceptionResolver [http-nio-7777-exec-9] Resolved [org.springframework.http.converter.HttpMessageNotReadableException: JSON parse error: Cannot deserialize value of type `com.max.quizspring.model.User$Role` from String "Admin": not one of the values accepted for Enum class: [STUDENT, INSTRUCTOR, ADMIN]]
2024-08-13 05:35:42,417 DEBUG o.s.s.w.FilterChainProxy [http-nio-7777-exec-9] Securing POST /error
2024-08-13 05:35:42,418 DEBUG o.s.s.w.a.AnonymousAuthenticationFilter [http-nio-7777-exec-9] Set SecurityContextHolder to anonymous SecurityContext
2024-08-13 05:35:42,420 DEBUG o.s.s.w.a.Http403ForbiddenEntryPoint [http-nio-7777-exec-9] Pre-authenticated entry point called. Rejecting access
2024-08-13 05:41:12,506 DEBUG o.s.s.w.FilterChainProxy [http-nio-7777-exec-6] Securing OPTIONS /api/users/all
2024-08-13 05:41:12,537 DEBUG o.s.s.w.FilterChainProxy [http-nio-7777-exec-2] Securing OPTIONS /api/users/all
2024-08-13 05:41:15,262 DEBUG o.s.s.w.FilterChainProxy [http-nio-7777-exec-3] Securing GET /api/users/all
2024-08-13 05:41:17,263 DEBUG o.s.s.w.FilterChainProxy [http-nio-7777-exec-3] Secured GET /api/users/all
2024-08-13 05:41:17,964 DEBUG o.s.s.w.FilterChainProxy [http-nio-7777-exec-5] Securing GET /api/users/all
2024-08-13 05:41:18,050 DEBUG o.s.s.w.FilterChainProxy [http-nio-7777-exec-5] Secured GET /api/users/all
2024-08-13 05:41:54,019 DEBUG o.s.s.w.FilterChainProxy [http-nio-7777-exec-10] Securing OPTIONS /api/users/delete/undefined
2024-08-13 05:41:54,027 DEBUG o.s.s.w.FilterChainProxy [http-nio-7777-exec-9] Securing DELETE /api/users/delete/undefined
2024-08-13 05:41:54,702 DEBUG o.s.s.w.FilterChainProxy [http-nio-7777-exec-9] Secured DELETE /api/users/delete/undefined
2024-08-13 05:41:55,170 WARN o.s.w.s.h.AbstractHandlerExceptionResolver [http-nio-7777-exec-9] Resolved [org.springframework.web.method.annotation.MethodArgumentTypeMismatchException: Failed to convert value of type 'java.lang.String' to required type 'java.lang.Long'; For input string: "undefined"]
2024-08-13 05:41:55,326 DEBUG o.s.s.w.FilterChainProxy [http-nio-7777-exec-9] Securing DELETE /error
2024-08-13 05:41:55,342 DEBUG o.s.s.w.a.AnonymousAuthenticationFilter [http-nio-7777-exec-9] Set SecurityContextHolder to anonymous SecurityContext
2024-08-13 05:41:55,389 DEBUG o.s.s.w.a.Http403ForbiddenEntryPoint [http-nio-7777-exec-9] Pre-authenticated entry point called. Rejecting access
2024-08-13 05:42:11,213 DEBUG o.s.s.w.FilterChainProxy [http-nio-7777-exec-2] Securing OPTIONS /api/users/delete/undefined
2024-08-13 05:42:11,241 DEBUG o.s.s.w.FilterChainProxy [http-nio-7777-exec-6] Securing DELETE /api/users/delete/undefined
2024-08-13 05:42:11,389 DEBUG o.s.s.w.FilterChainProxy [http-nio-7777-exec-6] Secured DELETE /api/users/delete/undefined
2024-08-13 05:42:11,389 WARN o.s.w.s.h.AbstractHandlerExceptionResolver [http-nio-7777-exec-6] Resolved [org.springframework.web.method.annotation.MethodArgumentTypeMismatchException: Failed to convert value of type 'java.lang.String' to required type 'java.lang.Long'; For input string: "undefined"]
2024-08-13 05:42:11,389 DEBUG o.s.s.w.FilterChainProxy [http-nio-7777-exec-6] Securing DELETE /error
2024-08-13 05:42:11,404 DEBUG o.s.s.w.a.AnonymousAuthenticationFilter [http-nio-7777-exec-6] Set SecurityContextHolder to anonymous SecurityContext
2024-08-13 05:42:11,404 DEBUG o.s.s.w.a.Http403ForbiddenEntryPoint [http-nio-7777-exec-6] Pre-authenticated entry point called. Rejecting access
2024-08-13 05:42:16,614 DEBUG o.s.s.w.FilterChainProxy [http-nio-7777-exec-3] Securing OPTIONS /api/users/delete/undefined
2024-08-13 05:42:16,645 DEBUG o.s.s.w.FilterChainProxy [http-nio-7777-exec-5] Securing DELETE /api/users/delete/undefined
2024-08-13 05:42:16,709 ERROR o.a.j.l.DirectJDKLog [http-nio-7777-exec-5] Servlet.service() for servlet [dispatcherServlet] in context with path [] threw exception
io.jsonwebtoken.ExpiredJwtException: JWT expired at 2024-08-13T00:12:16Z. Current time: 2024-08-13T00:12:16Z, a difference of 652 milliseconds.  Allowed clock skew: 0 milliseconds.
	at io.jsonwebtoken.impl.DefaultJwtParser.parse(DefaultJwtParser.java:427)
	at io.jsonwebtoken.impl.DefaultJwtParser.parse(DefaultJwtParser.java:529)
	at io.jsonwebtoken.impl.DefaultJwtParser.parseClaimsJws(DefaultJwtParser.java:589)
	at io.jsonwebtoken.impl.ImmutableJwtParser.parseClaimsJws(ImmutableJwtParser.java:173)
	at com.max.quizspring.config.JwtToken.extractAllClaims(JwtToken.java:36)
	at com.max.quizspring.config.JwtToken.extraClaim(JwtToken.java:31)
	at com.max.quizspring.config.JwtToken.extractUsername(JwtToken.java:23)
	at com.max.quizspring.config.JwtAuthenticationFilter.doFilterInternal(JwtAuthenticationFilter.java:41)
	at org.springframework.web.filter.OncePerRequestFilter.doFilter(OncePerRequestFilter.java:116)
	at org.springframework.security.web.FilterChainProxy$VirtualFilterChain.doFilter(FilterChainProxy.java:374)
	at org.springframework.security.web.authentication.logout.LogoutFilter.doFilter(LogoutFilter.java:107)
	at org.springframework.security.web.authentication.logout.LogoutFilter.doFilter(LogoutFilter.java:93)
	at org.springframework.security.web.FilterChainProxy$VirtualFilterChain.doFilter(FilterChainProxy.java:374)
	at org.springframework.web.filter.CorsFilter.doFilterInternal(CorsFilter.java:91)
	at org.springframework.web.filter.OncePerRequestFilter.doFilter(OncePerRequestFilter.java:116)
	at org.springframework.security.web.FilterChainProxy$VirtualFilterChain.doFilter(FilterChainProxy.java:374)
	at org.springframework.security.web.header.HeaderWriterFilter.doHeadersAfter(HeaderWriterFilter.java:90)
	at org.springframework.security.web.header.HeaderWriterFilter.doFilterInternal(HeaderWriterFilter.java:75)
	at org.springframework.web.filter.OncePerRequestFilter.doFilter(OncePerRequestFilter.java:116)
	at org.springframework.security.web.FilterChainProxy$VirtualFilterChain.doFilter(FilterChainProxy.java:374)
	at org.springframework.security.web.context.SecurityContextHolderFilter.doFilter(SecurityContextHolderFilter.java:82)
	at org.springframework.security.web.context.SecurityContextHolderFilter.doFilter(SecurityContextHolderFilter.java:69)
	at org.springframework.security.web.FilterChainProxy$VirtualFilterChain.doFilter(FilterChainProxy.java:374)
	at org.springframework.security.web.context.request.async.WebAsyncManagerIntegrationFilter.doFilterInternal(WebAsyncManagerIntegrationFilter.java:62)
	at org.springframework.web.filter.OncePerRequestFilter.doFilter(OncePerRequestFilter.java:116)
	at org.springframework.security.web.FilterChainProxy$VirtualFilterChain.doFilter(FilterChainProxy.java:374)
	at org.springframework.security.web.session.DisableEncodeUrlFilter.doFilterInternal(DisableEncodeUrlFilter.java:42)
	at org.springframework.web.filter.OncePerRequestFilter.doFilter(OncePerRequestFilter.java:116)
	at org.springframework.security.web.FilterChainProxy$VirtualFilterChain.doFilter(FilterChainProxy.java:374)
	at org.springframework.security.web.FilterChainProxy.doFilterInternal(FilterChainProxy.java:233)
	at org.springframework.security.web.FilterChainProxy.doFilter(FilterChainProxy.java:191)
	at org.springframework.web.filter.CompositeFilter$VirtualFilterChain.doFilter(CompositeFilter.java:113)
	at org.springframework.web.servlet.handler.HandlerMappingIntrospector.lambda$createCacheFilter$3(HandlerMappingIntrospector.java:195)
	at org.springframework.web.filter.CompositeFilter$VirtualFilterChain.doFilter(CompositeFilter.java:113)
	at org.springframework.web.filter.CompositeFilter.doFilter(CompositeFilter.java:74)
	at org.springframework.security.config.annotation.web.configuration.WebMvcSecurityConfiguration$CompositeFilterChainProxy.doFilter(WebMvcSecurityConfiguration.java:230)
	at org.springframework.web.filter.DelegatingFilterProxy.invokeDelegate(DelegatingFilterProxy.java:352)
	at org.springframework.web.filter.DelegatingFilterProxy.doFilter(DelegatingFilterProxy.java:268)
	at org.apache.catalina.core.ApplicationFilterChain.internalDoFilter(ApplicationFilterChain.java:164)
	at org.apache.catalina.core.ApplicationFilterChain.doFilter(ApplicationFilterChain.java:140)
	at org.springframework.web.filter.RequestContextFilter.doFilterInternal(RequestContextFilter.java:100)
	at org.springframework.web.filter.OncePerRequestFilter.doFilter(OncePerRequestFilter.java:116)
	at org.apache.catalina.core.ApplicationFilterChain.internalDoFilter(ApplicationFilterChain.java:164)
	at org.apache.catalina.core.ApplicationFilterChain.doFilter(ApplicationFilterChain.java:140)
	at org.springframework.web.filter.FormContentFilter.doFilterInternal(FormContentFilter.java:93)
	at org.springframework.web.filter.OncePerRequestFilter.doFilter(OncePerRequestFilter.java:116)
	at org.apache.catalina.core.ApplicationFilterChain.internalDoFilter(ApplicationFilterChain.java:164)
	at org.apache.catalina.core.ApplicationFilterChain.doFilter(ApplicationFilterChain.java:140)
	at org.springframework.web.filter.CharacterEncodingFilter.doFilterInternal(CharacterEncodingFilter.java:201)
	at org.springframework.web.filter.OncePerRequestFilter.doFilter(OncePerRequestFilter.java:116)
	at org.apache.catalina.core.ApplicationFilterChain.internalDoFilter(ApplicationFilterChain.java:164)
	at org.apache.catalina.core.ApplicationFilterChain.doFilter(ApplicationFilterChain.java:140)
	at org.apache.catalina.core.StandardWrapperValve.invoke(StandardWrapperValve.java:167)
	at org.apache.catalina.core.StandardContextValve.invoke(StandardContextValve.java:90)
	at org.apache.catalina.authenticator.AuthenticatorBase.invoke(AuthenticatorBase.java:483)
	at org.apache.catalina.core.StandardHostValve.invoke(StandardHostValve.java:115)
	at org.apache.catalina.valves.ErrorReportValve.invoke(ErrorReportValve.java:93)
	at org.apache.catalina.core.StandardEngineValve.invoke(StandardEngineValve.java:74)
	at org.apache.catalina.connector.CoyoteAdapter.service(CoyoteAdapter.java:344)
	at org.apache.coyote.http11.Http11Processor.service(Http11Processor.java:389)
	at org.apache.coyote.AbstractProcessorLight.process(AbstractProcessorLight.java:63)
	at org.apache.coyote.AbstractProtocol$ConnectionHandler.process(AbstractProtocol.java:904)
	at org.apache.tomcat.util.net.NioEndpoint$SocketProcessor.doRun(NioEndpoint.java:1741)
	at org.apache.tomcat.util.net.SocketProcessorBase.run(SocketProcessorBase.java:52)
	at org.apache.tomcat.util.threads.ThreadPoolExecutor.runWorker(ThreadPoolExecutor.java:1190)
	at org.apache.tomcat.util.threads.ThreadPoolExecutor$Worker.run(ThreadPoolExecutor.java:659)
	at org.apache.tomcat.util.threads.TaskThread$WrappingRunnable.run(TaskThread.java:63)
	at java.base/java.lang.Thread.run(Thread.java:833)
2024-08-13 05:42:16,770 DEBUG o.s.s.w.FilterChainProxy [http-nio-7777-exec-5] Securing DELETE /error
2024-08-13 05:42:16,786 DEBUG o.s.s.w.a.AnonymousAuthenticationFilter [http-nio-7777-exec-5] Set SecurityContextHolder to anonymous SecurityContext
2024-08-13 05:42:16,786 DEBUG o.s.s.w.a.Http403ForbiddenEntryPoint [http-nio-7777-exec-5] Pre-authenticated entry point called. Rejecting access
2024-08-13 05:43:58,773 DEBUG o.s.s.w.FilterChainProxy [http-nio-7777-exec-1] Securing OPTIONS /api/users/all
2024-08-13 05:43:59,207 DEBUG o.s.s.w.FilterChainProxy [http-nio-7777-exec-10] Securing GET /api/users/all
2024-08-13 05:43:59,498 ERROR o.a.j.l.DirectJDKLog [http-nio-7777-exec-10] Servlet.service() for servlet [dispatcherServlet] in context with path [] threw exception
io.jsonwebtoken.ExpiredJwtException: JWT expired at 2024-08-13T00:12:16Z. Current time: 2024-08-13T00:13:59Z, a difference of 103444 milliseconds.  Allowed clock skew: 0 milliseconds.
	at io.jsonwebtoken.impl.DefaultJwtParser.parse(DefaultJwtParser.java:427)
	at io.jsonwebtoken.impl.DefaultJwtParser.parse(DefaultJwtParser.java:529)
	at io.jsonwebtoken.impl.DefaultJwtParser.parseClaimsJws(DefaultJwtParser.java:589)
	at io.jsonwebtoken.impl.ImmutableJwtParser.parseClaimsJws(ImmutableJwtParser.java:173)
	at com.max.quizspring.config.JwtToken.extractAllClaims(JwtToken.java:36)
	at com.max.quizspring.config.JwtToken.extraClaim(JwtToken.java:31)
	at com.max.quizspring.config.JwtToken.extractUsername(JwtToken.java:23)
	at com.max.quizspring.config.JwtAuthenticationFilter.doFilterInternal(JwtAuthenticationFilter.java:41)
	at org.springframework.web.filter.OncePerRequestFilter.doFilter(OncePerRequestFilter.java:116)
	at org.springframework.security.web.FilterChainProxy$VirtualFilterChain.doFilter(FilterChainProxy.java:374)
	at org.springframework.security.web.authentication.logout.LogoutFilter.doFilter(LogoutFilter.java:107)
	at org.springframework.security.web.authentication.logout.LogoutFilter.doFilter(LogoutFilter.java:93)
	at org.springframework.security.web.FilterChainProxy$VirtualFilterChain.doFilter(FilterChainProxy.java:374)
	at org.springframework.web.filter.CorsFilter.doFilterInternal(CorsFilter.java:91)
	at org.springframework.web.filter.OncePerRequestFilter.doFilter(OncePerRequestFilter.java:116)
	at org.springframework.security.web.FilterChainProxy$VirtualFilterChain.doFilter(FilterChainProxy.java:374)
	at org.springframework.security.web.header.HeaderWriterFilter.doHeadersAfter(HeaderWriterFilter.java:90)
	at org.springframework.security.web.header.HeaderWriterFilter.doFilterInternal(HeaderWriterFilter.java:75)
	at org.springframework.web.filter.OncePerRequestFilter.doFilter(OncePerRequestFilter.java:116)
	at org.springframework.security.web.FilterChainProxy$VirtualFilterChain.doFilter(FilterChainProxy.java:374)
	at org.springframework.security.web.context.SecurityContextHolderFilter.doFilter(SecurityContextHolderFilter.java:82)
	at org.springframework.security.web.context.SecurityContextHolderFilter.doFilter(SecurityContextHolderFilter.java:69)
	at org.springframework.security.web.FilterChainProxy$VirtualFilterChain.doFilter(FilterChainProxy.java:374)
	at org.springframework.security.web.context.request.async.WebAsyncManagerIntegrationFilter.doFilterInternal(WebAsyncManagerIntegrationFilter.java:62)
	at org.springframework.web.filter.OncePerRequestFilter.doFilter(OncePerRequestFilter.java:116)
	at org.springframework.security.web.FilterChainProxy$VirtualFilterChain.doFilter(FilterChainProxy.java:374)
	at org.springframework.security.web.session.DisableEncodeUrlFilter.doFilterInternal(DisableEncodeUrlFilter.java:42)
	at org.springframework.web.filter.OncePerRequestFilter.doFilter(OncePerRequestFilter.java:116)
	at org.springframework.security.web.FilterChainProxy$VirtualFilterChain.doFilter(FilterChainProxy.java:374)
	at org.springframework.security.web.FilterChainProxy.doFilterInternal(FilterChainProxy.java:233)
	at org.springframework.security.web.FilterChainProxy.doFilter(FilterChainProxy.java:191)
	at org.springframework.web.filter.CompositeFilter$VirtualFilterChain.doFilter(CompositeFilter.java:113)
	at org.springframework.web.servlet.handler.HandlerMappingIntrospector.lambda$createCacheFilter$3(HandlerMappingIntrospector.java:195)
	at org.springframework.web.filter.CompositeFilter$VirtualFilterChain.doFilter(CompositeFilter.java:113)
	at org.springframework.web.filter.CompositeFilter.doFilter(CompositeFilter.java:74)
	at org.springframework.security.config.annotation.web.configuration.WebMvcSecurityConfiguration$CompositeFilterChainProxy.doFilter(WebMvcSecurityConfiguration.java:230)
	at org.springframework.web.filter.DelegatingFilterProxy.invokeDelegate(DelegatingFilterProxy.java:352)
	at org.springframework.web.filter.DelegatingFilterProxy.doFilter(DelegatingFilterProxy.java:268)
	at org.apache.catalina.core.ApplicationFilterChain.internalDoFilter(ApplicationFilterChain.java:164)
	at org.apache.catalina.core.ApplicationFilterChain.doFilter(ApplicationFilterChain.java:140)
	at org.springframework.web.filter.RequestContextFilter.doFilterInternal(RequestContextFilter.java:100)
	at org.springframework.web.filter.OncePerRequestFilter.doFilter(OncePerRequestFilter.java:116)
	at org.apache.catalina.core.ApplicationFilterChain.internalDoFilter(ApplicationFilterChain.java:164)
	at org.apache.catalina.core.ApplicationFilterChain.doFilter(ApplicationFilterChain.java:140)
	at org.springframework.web.filter.FormContentFilter.doFilterInternal(FormContentFilter.java:93)
	at org.springframework.web.filter.OncePerRequestFilter.doFilter(OncePerRequestFilter.java:116)
	at org.apache.catalina.core.ApplicationFilterChain.internalDoFilter(ApplicationFilterChain.java:164)
	at org.apache.catalina.core.ApplicationFilterChain.doFilter(ApplicationFilterChain.java:140)
	at org.springframework.web.filter.CharacterEncodingFilter.doFilterInternal(CharacterEncodingFilter.java:201)
	at org.springframework.web.filter.OncePerRequestFilter.doFilter(OncePerRequestFilter.java:116)
	at org.apache.catalina.core.ApplicationFilterChain.internalDoFilter(ApplicationFilterChain.java:164)
	at org.apache.catalina.core.ApplicationFilterChain.doFilter(ApplicationFilterChain.java:140)
	at org.apache.catalina.core.StandardWrapperValve.invoke(StandardWrapperValve.java:167)
	at org.apache.catalina.core.StandardContextValve.invoke(StandardContextValve.java:90)
	at org.apache.catalina.authenticator.AuthenticatorBase.invoke(AuthenticatorBase.java:483)
	at org.apache.catalina.core.StandardHostValve.invoke(StandardHostValve.java:115)
	at org.apache.catalina.valves.ErrorReportValve.invoke(ErrorReportValve.java:93)
	at org.apache.catalina.core.StandardEngineValve.invoke(StandardEngineValve.java:74)
	at org.apache.catalina.connector.CoyoteAdapter.service(CoyoteAdapter.java:344)
	at org.apache.coyote.http11.Http11Processor.service(Http11Processor.java:389)
	at org.apache.coyote.AbstractProcessorLight.process(AbstractProcessorLight.java:63)
	at org.apache.coyote.AbstractProtocol$ConnectionHandler.process(AbstractProtocol.java:904)
	at org.apache.tomcat.util.net.NioEndpoint$SocketProcessor.doRun(NioEndpoint.java:1741)
	at org.apache.tomcat.util.net.SocketProcessorBase.run(SocketProcessorBase.java:52)
	at org.apache.tomcat.util.threads.ThreadPoolExecutor.runWorker(ThreadPoolExecutor.java:1190)
	at org.apache.tomcat.util.threads.ThreadPoolExecutor$Worker.run(ThreadPoolExecutor.java:659)
	at org.apache.tomcat.util.threads.TaskThread$WrappingRunnable.run(TaskThread.java:63)
	at java.base/java.lang.Thread.run(Thread.java:833)
2024-08-13 05:43:59,708 DEBUG o.s.s.w.FilterChainProxy [http-nio-7777-exec-10] Securing GET /error
2024-08-13 05:43:59,721 DEBUG o.s.s.w.a.AnonymousAuthenticationFilter [http-nio-7777-exec-10] Set SecurityContextHolder to anonymous SecurityContext
2024-08-13 05:43:59,799 DEBUG o.s.s.w.a.Http403ForbiddenEntryPoint [http-nio-7777-exec-10] Pre-authenticated entry point called. Rejecting access
2024-08-13 05:46:46,193 DEBUG o.s.s.w.FilterChainProxy [http-nio-7777-exec-7] Securing OPTIONS /api/users/all
2024-08-13 05:46:46,742 DEBUG o.s.s.w.FilterChainProxy [http-nio-7777-exec-2] Securing GET /api/users/all
2024-08-13 05:46:47,057 ERROR o.a.j.l.DirectJDKLog [http-nio-7777-exec-2] Servlet.service() for servlet [dispatcherServlet] in context with path [] threw exception
io.jsonwebtoken.ExpiredJwtException: JWT expired at 2024-08-13T00:12:16Z. Current time: 2024-08-13T00:16:46Z, a difference of 270997 milliseconds.  Allowed clock skew: 0 milliseconds.
	at io.jsonwebtoken.impl.DefaultJwtParser.parse(DefaultJwtParser.java:427)
	at io.jsonwebtoken.impl.DefaultJwtParser.parse(DefaultJwtParser.java:529)
	at io.jsonwebtoken.impl.DefaultJwtParser.parseClaimsJws(DefaultJwtParser.java:589)
	at io.jsonwebtoken.impl.ImmutableJwtParser.parseClaimsJws(ImmutableJwtParser.java:173)
	at com.max.quizspring.config.JwtToken.extractAllClaims(JwtToken.java:36)
	at com.max.quizspring.config.JwtToken.extraClaim(JwtToken.java:31)
	at com.max.quizspring.config.JwtToken.extractUsername(JwtToken.java:23)
	at com.max.quizspring.config.JwtAuthenticationFilter.doFilterInternal(JwtAuthenticationFilter.java:41)
	at org.springframework.web.filter.OncePerRequestFilter.doFilter(OncePerRequestFilter.java:116)
	at org.springframework.security.web.FilterChainProxy$VirtualFilterChain.doFilter(FilterChainProxy.java:374)
	at org.springframework.security.web.authentication.logout.LogoutFilter.doFilter(LogoutFilter.java:107)
	at org.springframework.security.web.authentication.logout.LogoutFilter.doFilter(LogoutFilter.java:93)
	at org.springframework.security.web.FilterChainProxy$VirtualFilterChain.doFilter(FilterChainProxy.java:374)
	at org.springframework.web.filter.CorsFilter.doFilterInternal(CorsFilter.java:91)
	at org.springframework.web.filter.OncePerRequestFilter.doFilter(OncePerRequestFilter.java:116)
	at org.springframework.security.web.FilterChainProxy$VirtualFilterChain.doFilter(FilterChainProxy.java:374)
	at org.springframework.security.web.header.HeaderWriterFilter.doHeadersAfter(HeaderWriterFilter.java:90)
	at org.springframework.security.web.header.HeaderWriterFilter.doFilterInternal(HeaderWriterFilter.java:75)
	at org.springframework.web.filter.OncePerRequestFilter.doFilter(OncePerRequestFilter.java:116)
	at org.springframework.security.web.FilterChainProxy$VirtualFilterChain.doFilter(FilterChainProxy.java:374)
	at org.springframework.security.web.context.SecurityContextHolderFilter.doFilter(SecurityContextHolderFilter.java:82)
	at org.springframework.security.web.context.SecurityContextHolderFilter.doFilter(SecurityContextHolderFilter.java:69)
	at org.springframework.security.web.FilterChainProxy$VirtualFilterChain.doFilter(FilterChainProxy.java:374)
	at org.springframework.security.web.context.request.async.WebAsyncManagerIntegrationFilter.doFilterInternal(WebAsyncManagerIntegrationFilter.java:62)
	at org.springframework.web.filter.OncePerRequestFilter.doFilter(OncePerRequestFilter.java:116)
	at org.springframework.security.web.FilterChainProxy$VirtualFilterChain.doFilter(FilterChainProxy.java:374)
	at org.springframework.security.web.session.DisableEncodeUrlFilter.doFilterInternal(DisableEncodeUrlFilter.java:42)
	at org.springframework.web.filter.OncePerRequestFilter.doFilter(OncePerRequestFilter.java:116)
	at org.springframework.security.web.FilterChainProxy$VirtualFilterChain.doFilter(FilterChainProxy.java:374)
	at org.springframework.security.web.FilterChainProxy.doFilterInternal(FilterChainProxy.java:233)
	at org.springframework.security.web.FilterChainProxy.doFilter(FilterChainProxy.java:191)
	at org.springframework.web.filter.CompositeFilter$VirtualFilterChain.doFilter(CompositeFilter.java:113)
	at org.springframework.web.servlet.handler.HandlerMappingIntrospector.lambda$createCacheFilter$3(HandlerMappingIntrospector.java:195)
	at org.springframework.web.filter.CompositeFilter$VirtualFilterChain.doFilter(CompositeFilter.java:113)
	at org.springframework.web.filter.CompositeFilter.doFilter(CompositeFilter.java:74)
	at org.springframework.security.config.annotation.web.configuration.WebMvcSecurityConfiguration$CompositeFilterChainProxy.doFilter(WebMvcSecurityConfiguration.java:230)
	at org.springframework.web.filter.DelegatingFilterProxy.invokeDelegate(DelegatingFilterProxy.java:352)
	at org.springframework.web.filter.DelegatingFilterProxy.doFilter(DelegatingFilterProxy.java:268)
	at org.apache.catalina.core.ApplicationFilterChain.internalDoFilter(ApplicationFilterChain.java:164)
	at org.apache.catalina.core.ApplicationFilterChain.doFilter(ApplicationFilterChain.java:140)
	at org.springframework.web.filter.RequestContextFilter.doFilterInternal(RequestContextFilter.java:100)
	at org.springframework.web.filter.OncePerRequestFilter.doFilter(OncePerRequestFilter.java:116)
	at org.apache.catalina.core.ApplicationFilterChain.internalDoFilter(ApplicationFilterChain.java:164)
	at org.apache.catalina.core.ApplicationFilterChain.doFilter(ApplicationFilterChain.java:140)
	at org.springframework.web.filter.FormContentFilter.doFilterInternal(FormContentFilter.java:93)
	at org.springframework.web.filter.OncePerRequestFilter.doFilter(OncePerRequestFilter.java:116)
	at org.apache.catalina.core.ApplicationFilterChain.internalDoFilter(ApplicationFilterChain.java:164)
	at org.apache.catalina.core.ApplicationFilterChain.doFilter(ApplicationFilterChain.java:140)
	at org.springframework.web.filter.CharacterEncodingFilter.doFilterInternal(CharacterEncodingFilter.java:201)
	at org.springframework.web.filter.OncePerRequestFilter.doFilter(OncePerRequestFilter.java:116)
	at org.apache.catalina.core.ApplicationFilterChain.internalDoFilter(ApplicationFilterChain.java:164)
	at org.apache.catalina.core.ApplicationFilterChain.doFilter(ApplicationFilterChain.java:140)
	at org.apache.catalina.core.StandardWrapperValve.invoke(StandardWrapperValve.java:167)
	at org.apache.catalina.core.StandardContextValve.invoke(StandardContextValve.java:90)
	at org.apache.catalina.authenticator.AuthenticatorBase.invoke(AuthenticatorBase.java:483)
	at org.apache.catalina.core.StandardHostValve.invoke(StandardHostValve.java:115)
	at org.apache.catalina.valves.ErrorReportValve.invoke(ErrorReportValve.java:93)
	at org.apache.catalina.core.StandardEngineValve.invoke(StandardEngineValve.java:74)
	at org.apache.catalina.connector.CoyoteAdapter.service(CoyoteAdapter.java:344)
	at org.apache.coyote.http11.Http11Processor.service(Http11Processor.java:389)
	at org.apache.coyote.AbstractProcessorLight.process(AbstractProcessorLight.java:63)
	at org.apache.coyote.AbstractProtocol$ConnectionHandler.process(AbstractProtocol.java:904)
	at org.apache.tomcat.util.net.NioEndpoint$SocketProcessor.doRun(NioEndpoint.java:1741)
	at org.apache.tomcat.util.net.SocketProcessorBase.run(SocketProcessorBase.java:52)
	at org.apache.tomcat.util.threads.ThreadPoolExecutor.runWorker(ThreadPoolExecutor.java:1190)
	at org.apache.tomcat.util.threads.ThreadPoolExecutor$Worker.run(ThreadPoolExecutor.java:659)
	at org.apache.tomcat.util.threads.TaskThread$WrappingRunnable.run(TaskThread.java:63)
	at java.base/java.lang.Thread.run(Thread.java:833)
2024-08-13 05:46:47,407 DEBUG o.s.s.w.FilterChainProxy [http-nio-7777-exec-2] Securing GET /error
2024-08-13 05:46:47,440 DEBUG o.s.s.w.a.AnonymousAuthenticationFilter [http-nio-7777-exec-2] Set SecurityContextHolder to anonymous SecurityContext
2024-08-13 05:46:47,505 DEBUG o.s.s.w.a.Http403ForbiddenEntryPoint [http-nio-7777-exec-2] Pre-authenticated entry point called. Rejecting access
2024-08-13 05:46:52,469 DEBUG o.s.s.w.FilterChainProxy [http-nio-7777-exec-3] Securing OPTIONS /api/users/all
2024-08-13 05:46:52,473 DEBUG o.s.s.w.FilterChainProxy [http-nio-7777-exec-4] Securing OPTIONS /api/users/all
2024-08-13 05:46:52,573 DEBUG o.s.s.w.FilterChainProxy [http-nio-7777-exec-5] Securing GET /api/users/all
2024-08-13 05:46:52,587 ERROR o.a.j.l.DirectJDKLog [http-nio-7777-exec-5] Servlet.service() for servlet [dispatcherServlet] in context with path [] threw exception
io.jsonwebtoken.ExpiredJwtException: JWT expired at 2024-08-13T00:12:16Z. Current time: 2024-08-13T00:16:52Z, a difference of 276583 milliseconds.  Allowed clock skew: 0 milliseconds.
	at io.jsonwebtoken.impl.DefaultJwtParser.parse(DefaultJwtParser.java:427)
	at io.jsonwebtoken.impl.DefaultJwtParser.parse(DefaultJwtParser.java:529)
	at io.jsonwebtoken.impl.DefaultJwtParser.parseClaimsJws(DefaultJwtParser.java:589)
	at io.jsonwebtoken.impl.ImmutableJwtParser.parseClaimsJws(ImmutableJwtParser.java:173)
	at com.max.quizspring.config.JwtToken.extractAllClaims(JwtToken.java:36)
	at com.max.quizspring.config.JwtToken.extraClaim(JwtToken.java:31)
	at com.max.quizspring.config.JwtToken.extractUsername(JwtToken.java:23)
	at com.max.quizspring.config.JwtAuthenticationFilter.doFilterInternal(JwtAuthenticationFilter.java:41)
	at org.springframework.web.filter.OncePerRequestFilter.doFilter(OncePerRequestFilter.java:116)
	at org.springframework.security.web.FilterChainProxy$VirtualFilterChain.doFilter(FilterChainProxy.java:374)
	at org.springframework.security.web.authentication.logout.LogoutFilter.doFilter(LogoutFilter.java:107)
	at org.springframework.security.web.authentication.logout.LogoutFilter.doFilter(LogoutFilter.java:93)
	at org.springframework.security.web.FilterChainProxy$VirtualFilterChain.doFilter(FilterChainProxy.java:374)
	at org.springframework.web.filter.CorsFilter.doFilterInternal(CorsFilter.java:91)
	at org.springframework.web.filter.OncePerRequestFilter.doFilter(OncePerRequestFilter.java:116)
	at org.springframework.security.web.FilterChainProxy$VirtualFilterChain.doFilter(FilterChainProxy.java:374)
	at org.springframework.security.web.header.HeaderWriterFilter.doHeadersAfter(HeaderWriterFilter.java:90)
	at org.springframework.security.web.header.HeaderWriterFilter.doFilterInternal(HeaderWriterFilter.java:75)
	at org.springframework.web.filter.OncePerRequestFilter.doFilter(OncePerRequestFilter.java:116)
	at org.springframework.security.web.FilterChainProxy$VirtualFilterChain.doFilter(FilterChainProxy.java:374)
	at org.springframework.security.web.context.SecurityContextHolderFilter.doFilter(SecurityContextHolderFilter.java:82)
	at org.springframework.security.web.context.SecurityContextHolderFilter.doFilter(SecurityContextHolderFilter.java:69)
	at org.springframework.security.web.FilterChainProxy$VirtualFilterChain.doFilter(FilterChainProxy.java:374)
	at org.springframework.security.web.context.request.async.WebAsyncManagerIntegrationFilter.doFilterInternal(WebAsyncManagerIntegrationFilter.java:62)
	at org.springframework.web.filter.OncePerRequestFilter.doFilter(OncePerRequestFilter.java:116)
	at org.springframework.security.web.FilterChainProxy$VirtualFilterChain.doFilter(FilterChainProxy.java:374)
	at org.springframework.security.web.session.DisableEncodeUrlFilter.doFilterInternal(DisableEncodeUrlFilter.java:42)
	at org.springframework.web.filter.OncePerRequestFilter.doFilter(OncePerRequestFilter.java:116)
	at org.springframework.security.web.FilterChainProxy$VirtualFilterChain.doFilter(FilterChainProxy.java:374)
	at org.springframework.security.web.FilterChainProxy.doFilterInternal(FilterChainProxy.java:233)
	at org.springframework.security.web.FilterChainProxy.doFilter(FilterChainProxy.java:191)
	at org.springframework.web.filter.CompositeFilter$VirtualFilterChain.doFilter(CompositeFilter.java:113)
	at org.springframework.web.servlet.handler.HandlerMappingIntrospector.lambda$createCacheFilter$3(HandlerMappingIntrospector.java:195)
	at org.springframework.web.filter.CompositeFilter$VirtualFilterChain.doFilter(CompositeFilter.java:113)
	at org.springframework.web.filter.CompositeFilter.doFilter(CompositeFilter.java:74)
	at org.springframework.security.config.annotation.web.configuration.WebMvcSecurityConfiguration$CompositeFilterChainProxy.doFilter(WebMvcSecurityConfiguration.java:230)
	at org.springframework.web.filter.DelegatingFilterProxy.invokeDelegate(DelegatingFilterProxy.java:352)
	at org.springframework.web.filter.DelegatingFilterProxy.doFilter(DelegatingFilterProxy.java:268)
	at org.apache.catalina.core.ApplicationFilterChain.internalDoFilter(ApplicationFilterChain.java:164)
	at org.apache.catalina.core.ApplicationFilterChain.doFilter(ApplicationFilterChain.java:140)
	at org.springframework.web.filter.RequestContextFilter.doFilterInternal(RequestContextFilter.java:100)
	at org.springframework.web.filter.OncePerRequestFilter.doFilter(OncePerRequestFilter.java:116)
	at org.apache.catalina.core.ApplicationFilterChain.internalDoFilter(ApplicationFilterChain.java:164)
	at org.apache.catalina.core.ApplicationFilterChain.doFilter(ApplicationFilterChain.java:140)
	at org.springframework.web.filter.FormContentFilter.doFilterInternal(FormContentFilter.java:93)
	at org.springframework.web.filter.OncePerRequestFilter.doFilter(OncePerRequestFilter.java:116)
	at org.apache.catalina.core.ApplicationFilterChain.internalDoFilter(ApplicationFilterChain.java:164)
	at org.apache.catalina.core.ApplicationFilterChain.doFilter(ApplicationFilterChain.java:140)
	at org.springframework.web.filter.CharacterEncodingFilter.doFilterInternal(CharacterEncodingFilter.java:201)
	at org.springframework.web.filter.OncePerRequestFilter.doFilter(OncePerRequestFilter.java:116)
	at org.apache.catalina.core.ApplicationFilterChain.internalDoFilter(ApplicationFilterChain.java:164)
	at org.apache.catalina.core.ApplicationFilterChain.doFilter(ApplicationFilterChain.java:140)
	at org.apache.catalina.core.StandardWrapperValve.invoke(StandardWrapperValve.java:167)
	at org.apache.catalina.core.StandardContextValve.invoke(StandardContextValve.java:90)
	at org.apache.catalina.authenticator.AuthenticatorBase.invoke(AuthenticatorBase.java:483)
	at org.apache.catalina.core.StandardHostValve.invoke(StandardHostValve.java:115)
	at org.apache.catalina.valves.ErrorReportValve.invoke(ErrorReportValve.java:93)
	at org.apache.catalina.core.StandardEngineValve.invoke(StandardEngineValve.java:74)
	at org.apache.catalina.connector.CoyoteAdapter.service(CoyoteAdapter.java:344)
	at org.apache.coyote.http11.Http11Processor.service(Http11Processor.java:389)
	at org.apache.coyote.AbstractProcessorLight.process(AbstractProcessorLight.java:63)
	at org.apache.coyote.AbstractProtocol$ConnectionHandler.process(AbstractProtocol.java:904)
	at org.apache.tomcat.util.net.NioEndpoint$SocketProcessor.doRun(NioEndpoint.java:1741)
	at org.apache.tomcat.util.net.SocketProcessorBase.run(SocketProcessorBase.java:52)
	at org.apache.tomcat.util.threads.ThreadPoolExecutor.runWorker(ThreadPoolExecutor.java:1190)
	at org.apache.tomcat.util.threads.ThreadPoolExecutor$Worker.run(ThreadPoolExecutor.java:659)
	at org.apache.tomcat.util.threads.TaskThread$WrappingRunnable.run(TaskThread.java:63)
	at java.base/java.lang.Thread.run(Thread.java:833)
2024-08-13 05:46:52,692 DEBUG o.s.s.w.FilterChainProxy [http-nio-7777-exec-5] Securing GET /error
2024-08-13 05:46:52,694 DEBUG o.s.s.w.a.AnonymousAuthenticationFilter [http-nio-7777-exec-5] Set SecurityContextHolder to anonymous SecurityContext
2024-08-13 05:46:52,696 DEBUG o.s.s.w.a.Http403ForbiddenEntryPoint [http-nio-7777-exec-5] Pre-authenticated entry point called. Rejecting access
2024-08-13 05:46:52,759 DEBUG o.s.s.w.FilterChainProxy [http-nio-7777-exec-1] Securing GET /api/users/all
2024-08-13 05:46:52,782 ERROR o.a.j.l.DirectJDKLog [http-nio-7777-exec-1] Servlet.service() for servlet [dispatcherServlet] in context with path [] threw exception
io.jsonwebtoken.ExpiredJwtException: JWT expired at 2024-08-13T00:12:16Z. Current time: 2024-08-13T00:16:52Z, a difference of 276775 milliseconds.  Allowed clock skew: 0 milliseconds.
	at io.jsonwebtoken.impl.DefaultJwtParser.parse(DefaultJwtParser.java:427)
	at io.jsonwebtoken.impl.DefaultJwtParser.parse(DefaultJwtParser.java:529)
	at io.jsonwebtoken.impl.DefaultJwtParser.parseClaimsJws(DefaultJwtParser.java:589)
	at io.jsonwebtoken.impl.ImmutableJwtParser.parseClaimsJws(ImmutableJwtParser.java:173)
	at com.max.quizspring.config.JwtToken.extractAllClaims(JwtToken.java:36)
	at com.max.quizspring.config.JwtToken.extraClaim(JwtToken.java:31)
	at com.max.quizspring.config.JwtToken.extractUsername(JwtToken.java:23)
	at com.max.quizspring.config.JwtAuthenticationFilter.doFilterInternal(JwtAuthenticationFilter.java:41)
	at org.springframework.web.filter.OncePerRequestFilter.doFilter(OncePerRequestFilter.java:116)
	at org.springframework.security.web.FilterChainProxy$VirtualFilterChain.doFilter(FilterChainProxy.java:374)
	at org.springframework.security.web.authentication.logout.LogoutFilter.doFilter(LogoutFilter.java:107)
	at org.springframework.security.web.authentication.logout.LogoutFilter.doFilter(LogoutFilter.java:93)
	at org.springframework.security.web.FilterChainProxy$VirtualFilterChain.doFilter(FilterChainProxy.java:374)
	at org.springframework.web.filter.CorsFilter.doFilterInternal(CorsFilter.java:91)
	at org.springframework.web.filter.OncePerRequestFilter.doFilter(OncePerRequestFilter.java:116)
	at org.springframework.security.web.FilterChainProxy$VirtualFilterChain.doFilter(FilterChainProxy.java:374)
	at org.springframework.security.web.header.HeaderWriterFilter.doHeadersAfter(HeaderWriterFilter.java:90)
	at org.springframework.security.web.header.HeaderWriterFilter.doFilterInternal(HeaderWriterFilter.java:75)
	at org.springframework.web.filter.OncePerRequestFilter.doFilter(OncePerRequestFilter.java:116)
	at org.springframework.security.web.FilterChainProxy$VirtualFilterChain.doFilter(FilterChainProxy.java:374)
	at org.springframework.security.web.context.SecurityContextHolderFilter.doFilter(SecurityContextHolderFilter.java:82)
	at org.springframework.security.web.context.SecurityContextHolderFilter.doFilter(SecurityContextHolderFilter.java:69)
	at org.springframework.security.web.FilterChainProxy$VirtualFilterChain.doFilter(FilterChainProxy.java:374)
	at org.springframework.security.web.context.request.async.WebAsyncManagerIntegrationFilter.doFilterInternal(WebAsyncManagerIntegrationFilter.java:62)
	at org.springframework.web.filter.OncePerRequestFilter.doFilter(OncePerRequestFilter.java:116)
	at org.springframework.security.web.FilterChainProxy$VirtualFilterChain.doFilter(FilterChainProxy.java:374)
	at org.springframework.security.web.session.DisableEncodeUrlFilter.doFilterInternal(DisableEncodeUrlFilter.java:42)
	at org.springframework.web.filter.OncePerRequestFilter.doFilter(OncePerRequestFilter.java:116)
	at org.springframework.security.web.FilterChainProxy$VirtualFilterChain.doFilter(FilterChainProxy.java:374)
	at org.springframework.security.web.FilterChainProxy.doFilterInternal(FilterChainProxy.java:233)
	at org.springframework.security.web.FilterChainProxy.doFilter(FilterChainProxy.java:191)
	at org.springframework.web.filter.CompositeFilter$VirtualFilterChain.doFilter(CompositeFilter.java:113)
	at org.springframework.web.servlet.handler.HandlerMappingIntrospector.lambda$createCacheFilter$3(HandlerMappingIntrospector.java:195)
	at org.springframework.web.filter.CompositeFilter$VirtualFilterChain.doFilter(CompositeFilter.java:113)
	at org.springframework.web.filter.CompositeFilter.doFilter(CompositeFilter.java:74)
	at org.springframework.security.config.annotation.web.configuration.WebMvcSecurityConfiguration$CompositeFilterChainProxy.doFilter(WebMvcSecurityConfiguration.java:230)
	at org.springframework.web.filter.DelegatingFilterProxy.invokeDelegate(DelegatingFilterProxy.java:352)
	at org.springframework.web.filter.DelegatingFilterProxy.doFilter(DelegatingFilterProxy.java:268)
	at org.apache.catalina.core.ApplicationFilterChain.internalDoFilter(ApplicationFilterChain.java:164)
	at org.apache.catalina.core.ApplicationFilterChain.doFilter(ApplicationFilterChain.java:140)
	at org.springframework.web.filter.RequestContextFilter.doFilterInternal(RequestContextFilter.java:100)
	at org.springframework.web.filter.OncePerRequestFilter.doFilter(OncePerRequestFilter.java:116)
	at org.apache.catalina.core.ApplicationFilterChain.internalDoFilter(ApplicationFilterChain.java:164)
	at org.apache.catalina.core.ApplicationFilterChain.doFilter(ApplicationFilterChain.java:140)
	at org.springframework.web.filter.FormContentFilter.doFilterInternal(FormContentFilter.java:93)
	at org.springframework.web.filter.OncePerRequestFilter.doFilter(OncePerRequestFilter.java:116)
	at org.apache.catalina.core.ApplicationFilterChain.internalDoFilter(ApplicationFilterChain.java:164)
	at org.apache.catalina.core.ApplicationFilterChain.doFilter(ApplicationFilterChain.java:140)
	at org.springframework.web.filter.CharacterEncodingFilter.doFilterInternal(CharacterEncodingFilter.java:201)
	at org.springframework.web.filter.OncePerRequestFilter.doFilter(OncePerRequestFilter.java:116)
	at org.apache.catalina.core.ApplicationFilterChain.internalDoFilter(ApplicationFilterChain.java:164)
	at org.apache.catalina.core.ApplicationFilterChain.doFilter(ApplicationFilterChain.java:140)
	at org.apache.catalina.core.StandardWrapperValve.invoke(StandardWrapperValve.java:167)
	at org.apache.catalina.core.StandardContextValve.invoke(StandardContextValve.java:90)
	at org.apache.catalina.authenticator.AuthenticatorBase.invoke(AuthenticatorBase.java:483)
	at org.apache.catalina.core.StandardHostValve.invoke(StandardHostValve.java:115)
	at org.apache.catalina.valves.ErrorReportValve.invoke(ErrorReportValve.java:93)
	at org.apache.catalina.core.StandardEngineValve.invoke(StandardEngineValve.java:74)
	at org.apache.catalina.connector.CoyoteAdapter.service(CoyoteAdapter.java:344)
	at org.apache.coyote.http11.Http11Processor.service(Http11Processor.java:389)
	at org.apache.coyote.AbstractProcessorLight.process(AbstractProcessorLight.java:63)
	at org.apache.coyote.AbstractProtocol$ConnectionHandler.process(AbstractProtocol.java:904)
	at org.apache.tomcat.util.net.NioEndpoint$SocketProcessor.doRun(NioEndpoint.java:1741)
	at org.apache.tomcat.util.net.SocketProcessorBase.run(SocketProcessorBase.java:52)
	at org.apache.tomcat.util.threads.ThreadPoolExecutor.runWorker(ThreadPoolExecutor.java:1190)
	at org.apache.tomcat.util.threads.ThreadPoolExecutor$Worker.run(ThreadPoolExecutor.java:659)
	at org.apache.tomcat.util.threads.TaskThread$WrappingRunnable.run(TaskThread.java:63)
	at java.base/java.lang.Thread.run(Thread.java:833)
2024-08-13 05:46:52,865 DEBUG o.s.s.w.FilterChainProxy [http-nio-7777-exec-1] Securing GET /error
2024-08-13 05:46:52,871 DEBUG o.s.s.w.a.AnonymousAuthenticationFilter [http-nio-7777-exec-1] Set SecurityContextHolder to anonymous SecurityContext
2024-08-13 05:46:52,874 DEBUG o.s.s.w.a.Http403ForbiddenEntryPoint [http-nio-7777-exec-1] Pre-authenticated entry point called. Rejecting access
2024-08-13 05:47:00,811 DEBUG o.s.s.w.FilterChainProxy [http-nio-7777-exec-9] Securing OPTIONS /api/users/email/shaikhaniscoder07@gmail.com
2024-08-13 05:47:00,811 DEBUG o.s.s.w.FilterChainProxy [http-nio-7777-exec-7] Securing OPTIONS /api/users/email/shaikhaniscoder07@gmail.com
2024-08-13 05:47:00,842 DEBUG o.s.s.w.FilterChainProxy [http-nio-7777-exec-2] Securing GET /api/users/email/shaikhaniscoder07@gmail.com
2024-08-13 05:47:00,897 ERROR o.a.j.l.DirectJDKLog [http-nio-7777-exec-2] Servlet.service() for servlet [dispatcherServlet] in context with path [] threw exception
io.jsonwebtoken.ExpiredJwtException: JWT expired at 2024-08-13T00:12:16Z. Current time: 2024-08-13T00:17:00Z, a difference of 284897 milliseconds.  Allowed clock skew: 0 milliseconds.
	at io.jsonwebtoken.impl.DefaultJwtParser.parse(DefaultJwtParser.java:427)
	at io.jsonwebtoken.impl.DefaultJwtParser.parse(DefaultJwtParser.java:529)
	at io.jsonwebtoken.impl.DefaultJwtParser.parseClaimsJws(DefaultJwtParser.java:589)
	at io.jsonwebtoken.impl.ImmutableJwtParser.parseClaimsJws(ImmutableJwtParser.java:173)
	at com.max.quizspring.config.JwtToken.extractAllClaims(JwtToken.java:36)
	at com.max.quizspring.config.JwtToken.extraClaim(JwtToken.java:31)
	at com.max.quizspring.config.JwtToken.extractUsername(JwtToken.java:23)
	at com.max.quizspring.config.JwtAuthenticationFilter.doFilterInternal(JwtAuthenticationFilter.java:41)
	at org.springframework.web.filter.OncePerRequestFilter.doFilter(OncePerRequestFilter.java:116)
	at org.springframework.security.web.FilterChainProxy$VirtualFilterChain.doFilter(FilterChainProxy.java:374)
	at org.springframework.security.web.authentication.logout.LogoutFilter.doFilter(LogoutFilter.java:107)
	at org.springframework.security.web.authentication.logout.LogoutFilter.doFilter(LogoutFilter.java:93)
	at org.springframework.security.web.FilterChainProxy$VirtualFilterChain.doFilter(FilterChainProxy.java:374)
	at org.springframework.web.filter.CorsFilter.doFilterInternal(CorsFilter.java:91)
	at org.springframework.web.filter.OncePerRequestFilter.doFilter(OncePerRequestFilter.java:116)
	at org.springframework.security.web.FilterChainProxy$VirtualFilterChain.doFilter(FilterChainProxy.java:374)
	at org.springframework.security.web.header.HeaderWriterFilter.doHeadersAfter(HeaderWriterFilter.java:90)
	at org.springframework.security.web.header.HeaderWriterFilter.doFilterInternal(HeaderWriterFilter.java:75)
	at org.springframework.web.filter.OncePerRequestFilter.doFilter(OncePerRequestFilter.java:116)
	at org.springframework.security.web.FilterChainProxy$VirtualFilterChain.doFilter(FilterChainProxy.java:374)
	at org.springframework.security.web.context.SecurityContextHolderFilter.doFilter(SecurityContextHolderFilter.java:82)
	at org.springframework.security.web.context.SecurityContextHolderFilter.doFilter(SecurityContextHolderFilter.java:69)
	at org.springframework.security.web.FilterChainProxy$VirtualFilterChain.doFilter(FilterChainProxy.java:374)
	at org.springframework.security.web.context.request.async.WebAsyncManagerIntegrationFilter.doFilterInternal(WebAsyncManagerIntegrationFilter.java:62)
	at org.springframework.web.filter.OncePerRequestFilter.doFilter(OncePerRequestFilter.java:116)
	at org.springframework.security.web.FilterChainProxy$VirtualFilterChain.doFilter(FilterChainProxy.java:374)
	at org.springframework.security.web.session.DisableEncodeUrlFilter.doFilterInternal(DisableEncodeUrlFilter.java:42)
	at org.springframework.web.filter.OncePerRequestFilter.doFilter(OncePerRequestFilter.java:116)
	at org.springframework.security.web.FilterChainProxy$VirtualFilterChain.doFilter(FilterChainProxy.java:374)
	at org.springframework.security.web.FilterChainProxy.doFilterInternal(FilterChainProxy.java:233)
	at org.springframework.security.web.FilterChainProxy.doFilter(FilterChainProxy.java:191)
	at org.springframework.web.filter.CompositeFilter$VirtualFilterChain.doFilter(CompositeFilter.java:113)
	at org.springframework.web.servlet.handler.HandlerMappingIntrospector.lambda$createCacheFilter$3(HandlerMappingIntrospector.java:195)
	at org.springframework.web.filter.CompositeFilter$VirtualFilterChain.doFilter(CompositeFilter.java:113)
	at org.springframework.web.filter.CompositeFilter.doFilter(CompositeFilter.java:74)
	at org.springframework.security.config.annotation.web.configuration.WebMvcSecurityConfiguration$CompositeFilterChainProxy.doFilter(WebMvcSecurityConfiguration.java:230)
	at org.springframework.web.filter.DelegatingFilterProxy.invokeDelegate(DelegatingFilterProxy.java:352)
	at org.springframework.web.filter.DelegatingFilterProxy.doFilter(DelegatingFilterProxy.java:268)
	at org.apache.catalina.core.ApplicationFilterChain.internalDoFilter(ApplicationFilterChain.java:164)
	at org.apache.catalina.core.ApplicationFilterChain.doFilter(ApplicationFilterChain.java:140)
	at org.springframework.web.filter.RequestContextFilter.doFilterInternal(RequestContextFilter.java:100)
	at org.springframework.web.filter.OncePerRequestFilter.doFilter(OncePerRequestFilter.java:116)
	at org.apache.catalina.core.ApplicationFilterChain.internalDoFilter(ApplicationFilterChain.java:164)
	at org.apache.catalina.core.ApplicationFilterChain.doFilter(ApplicationFilterChain.java:140)
	at org.springframework.web.filter.FormContentFilter.doFilterInternal(FormContentFilter.java:93)
	at org.springframework.web.filter.OncePerRequestFilter.doFilter(OncePerRequestFilter.java:116)
	at org.apache.catalina.core.ApplicationFilterChain.internalDoFilter(ApplicationFilterChain.java:164)
	at org.apache.catalina.core.ApplicationFilterChain.doFilter(ApplicationFilterChain.java:140)
	at org.springframework.web.filter.CharacterEncodingFilter.doFilterInternal(CharacterEncodingFilter.java:201)
	at org.springframework.web.filter.OncePerRequestFilter.doFilter(OncePerRequestFilter.java:116)
	at org.apache.catalina.core.ApplicationFilterChain.internalDoFilter(ApplicationFilterChain.java:164)
	at org.apache.catalina.core.ApplicationFilterChain.doFilter(ApplicationFilterChain.java:140)
	at org.apache.catalina.core.StandardWrapperValve.invoke(StandardWrapperValve.java:167)
	at org.apache.catalina.core.StandardContextValve.invoke(StandardContextValve.java:90)
	at org.apache.catalina.authenticator.AuthenticatorBase.invoke(AuthenticatorBase.java:483)
	at org.apache.catalina.core.StandardHostValve.invoke(StandardHostValve.java:115)
	at org.apache.catalina.valves.ErrorReportValve.invoke(ErrorReportValve.java:93)
	at org.apache.catalina.core.StandardEngineValve.invoke(StandardEngineValve.java:74)
	at org.apache.catalina.connector.CoyoteAdapter.service(CoyoteAdapter.java:344)
	at org.apache.coyote.http11.Http11Processor.service(Http11Processor.java:389)
	at org.apache.coyote.AbstractProcessorLight.process(AbstractProcessorLight.java:63)
	at org.apache.coyote.AbstractProtocol$ConnectionHandler.process(AbstractProtocol.java:904)
	at org.apache.tomcat.util.net.NioEndpoint$SocketProcessor.doRun(NioEndpoint.java:1741)
	at org.apache.tomcat.util.net.SocketProcessorBase.run(SocketProcessorBase.java:52)
	at org.apache.tomcat.util.threads.ThreadPoolExecutor.runWorker(ThreadPoolExecutor.java:1190)
	at org.apache.tomcat.util.threads.ThreadPoolExecutor$Worker.run(ThreadPoolExecutor.java:659)
	at org.apache.tomcat.util.threads.TaskThread$WrappingRunnable.run(TaskThread.java:63)
	at java.base/java.lang.Thread.run(Thread.java:833)
2024-08-13 05:47:00,966 DEBUG o.s.s.w.FilterChainProxy [http-nio-7777-exec-2] Securing GET /error
2024-08-13 05:47:00,968 DEBUG o.s.s.w.a.AnonymousAuthenticationFilter [http-nio-7777-exec-2] Set SecurityContextHolder to anonymous SecurityContext
2024-08-13 05:47:00,974 DEBUG o.s.s.w.a.Http403ForbiddenEntryPoint [http-nio-7777-exec-2] Pre-authenticated entry point called. Rejecting access
2024-08-13 05:47:01,004 DEBUG o.s.s.w.FilterChainProxy [http-nio-7777-exec-6] Securing GET /api/users/email/shaikhaniscoder07@gmail.com
2024-08-13 05:47:01,019 ERROR o.a.j.l.DirectJDKLog [http-nio-7777-exec-6] Servlet.service() for servlet [dispatcherServlet] in context with path [] threw exception
io.jsonwebtoken.ExpiredJwtException: JWT expired at 2024-08-13T00:12:16Z. Current time: 2024-08-13T00:17:01Z, a difference of 285019 milliseconds.  Allowed clock skew: 0 milliseconds.
	at io.jsonwebtoken.impl.DefaultJwtParser.parse(DefaultJwtParser.java:427)
	at io.jsonwebtoken.impl.DefaultJwtParser.parse(DefaultJwtParser.java:529)
	at io.jsonwebtoken.impl.DefaultJwtParser.parseClaimsJws(DefaultJwtParser.java:589)
	at io.jsonwebtoken.impl.ImmutableJwtParser.parseClaimsJws(ImmutableJwtParser.java:173)
	at com.max.quizspring.config.JwtToken.extractAllClaims(JwtToken.java:36)
	at com.max.quizspring.config.JwtToken.extraClaim(JwtToken.java:31)
	at com.max.quizspring.config.JwtToken.extractUsername(JwtToken.java:23)
	at com.max.quizspring.config.JwtAuthenticationFilter.doFilterInternal(JwtAuthenticationFilter.java:41)
	at org.springframework.web.filter.OncePerRequestFilter.doFilter(OncePerRequestFilter.java:116)
	at org.springframework.security.web.FilterChainProxy$VirtualFilterChain.doFilter(FilterChainProxy.java:374)
	at org.springframework.security.web.authentication.logout.LogoutFilter.doFilter(LogoutFilter.java:107)
	at org.springframework.security.web.authentication.logout.LogoutFilter.doFilter(LogoutFilter.java:93)
	at org.springframework.security.web.FilterChainProxy$VirtualFilterChain.doFilter(FilterChainProxy.java:374)
	at org.springframework.web.filter.CorsFilter.doFilterInternal(CorsFilter.java:91)
	at org.springframework.web.filter.OncePerRequestFilter.doFilter(OncePerRequestFilter.java:116)
	at org.springframework.security.web.FilterChainProxy$VirtualFilterChain.doFilter(FilterChainProxy.java:374)
	at org.springframework.security.web.header.HeaderWriterFilter.doHeadersAfter(HeaderWriterFilter.java:90)
	at org.springframework.security.web.header.HeaderWriterFilter.doFilterInternal(HeaderWriterFilter.java:75)
	at org.springframework.web.filter.OncePerRequestFilter.doFilter(OncePerRequestFilter.java:116)
	at org.springframework.security.web.FilterChainProxy$VirtualFilterChain.doFilter(FilterChainProxy.java:374)
	at org.springframework.security.web.context.SecurityContextHolderFilter.doFilter(SecurityContextHolderFilter.java:82)
	at org.springframework.security.web.context.SecurityContextHolderFilter.doFilter(SecurityContextHolderFilter.java:69)
	at org.springframework.security.web.FilterChainProxy$VirtualFilterChain.doFilter(FilterChainProxy.java:374)
	at org.springframework.security.web.context.request.async.WebAsyncManagerIntegrationFilter.doFilterInternal(WebAsyncManagerIntegrationFilter.java:62)
	at org.springframework.web.filter.OncePerRequestFilter.doFilter(OncePerRequestFilter.java:116)
	at org.springframework.security.web.FilterChainProxy$VirtualFilterChain.doFilter(FilterChainProxy.java:374)
	at org.springframework.security.web.session.DisableEncodeUrlFilter.doFilterInternal(DisableEncodeUrlFilter.java:42)
	at org.springframework.web.filter.OncePerRequestFilter.doFilter(OncePerRequestFilter.java:116)
	at org.springframework.security.web.FilterChainProxy$VirtualFilterChain.doFilter(FilterChainProxy.java:374)
	at org.springframework.security.web.FilterChainProxy.doFilterInternal(FilterChainProxy.java:233)
	at org.springframework.security.web.FilterChainProxy.doFilter(FilterChainProxy.java:191)
	at org.springframework.web.filter.CompositeFilter$VirtualFilterChain.doFilter(CompositeFilter.java:113)
	at org.springframework.web.servlet.handler.HandlerMappingIntrospector.lambda$createCacheFilter$3(HandlerMappingIntrospector.java:195)
	at org.springframework.web.filter.CompositeFilter$VirtualFilterChain.doFilter(CompositeFilter.java:113)
	at org.springframework.web.filter.CompositeFilter.doFilter(CompositeFilter.java:74)
	at org.springframework.security.config.annotation.web.configuration.WebMvcSecurityConfiguration$CompositeFilterChainProxy.doFilter(WebMvcSecurityConfiguration.java:230)
	at org.springframework.web.filter.DelegatingFilterProxy.invokeDelegate(DelegatingFilterProxy.java:352)
	at org.springframework.web.filter.DelegatingFilterProxy.doFilter(DelegatingFilterProxy.java:268)
	at org.apache.catalina.core.ApplicationFilterChain.internalDoFilter(ApplicationFilterChain.java:164)
	at org.apache.catalina.core.ApplicationFilterChain.doFilter(ApplicationFilterChain.java:140)
	at org.springframework.web.filter.RequestContextFilter.doFilterInternal(RequestContextFilter.java:100)
	at org.springframework.web.filter.OncePerRequestFilter.doFilter(OncePerRequestFilter.java:116)
	at org.apache.catalina.core.ApplicationFilterChain.internalDoFilter(ApplicationFilterChain.java:164)
	at org.apache.catalina.core.ApplicationFilterChain.doFilter(ApplicationFilterChain.java:140)
	at org.springframework.web.filter.FormContentFilter.doFilterInternal(FormContentFilter.java:93)
	at org.springframework.web.filter.OncePerRequestFilter.doFilter(OncePerRequestFilter.java:116)
	at org.apache.catalina.core.ApplicationFilterChain.internalDoFilter(ApplicationFilterChain.java:164)
	at org.apache.catalina.core.ApplicationFilterChain.doFilter(ApplicationFilterChain.java:140)
	at org.springframework.web.filter.CharacterEncodingFilter.doFilterInternal(CharacterEncodingFilter.java:201)
	at org.springframework.web.filter.OncePerRequestFilter.doFilter(OncePerRequestFilter.java:116)
	at org.apache.catalina.core.ApplicationFilterChain.internalDoFilter(ApplicationFilterChain.java:164)
	at org.apache.catalina.core.ApplicationFilterChain.doFilter(ApplicationFilterChain.java:140)
	at org.apache.catalina.core.StandardWrapperValve.invoke(StandardWrapperValve.java:167)
	at org.apache.catalina.core.StandardContextValve.invoke(StandardContextValve.java:90)
	at org.apache.catalina.authenticator.AuthenticatorBase.invoke(AuthenticatorBase.java:483)
	at org.apache.catalina.core.StandardHostValve.invoke(StandardHostValve.java:115)
	at org.apache.catalina.valves.ErrorReportValve.invoke(ErrorReportValve.java:93)
	at org.apache.catalina.core.StandardEngineValve.invoke(StandardEngineValve.java:74)
	at org.apache.catalina.connector.CoyoteAdapter.service(CoyoteAdapter.java:344)
	at org.apache.coyote.http11.Http11Processor.service(Http11Processor.java:389)
	at org.apache.coyote.AbstractProcessorLight.process(AbstractProcessorLight.java:63)
	at org.apache.coyote.AbstractProtocol$ConnectionHandler.process(AbstractProtocol.java:904)
	at org.apache.tomcat.util.net.NioEndpoint$SocketProcessor.doRun(NioEndpoint.java:1741)
	at org.apache.tomcat.util.net.SocketProcessorBase.run(SocketProcessorBase.java:52)
	at org.apache.tomcat.util.threads.ThreadPoolExecutor.runWorker(ThreadPoolExecutor.java:1190)
	at org.apache.tomcat.util.threads.ThreadPoolExecutor$Worker.run(ThreadPoolExecutor.java:659)
	at org.apache.tomcat.util.threads.TaskThread$WrappingRunnable.run(TaskThread.java:63)
	at java.base/java.lang.Thread.run(Thread.java:833)
2024-08-13 05:47:01,046 DEBUG o.s.s.w.FilterChainProxy [http-nio-7777-exec-6] Securing GET /error
2024-08-13 05:47:01,046 DEBUG o.s.s.w.a.AnonymousAuthenticationFilter [http-nio-7777-exec-6] Set SecurityContextHolder to anonymous SecurityContext
2024-08-13 05:47:01,061 DEBUG o.s.s.w.a.Http403ForbiddenEntryPoint [http-nio-7777-exec-6] Pre-authenticated entry point called. Rejecting access
2024-08-13 05:47:06,881 DEBUG o.s.s.w.FilterChainProxy [http-nio-7777-exec-8] Securing OPTIONS /api/auth/login
2024-08-13 05:47:06,890 DEBUG o.s.s.w.FilterChainProxy [http-nio-7777-exec-5] Securing POST /api/auth/login
2024-08-13 05:47:06,893 DEBUG o.s.s.w.a.AnonymousAuthenticationFilter [http-nio-7777-exec-5] Set SecurityContextHolder to anonymous SecurityContext
2024-08-13 05:47:06,909 DEBUG o.s.s.w.FilterChainProxy [http-nio-7777-exec-5] Secured POST /api/auth/login
2024-08-13 05:47:07,550 DEBUG o.s.s.a.d.AbstractUserDetailsAuthenticationProvider [http-nio-7777-exec-5] Authenticated user
2024-08-13 05:47:10,466 DEBUG o.s.s.w.FilterChainProxy [http-nio-7777-exec-10] Securing OPTIONS /api/users/email/shaikhaniscoder07@gmail.com
2024-08-13 05:47:10,465 DEBUG o.s.s.w.FilterChainProxy [http-nio-7777-exec-1] Securing OPTIONS /api/users/email/shaikhaniscoder07@gmail.com
2024-08-13 05:47:10,482 DEBUG o.s.s.w.FilterChainProxy [http-nio-7777-exec-9] Securing GET /api/users/email/shaikhaniscoder07@gmail.com
2024-08-13 05:47:10,544 DEBUG o.s.s.w.FilterChainProxy [http-nio-7777-exec-9] Secured GET /api/users/email/shaikhaniscoder07@gmail.com
2024-08-13 05:47:10,628 DEBUG o.s.s.w.FilterChainProxy [http-nio-7777-exec-7] Securing GET /api/users/email/shaikhaniscoder07@gmail.com
2024-08-13 05:47:10,677 DEBUG o.s.s.w.FilterChainProxy [http-nio-7777-exec-7] Secured GET /api/users/email/shaikhaniscoder07@gmail.com
2024-08-13 05:47:11,867 DEBUG o.s.s.w.FilterChainProxy [http-nio-7777-exec-6] Securing OPTIONS /api/users/all
2024-08-13 05:47:11,867 DEBUG o.s.s.w.FilterChainProxy [http-nio-7777-exec-2] Securing OPTIONS /api/users/all
2024-08-13 05:47:11,902 DEBUG o.s.s.w.FilterChainProxy [http-nio-7777-exec-4] Securing GET /api/users/all
2024-08-13 05:47:11,965 DEBUG o.s.s.w.FilterChainProxy [http-nio-7777-exec-4] Secured GET /api/users/all
2024-08-13 05:47:12,028 DEBUG o.s.s.w.FilterChainProxy [http-nio-7777-exec-3] Securing GET /api/users/all
2024-08-13 05:47:12,113 DEBUG o.s.s.w.FilterChainProxy [http-nio-7777-exec-3] Secured GET /api/users/all
2024-08-13 05:47:17,984 DEBUG o.s.s.w.FilterChainProxy [http-nio-7777-exec-1] Securing OPTIONS /api/users/delete/undefined
2024-08-13 05:47:17,989 DEBUG o.s.s.w.FilterChainProxy [http-nio-7777-exec-10] Securing DELETE /api/users/delete/undefined
2024-08-13 05:47:18,040 DEBUG o.s.s.w.FilterChainProxy [http-nio-7777-exec-10] Secured DELETE /api/users/delete/undefined
2024-08-13 05:47:18,055 WARN o.s.w.s.h.AbstractHandlerExceptionResolver [http-nio-7777-exec-10] Resolved [org.springframework.web.method.annotation.MethodArgumentTypeMismatchException: Failed to convert value of type 'java.lang.String' to required type 'java.lang.Long'; For input string: "undefined"]
2024-08-13 05:47:18,071 DEBUG o.s.s.w.FilterChainProxy [http-nio-7777-exec-10] Securing DELETE /error
2024-08-13 05:47:18,071 DEBUG o.s.s.w.a.AnonymousAuthenticationFilter [http-nio-7777-exec-10] Set SecurityContextHolder to anonymous SecurityContext
2024-08-13 05:47:18,087 DEBUG o.s.s.w.a.Http403ForbiddenEntryPoint [http-nio-7777-exec-10] Pre-authenticated entry point called. Rejecting access
2024-08-13 05:47:19,103 DEBUG o.s.s.w.FilterChainProxy [http-nio-7777-exec-9] Securing DELETE /api/users/delete/undefined
2024-08-13 05:47:19,124 DEBUG o.s.s.w.FilterChainProxy [http-nio-7777-exec-9] Secured DELETE /api/users/delete/undefined
2024-08-13 05:47:19,124 WARN o.s.w.s.h.AbstractHandlerExceptionResolver [http-nio-7777-exec-9] Resolved [org.springframework.web.method.annotation.MethodArgumentTypeMismatchException: Failed to convert value of type 'java.lang.String' to required type 'java.lang.Long'; For input string: "undefined"]
2024-08-13 05:47:19,124 DEBUG o.s.s.w.FilterChainProxy [http-nio-7777-exec-9] Securing DELETE /error
2024-08-13 05:47:19,124 DEBUG o.s.s.w.a.AnonymousAuthenticationFilter [http-nio-7777-exec-9] Set SecurityContextHolder to anonymous SecurityContext
2024-08-13 05:47:19,140 DEBUG o.s.s.w.a.Http403ForbiddenEntryPoint [http-nio-7777-exec-9] Pre-authenticated entry point called. Rejecting access
2024-08-13 05:48:03,557 DEBUG o.s.s.w.FilterChainProxy [http-nio-7777-exec-6] Securing OPTIONS /api/users/add
2024-08-13 05:48:03,577 DEBUG o.s.s.w.FilterChainProxy [http-nio-7777-exec-6] Securing POST /api/users/add
2024-08-13 05:48:03,627 DEBUG o.s.s.w.FilterChainProxy [http-nio-7777-exec-6] Secured POST /api/users/add
2024-08-13 05:48:04,035 WARN o.s.w.s.h.AbstractHandlerExceptionResolver [http-nio-7777-exec-6] Resolved [org.springframework.http.converter.HttpMessageNotWritableException: Could not write JSON: Cannot invoke "com.max.quizspring.model.User$Role.name()" because "this.role" is null]
2024-08-13 05:48:04,051 DEBUG o.s.s.w.FilterChainProxy [http-nio-7777-exec-6] Securing POST /error
2024-08-13 05:48:04,051 DEBUG o.s.s.w.a.AnonymousAuthenticationFilter [http-nio-7777-exec-6] Set SecurityContextHolder to anonymous SecurityContext
2024-08-13 05:48:04,051 DEBUG o.s.s.w.a.Http403ForbiddenEntryPoint [http-nio-7777-exec-6] Pre-authenticated entry point called. Rejecting access
2024-08-13 06:07:34,658 DEBUG o.s.s.w.FilterChainProxy [http-nio-7777-exec-3] Securing OPTIONS /api/user/companies
2024-08-13 06:07:34,658 DEBUG o.s.s.w.FilterChainProxy [http-nio-7777-exec-4] Securing OPTIONS /api/user/companies
2024-08-13 06:07:34,964 DEBUG o.s.s.w.FilterChainProxy [http-nio-7777-exec-3] Securing GET /api/user/companies
2024-08-13 06:07:35,377 ERROR o.a.j.l.DirectJDKLog [http-nio-7777-exec-3] Servlet.service() for servlet [dispatcherServlet] in context with path [] threw exception
io.jsonwebtoken.ExpiredJwtException: JWT expired at 2024-08-13T00:27:12Z. Current time: 2024-08-13T00:37:35Z, a difference of 623309 milliseconds.  Allowed clock skew: 0 milliseconds.
	at io.jsonwebtoken.impl.DefaultJwtParser.parse(DefaultJwtParser.java:427)
	at io.jsonwebtoken.impl.DefaultJwtParser.parse(DefaultJwtParser.java:529)
	at io.jsonwebtoken.impl.DefaultJwtParser.parseClaimsJws(DefaultJwtParser.java:589)
	at io.jsonwebtoken.impl.ImmutableJwtParser.parseClaimsJws(ImmutableJwtParser.java:173)
	at com.max.quizspring.config.JwtToken.extractAllClaims(JwtToken.java:36)
	at com.max.quizspring.config.JwtToken.extraClaim(JwtToken.java:31)
	at com.max.quizspring.config.JwtToken.extractUsername(JwtToken.java:23)
	at com.max.quizspring.config.JwtAuthenticationFilter.doFilterInternal(JwtAuthenticationFilter.java:41)
	at org.springframework.web.filter.OncePerRequestFilter.doFilter(OncePerRequestFilter.java:116)
	at org.springframework.security.web.FilterChainProxy$VirtualFilterChain.doFilter(FilterChainProxy.java:374)
	at org.springframework.security.web.authentication.logout.LogoutFilter.doFilter(LogoutFilter.java:107)
	at org.springframework.security.web.authentication.logout.LogoutFilter.doFilter(LogoutFilter.java:93)
	at org.springframework.security.web.FilterChainProxy$VirtualFilterChain.doFilter(FilterChainProxy.java:374)
	at org.springframework.web.filter.CorsFilter.doFilterInternal(CorsFilter.java:91)
	at org.springframework.web.filter.OncePerRequestFilter.doFilter(OncePerRequestFilter.java:116)
	at org.springframework.security.web.FilterChainProxy$VirtualFilterChain.doFilter(FilterChainProxy.java:374)
	at org.springframework.security.web.header.HeaderWriterFilter.doHeadersAfter(HeaderWriterFilter.java:90)
	at org.springframework.security.web.header.HeaderWriterFilter.doFilterInternal(HeaderWriterFilter.java:75)
	at org.springframework.web.filter.OncePerRequestFilter.doFilter(OncePerRequestFilter.java:116)
	at org.springframework.security.web.FilterChainProxy$VirtualFilterChain.doFilter(FilterChainProxy.java:374)
	at org.springframework.security.web.context.SecurityContextHolderFilter.doFilter(SecurityContextHolderFilter.java:82)
	at org.springframework.security.web.context.SecurityContextHolderFilter.doFilter(SecurityContextHolderFilter.java:69)
	at org.springframework.security.web.FilterChainProxy$VirtualFilterChain.doFilter(FilterChainProxy.java:374)
	at org.springframework.security.web.context.request.async.WebAsyncManagerIntegrationFilter.doFilterInternal(WebAsyncManagerIntegrationFilter.java:62)
	at org.springframework.web.filter.OncePerRequestFilter.doFilter(OncePerRequestFilter.java:116)
	at org.springframework.security.web.FilterChainProxy$VirtualFilterChain.doFilter(FilterChainProxy.java:374)
	at org.springframework.security.web.session.DisableEncodeUrlFilter.doFilterInternal(DisableEncodeUrlFilter.java:42)
	at org.springframework.web.filter.OncePerRequestFilter.doFilter(OncePerRequestFilter.java:116)
	at org.springframework.security.web.FilterChainProxy$VirtualFilterChain.doFilter(FilterChainProxy.java:374)
	at org.springframework.security.web.FilterChainProxy.doFilterInternal(FilterChainProxy.java:233)
	at org.springframework.security.web.FilterChainProxy.doFilter(FilterChainProxy.java:191)
	at org.springframework.web.filter.CompositeFilter$VirtualFilterChain.doFilter(CompositeFilter.java:113)
	at org.springframework.web.servlet.handler.HandlerMappingIntrospector.lambda$createCacheFilter$3(HandlerMappingIntrospector.java:195)
	at org.springframework.web.filter.CompositeFilter$VirtualFilterChain.doFilter(CompositeFilter.java:113)
	at org.springframework.web.filter.CompositeFilter.doFilter(CompositeFilter.java:74)
	at org.springframework.security.config.annotation.web.configuration.WebMvcSecurityConfiguration$CompositeFilterChainProxy.doFilter(WebMvcSecurityConfiguration.java:230)
	at org.springframework.web.filter.DelegatingFilterProxy.invokeDelegate(DelegatingFilterProxy.java:352)
	at org.springframework.web.filter.DelegatingFilterProxy.doFilter(DelegatingFilterProxy.java:268)
	at org.apache.catalina.core.ApplicationFilterChain.internalDoFilter(ApplicationFilterChain.java:164)
	at org.apache.catalina.core.ApplicationFilterChain.doFilter(ApplicationFilterChain.java:140)
	at org.springframework.web.filter.RequestContextFilter.doFilterInternal(RequestContextFilter.java:100)
	at org.springframework.web.filter.OncePerRequestFilter.doFilter(OncePerRequestFilter.java:116)
	at org.apache.catalina.core.ApplicationFilterChain.internalDoFilter(ApplicationFilterChain.java:164)
	at org.apache.catalina.core.ApplicationFilterChain.doFilter(ApplicationFilterChain.java:140)
	at org.springframework.web.filter.FormContentFilter.doFilterInternal(FormContentFilter.java:93)
	at org.springframework.web.filter.OncePerRequestFilter.doFilter(OncePerRequestFilter.java:116)
	at org.apache.catalina.core.ApplicationFilterChain.internalDoFilter(ApplicationFilterChain.java:164)
	at org.apache.catalina.core.ApplicationFilterChain.doFilter(ApplicationFilterChain.java:140)
	at org.springframework.web.filter.CharacterEncodingFilter.doFilterInternal(CharacterEncodingFilter.java:201)
	at org.springframework.web.filter.OncePerRequestFilter.doFilter(OncePerRequestFilter.java:116)
	at org.apache.catalina.core.ApplicationFilterChain.internalDoFilter(ApplicationFilterChain.java:164)
	at org.apache.catalina.core.ApplicationFilterChain.doFilter(ApplicationFilterChain.java:140)
	at org.apache.catalina.core.StandardWrapperValve.invoke(StandardWrapperValve.java:167)
	at org.apache.catalina.core.StandardContextValve.invoke(StandardContextValve.java:90)
	at org.apache.catalina.authenticator.AuthenticatorBase.invoke(AuthenticatorBase.java:483)
	at org.apache.catalina.core.StandardHostValve.invoke(StandardHostValve.java:115)
	at org.apache.catalina.valves.ErrorReportValve.invoke(ErrorReportValve.java:93)
	at org.apache.catalina.core.StandardEngineValve.invoke(StandardEngineValve.java:74)
	at org.apache.catalina.connector.CoyoteAdapter.service(CoyoteAdapter.java:344)
	at org.apache.coyote.http11.Http11Processor.service(Http11Processor.java:389)
	at org.apache.coyote.AbstractProcessorLight.process(AbstractProcessorLight.java:63)
	at org.apache.coyote.AbstractProtocol$ConnectionHandler.process(AbstractProtocol.java:904)
	at org.apache.tomcat.util.net.NioEndpoint$SocketProcessor.doRun(NioEndpoint.java:1741)
	at org.apache.tomcat.util.net.SocketProcessorBase.run(SocketProcessorBase.java:52)
	at org.apache.tomcat.util.threads.ThreadPoolExecutor.runWorker(ThreadPoolExecutor.java:1190)
	at org.apache.tomcat.util.threads.ThreadPoolExecutor$Worker.run(ThreadPoolExecutor.java:659)
	at org.apache.tomcat.util.threads.TaskThread$WrappingRunnable.run(TaskThread.java:63)
	at java.base/java.lang.Thread.run(Thread.java:833)
2024-08-13 06:07:35,491 DEBUG o.s.s.w.FilterChainProxy [http-nio-7777-exec-3] Securing GET /error
2024-08-13 06:07:35,521 DEBUG o.s.s.w.a.AnonymousAuthenticationFilter [http-nio-7777-exec-3] Set SecurityContextHolder to anonymous SecurityContext
2024-08-13 06:07:35,563 DEBUG o.s.s.w.a.Http403ForbiddenEntryPoint [http-nio-7777-exec-3] Pre-authenticated entry point called. Rejecting access
2024-08-13 06:07:35,576 DEBUG o.s.s.w.FilterChainProxy [http-nio-7777-exec-5] Securing GET /api/user/companies
2024-08-13 06:07:35,592 ERROR o.a.j.l.DirectJDKLog [http-nio-7777-exec-5] Servlet.service() for servlet [dispatcherServlet] in context with path [] threw exception
io.jsonwebtoken.ExpiredJwtException: JWT expired at 2024-08-13T00:27:12Z. Current time: 2024-08-13T00:37:35Z, a difference of 623592 milliseconds.  Allowed clock skew: 0 milliseconds.
	at io.jsonwebtoken.impl.DefaultJwtParser.parse(DefaultJwtParser.java:427)
	at io.jsonwebtoken.impl.DefaultJwtParser.parse(DefaultJwtParser.java:529)
	at io.jsonwebtoken.impl.DefaultJwtParser.parseClaimsJws(DefaultJwtParser.java:589)
	at io.jsonwebtoken.impl.ImmutableJwtParser.parseClaimsJws(ImmutableJwtParser.java:173)
	at com.max.quizspring.config.JwtToken.extractAllClaims(JwtToken.java:36)
	at com.max.quizspring.config.JwtToken.extraClaim(JwtToken.java:31)
	at com.max.quizspring.config.JwtToken.extractUsername(JwtToken.java:23)
	at com.max.quizspring.config.JwtAuthenticationFilter.doFilterInternal(JwtAuthenticationFilter.java:41)
	at org.springframework.web.filter.OncePerRequestFilter.doFilter(OncePerRequestFilter.java:116)
	at org.springframework.security.web.FilterChainProxy$VirtualFilterChain.doFilter(FilterChainProxy.java:374)
	at org.springframework.security.web.authentication.logout.LogoutFilter.doFilter(LogoutFilter.java:107)
	at org.springframework.security.web.authentication.logout.LogoutFilter.doFilter(LogoutFilter.java:93)
	at org.springframework.security.web.FilterChainProxy$VirtualFilterChain.doFilter(FilterChainProxy.java:374)
	at org.springframework.web.filter.CorsFilter.doFilterInternal(CorsFilter.java:91)
	at org.springframework.web.filter.OncePerRequestFilter.doFilter(OncePerRequestFilter.java:116)
	at org.springframework.security.web.FilterChainProxy$VirtualFilterChain.doFilter(FilterChainProxy.java:374)
	at org.springframework.security.web.header.HeaderWriterFilter.doHeadersAfter(HeaderWriterFilter.java:90)
	at org.springframework.security.web.header.HeaderWriterFilter.doFilterInternal(HeaderWriterFilter.java:75)
	at org.springframework.web.filter.OncePerRequestFilter.doFilter(OncePerRequestFilter.java:116)
	at org.springframework.security.web.FilterChainProxy$VirtualFilterChain.doFilter(FilterChainProxy.java:374)
	at org.springframework.security.web.context.SecurityContextHolderFilter.doFilter(SecurityContextHolderFilter.java:82)
	at org.springframework.security.web.context.SecurityContextHolderFilter.doFilter(SecurityContextHolderFilter.java:69)
	at org.springframework.security.web.FilterChainProxy$VirtualFilterChain.doFilter(FilterChainProxy.java:374)
	at org.springframework.security.web.context.request.async.WebAsyncManagerIntegrationFilter.doFilterInternal(WebAsyncManagerIntegrationFilter.java:62)
	at org.springframework.web.filter.OncePerRequestFilter.doFilter(OncePerRequestFilter.java:116)
	at org.springframework.security.web.FilterChainProxy$VirtualFilterChain.doFilter(FilterChainProxy.java:374)
	at org.springframework.security.web.session.DisableEncodeUrlFilter.doFilterInternal(DisableEncodeUrlFilter.java:42)
	at org.springframework.web.filter.OncePerRequestFilter.doFilter(OncePerRequestFilter.java:116)
	at org.springframework.security.web.FilterChainProxy$VirtualFilterChain.doFilter(FilterChainProxy.java:374)
	at org.springframework.security.web.FilterChainProxy.doFilterInternal(FilterChainProxy.java:233)
	at org.springframework.security.web.FilterChainProxy.doFilter(FilterChainProxy.java:191)
	at org.springframework.web.filter.CompositeFilter$VirtualFilterChain.doFilter(CompositeFilter.java:113)
	at org.springframework.web.servlet.handler.HandlerMappingIntrospector.lambda$createCacheFilter$3(HandlerMappingIntrospector.java:195)
	at org.springframework.web.filter.CompositeFilter$VirtualFilterChain.doFilter(CompositeFilter.java:113)
	at org.springframework.web.filter.CompositeFilter.doFilter(CompositeFilter.java:74)
	at org.springframework.security.config.annotation.web.configuration.WebMvcSecurityConfiguration$CompositeFilterChainProxy.doFilter(WebMvcSecurityConfiguration.java:230)
	at org.springframework.web.filter.DelegatingFilterProxy.invokeDelegate(DelegatingFilterProxy.java:352)
	at org.springframework.web.filter.DelegatingFilterProxy.doFilter(DelegatingFilterProxy.java:268)
	at org.apache.catalina.core.ApplicationFilterChain.internalDoFilter(ApplicationFilterChain.java:164)
	at org.apache.catalina.core.ApplicationFilterChain.doFilter(ApplicationFilterChain.java:140)
	at org.springframework.web.filter.RequestContextFilter.doFilterInternal(RequestContextFilter.java:100)
	at org.springframework.web.filter.OncePerRequestFilter.doFilter(OncePerRequestFilter.java:116)
	at org.apache.catalina.core.ApplicationFilterChain.internalDoFilter(ApplicationFilterChain.java:164)
	at org.apache.catalina.core.ApplicationFilterChain.doFilter(ApplicationFilterChain.java:140)
	at org.springframework.web.filter.FormContentFilter.doFilterInternal(FormContentFilter.java:93)
	at org.springframework.web.filter.OncePerRequestFilter.doFilter(OncePerRequestFilter.java:116)
	at org.apache.catalina.core.ApplicationFilterChain.internalDoFilter(ApplicationFilterChain.java:164)
	at org.apache.catalina.core.ApplicationFilterChain.doFilter(ApplicationFilterChain.java:140)
	at org.springframework.web.filter.CharacterEncodingFilter.doFilterInternal(CharacterEncodingFilter.java:201)
	at org.springframework.web.filter.OncePerRequestFilter.doFilter(OncePerRequestFilter.java:116)
	at org.apache.catalina.core.ApplicationFilterChain.internalDoFilter(ApplicationFilterChain.java:164)
	at org.apache.catalina.core.ApplicationFilterChain.doFilter(ApplicationFilterChain.java:140)
	at org.apache.catalina.core.StandardWrapperValve.invoke(StandardWrapperValve.java:167)
	at org.apache.catalina.core.StandardContextValve.invoke(StandardContextValve.java:90)
	at org.apache.catalina.authenticator.AuthenticatorBase.invoke(AuthenticatorBase.java:483)
	at org.apache.catalina.core.StandardHostValve.invoke(StandardHostValve.java:115)
	at org.apache.catalina.valves.ErrorReportValve.invoke(ErrorReportValve.java:93)
	at org.apache.catalina.core.StandardEngineValve.invoke(StandardEngineValve.java:74)
	at org.apache.catalina.connector.CoyoteAdapter.service(CoyoteAdapter.java:344)
	at org.apache.coyote.http11.Http11Processor.service(Http11Processor.java:389)
	at org.apache.coyote.AbstractProcessorLight.process(AbstractProcessorLight.java:63)
	at org.apache.coyote.AbstractProtocol$ConnectionHandler.process(AbstractProtocol.java:904)
	at org.apache.tomcat.util.net.NioEndpoint$SocketProcessor.doRun(NioEndpoint.java:1741)
	at org.apache.tomcat.util.net.SocketProcessorBase.run(SocketProcessorBase.java:52)
	at org.apache.tomcat.util.threads.ThreadPoolExecutor.runWorker(ThreadPoolExecutor.java:1190)
	at org.apache.tomcat.util.threads.ThreadPoolExecutor$Worker.run(ThreadPoolExecutor.java:659)
	at org.apache.tomcat.util.threads.TaskThread$WrappingRunnable.run(TaskThread.java:63)
	at java.base/java.lang.Thread.run(Thread.java:833)
2024-08-13 06:07:35,651 DEBUG o.s.s.w.FilterChainProxy [http-nio-7777-exec-5] Securing GET /error
2024-08-13 06:07:35,652 DEBUG o.s.s.w.a.AnonymousAuthenticationFilter [http-nio-7777-exec-5] Set SecurityContextHolder to anonymous SecurityContext
2024-08-13 06:07:35,653 DEBUG o.s.s.w.a.Http403ForbiddenEntryPoint [http-nio-7777-exec-5] Pre-authenticated entry point called. Rejecting access
2024-08-13 06:07:37,968 DEBUG o.s.s.w.FilterChainProxy [http-nio-7777-exec-10] Securing OPTIONS /api/users/all
2024-08-13 06:07:37,976 DEBUG o.s.s.w.FilterChainProxy [http-nio-7777-exec-9] Securing GET /api/users/all
2024-08-13 06:07:37,976 ERROR o.a.j.l.DirectJDKLog [http-nio-7777-exec-9] Servlet.service() for servlet [dispatcherServlet] in context with path [] threw exception
io.jsonwebtoken.ExpiredJwtException: JWT expired at 2024-08-13T00:27:12Z. Current time: 2024-08-13T00:37:37Z, a difference of 625976 milliseconds.  Allowed clock skew: 0 milliseconds.
	at io.jsonwebtoken.impl.DefaultJwtParser.parse(DefaultJwtParser.java:427)
	at io.jsonwebtoken.impl.DefaultJwtParser.parse(DefaultJwtParser.java:529)
	at io.jsonwebtoken.impl.DefaultJwtParser.parseClaimsJws(DefaultJwtParser.java:589)
	at io.jsonwebtoken.impl.ImmutableJwtParser.parseClaimsJws(ImmutableJwtParser.java:173)
	at com.max.quizspring.config.JwtToken.extractAllClaims(JwtToken.java:36)
	at com.max.quizspring.config.JwtToken.extraClaim(JwtToken.java:31)
	at com.max.quizspring.config.JwtToken.extractUsername(JwtToken.java:23)
	at com.max.quizspring.config.JwtAuthenticationFilter.doFilterInternal(JwtAuthenticationFilter.java:41)
	at org.springframework.web.filter.OncePerRequestFilter.doFilter(OncePerRequestFilter.java:116)
	at org.springframework.security.web.FilterChainProxy$VirtualFilterChain.doFilter(FilterChainProxy.java:374)
	at org.springframework.security.web.authentication.logout.LogoutFilter.doFilter(LogoutFilter.java:107)
	at org.springframework.security.web.authentication.logout.LogoutFilter.doFilter(LogoutFilter.java:93)
	at org.springframework.security.web.FilterChainProxy$VirtualFilterChain.doFilter(FilterChainProxy.java:374)
	at org.springframework.web.filter.CorsFilter.doFilterInternal(CorsFilter.java:91)
	at org.springframework.web.filter.OncePerRequestFilter.doFilter(OncePerRequestFilter.java:116)
	at org.springframework.security.web.FilterChainProxy$VirtualFilterChain.doFilter(FilterChainProxy.java:374)
	at org.springframework.security.web.header.HeaderWriterFilter.doHeadersAfter(HeaderWriterFilter.java:90)
	at org.springframework.security.web.header.HeaderWriterFilter.doFilterInternal(HeaderWriterFilter.java:75)
	at org.springframework.web.filter.OncePerRequestFilter.doFilter(OncePerRequestFilter.java:116)
	at org.springframework.security.web.FilterChainProxy$VirtualFilterChain.doFilter(FilterChainProxy.java:374)
	at org.springframework.security.web.context.SecurityContextHolderFilter.doFilter(SecurityContextHolderFilter.java:82)
	at org.springframework.security.web.context.SecurityContextHolderFilter.doFilter(SecurityContextHolderFilter.java:69)
	at org.springframework.security.web.FilterChainProxy$VirtualFilterChain.doFilter(FilterChainProxy.java:374)
	at org.springframework.security.web.context.request.async.WebAsyncManagerIntegrationFilter.doFilterInternal(WebAsyncManagerIntegrationFilter.java:62)
	at org.springframework.web.filter.OncePerRequestFilter.doFilter(OncePerRequestFilter.java:116)
	at org.springframework.security.web.FilterChainProxy$VirtualFilterChain.doFilter(FilterChainProxy.java:374)
	at org.springframework.security.web.session.DisableEncodeUrlFilter.doFilterInternal(DisableEncodeUrlFilter.java:42)
	at org.springframework.web.filter.OncePerRequestFilter.doFilter(OncePerRequestFilter.java:116)
	at org.springframework.security.web.FilterChainProxy$VirtualFilterChain.doFilter(FilterChainProxy.java:374)
	at org.springframework.security.web.FilterChainProxy.doFilterInternal(FilterChainProxy.java:233)
	at org.springframework.security.web.FilterChainProxy.doFilter(FilterChainProxy.java:191)
	at org.springframework.web.filter.CompositeFilter$VirtualFilterChain.doFilter(CompositeFilter.java:113)
	at org.springframework.web.servlet.handler.HandlerMappingIntrospector.lambda$createCacheFilter$3(HandlerMappingIntrospector.java:195)
	at org.springframework.web.filter.CompositeFilter$VirtualFilterChain.doFilter(CompositeFilter.java:113)
	at org.springframework.web.filter.CompositeFilter.doFilter(CompositeFilter.java:74)
	at org.springframework.security.config.annotation.web.configuration.WebMvcSecurityConfiguration$CompositeFilterChainProxy.doFilter(WebMvcSecurityConfiguration.java:230)
	at org.springframework.web.filter.DelegatingFilterProxy.invokeDelegate(DelegatingFilterProxy.java:352)
	at org.springframework.web.filter.DelegatingFilterProxy.doFilter(DelegatingFilterProxy.java:268)
	at org.apache.catalina.core.ApplicationFilterChain.internalDoFilter(ApplicationFilterChain.java:164)
	at org.apache.catalina.core.ApplicationFilterChain.doFilter(ApplicationFilterChain.java:140)
	at org.springframework.web.filter.RequestContextFilter.doFilterInternal(RequestContextFilter.java:100)
	at org.springframework.web.filter.OncePerRequestFilter.doFilter(OncePerRequestFilter.java:116)
	at org.apache.catalina.core.ApplicationFilterChain.internalDoFilter(ApplicationFilterChain.java:164)
	at org.apache.catalina.core.ApplicationFilterChain.doFilter(ApplicationFilterChain.java:140)
	at org.springframework.web.filter.FormContentFilter.doFilterInternal(FormContentFilter.java:93)
	at org.springframework.web.filter.OncePerRequestFilter.doFilter(OncePerRequestFilter.java:116)
	at org.apache.catalina.core.ApplicationFilterChain.internalDoFilter(ApplicationFilterChain.java:164)
	at org.apache.catalina.core.ApplicationFilterChain.doFilter(ApplicationFilterChain.java:140)
	at org.springframework.web.filter.CharacterEncodingFilter.doFilterInternal(CharacterEncodingFilter.java:201)
	at org.springframework.web.filter.OncePerRequestFilter.doFilter(OncePerRequestFilter.java:116)
	at org.apache.catalina.core.ApplicationFilterChain.internalDoFilter(ApplicationFilterChain.java:164)
	at org.apache.catalina.core.ApplicationFilterChain.doFilter(ApplicationFilterChain.java:140)
	at org.apache.catalina.core.StandardWrapperValve.invoke(StandardWrapperValve.java:167)
	at org.apache.catalina.core.StandardContextValve.invoke(StandardContextValve.java:90)
	at org.apache.catalina.authenticator.AuthenticatorBase.invoke(AuthenticatorBase.java:483)
	at org.apache.catalina.core.StandardHostValve.invoke(StandardHostValve.java:115)
	at org.apache.catalina.valves.ErrorReportValve.invoke(ErrorReportValve.java:93)
	at org.apache.catalina.core.StandardEngineValve.invoke(StandardEngineValve.java:74)
	at org.apache.catalina.connector.CoyoteAdapter.service(CoyoteAdapter.java:344)
	at org.apache.coyote.http11.Http11Processor.service(Http11Processor.java:389)
	at org.apache.coyote.AbstractProcessorLight.process(AbstractProcessorLight.java:63)
	at org.apache.coyote.AbstractProtocol$ConnectionHandler.process(AbstractProtocol.java:904)
	at org.apache.tomcat.util.net.NioEndpoint$SocketProcessor.doRun(NioEndpoint.java:1741)
	at org.apache.tomcat.util.net.SocketProcessorBase.run(SocketProcessorBase.java:52)
	at org.apache.tomcat.util.threads.ThreadPoolExecutor.runWorker(ThreadPoolExecutor.java:1190)
	at org.apache.tomcat.util.threads.ThreadPoolExecutor$Worker.run(ThreadPoolExecutor.java:659)
	at org.apache.tomcat.util.threads.TaskThread$WrappingRunnable.run(TaskThread.java:63)
	at java.base/java.lang.Thread.run(Thread.java:833)
2024-08-13 06:07:37,969 DEBUG o.s.s.w.FilterChainProxy [http-nio-7777-exec-1] Securing OPTIONS /api/users/all
2024-08-13 06:07:38,077 DEBUG o.s.s.w.FilterChainProxy [http-nio-7777-exec-9] Securing GET /error
2024-08-13 06:07:38,077 DEBUG o.s.s.w.a.AnonymousAuthenticationFilter [http-nio-7777-exec-9] Set SecurityContextHolder to anonymous SecurityContext
2024-08-13 06:07:38,097 DEBUG o.s.s.w.a.Http403ForbiddenEntryPoint [http-nio-7777-exec-9] Pre-authenticated entry point called. Rejecting access
2024-08-13 06:07:38,112 DEBUG o.s.s.w.FilterChainProxy [http-nio-7777-exec-7] Securing GET /api/users/all
2024-08-13 06:07:38,148 ERROR o.a.j.l.DirectJDKLog [http-nio-7777-exec-7] Servlet.service() for servlet [dispatcherServlet] in context with path [] threw exception
io.jsonwebtoken.ExpiredJwtException: JWT expired at 2024-08-13T00:27:12Z. Current time: 2024-08-13T00:37:38Z, a difference of 626148 milliseconds.  Allowed clock skew: 0 milliseconds.
	at io.jsonwebtoken.impl.DefaultJwtParser.parse(DefaultJwtParser.java:427)
	at io.jsonwebtoken.impl.DefaultJwtParser.parse(DefaultJwtParser.java:529)
	at io.jsonwebtoken.impl.DefaultJwtParser.parseClaimsJws(DefaultJwtParser.java:589)
	at io.jsonwebtoken.impl.ImmutableJwtParser.parseClaimsJws(ImmutableJwtParser.java:173)
	at com.max.quizspring.config.JwtToken.extractAllClaims(JwtToken.java:36)
	at com.max.quizspring.config.JwtToken.extraClaim(JwtToken.java:31)
	at com.max.quizspring.config.JwtToken.extractUsername(JwtToken.java:23)
	at com.max.quizspring.config.JwtAuthenticationFilter.doFilterInternal(JwtAuthenticationFilter.java:41)
	at org.springframework.web.filter.OncePerRequestFilter.doFilter(OncePerRequestFilter.java:116)
	at org.springframework.security.web.FilterChainProxy$VirtualFilterChain.doFilter(FilterChainProxy.java:374)
	at org.springframework.security.web.authentication.logout.LogoutFilter.doFilter(LogoutFilter.java:107)
	at org.springframework.security.web.authentication.logout.LogoutFilter.doFilter(LogoutFilter.java:93)
	at org.springframework.security.web.FilterChainProxy$VirtualFilterChain.doFilter(FilterChainProxy.java:374)
	at org.springframework.web.filter.CorsFilter.doFilterInternal(CorsFilter.java:91)
	at org.springframework.web.filter.OncePerRequestFilter.doFilter(OncePerRequestFilter.java:116)
	at org.springframework.security.web.FilterChainProxy$VirtualFilterChain.doFilter(FilterChainProxy.java:374)
	at org.springframework.security.web.header.HeaderWriterFilter.doHeadersAfter(HeaderWriterFilter.java:90)
	at org.springframework.security.web.header.HeaderWriterFilter.doFilterInternal(HeaderWriterFilter.java:75)
	at org.springframework.web.filter.OncePerRequestFilter.doFilter(OncePerRequestFilter.java:116)
	at org.springframework.security.web.FilterChainProxy$VirtualFilterChain.doFilter(FilterChainProxy.java:374)
	at org.springframework.security.web.context.SecurityContextHolderFilter.doFilter(SecurityContextHolderFilter.java:82)
	at org.springframework.security.web.context.SecurityContextHolderFilter.doFilter(SecurityContextHolderFilter.java:69)
	at org.springframework.security.web.FilterChainProxy$VirtualFilterChain.doFilter(FilterChainProxy.java:374)
	at org.springframework.security.web.context.request.async.WebAsyncManagerIntegrationFilter.doFilterInternal(WebAsyncManagerIntegrationFilter.java:62)
	at org.springframework.web.filter.OncePerRequestFilter.doFilter(OncePerRequestFilter.java:116)
	at org.springframework.security.web.FilterChainProxy$VirtualFilterChain.doFilter(FilterChainProxy.java:374)
	at org.springframework.security.web.session.DisableEncodeUrlFilter.doFilterInternal(DisableEncodeUrlFilter.java:42)
	at org.springframework.web.filter.OncePerRequestFilter.doFilter(OncePerRequestFilter.java:116)
	at org.springframework.security.web.FilterChainProxy$VirtualFilterChain.doFilter(FilterChainProxy.java:374)
	at org.springframework.security.web.FilterChainProxy.doFilterInternal(FilterChainProxy.java:233)
	at org.springframework.security.web.FilterChainProxy.doFilter(FilterChainProxy.java:191)
	at org.springframework.web.filter.CompositeFilter$VirtualFilterChain.doFilter(CompositeFilter.java:113)
	at org.springframework.web.servlet.handler.HandlerMappingIntrospector.lambda$createCacheFilter$3(HandlerMappingIntrospector.java:195)
	at org.springframework.web.filter.CompositeFilter$VirtualFilterChain.doFilter(CompositeFilter.java:113)
	at org.springframework.web.filter.CompositeFilter.doFilter(CompositeFilter.java:74)
	at org.springframework.security.config.annotation.web.configuration.WebMvcSecurityConfiguration$CompositeFilterChainProxy.doFilter(WebMvcSecurityConfiguration.java:230)
	at org.springframework.web.filter.DelegatingFilterProxy.invokeDelegate(DelegatingFilterProxy.java:352)
	at org.springframework.web.filter.DelegatingFilterProxy.doFilter(DelegatingFilterProxy.java:268)
	at org.apache.catalina.core.ApplicationFilterChain.internalDoFilter(ApplicationFilterChain.java:164)
	at org.apache.catalina.core.ApplicationFilterChain.doFilter(ApplicationFilterChain.java:140)
	at org.springframework.web.filter.RequestContextFilter.doFilterInternal(RequestContextFilter.java:100)
	at org.springframework.web.filter.OncePerRequestFilter.doFilter(OncePerRequestFilter.java:116)
	at org.apache.catalina.core.ApplicationFilterChain.internalDoFilter(ApplicationFilterChain.java:164)
	at org.apache.catalina.core.ApplicationFilterChain.doFilter(ApplicationFilterChain.java:140)
	at org.springframework.web.filter.FormContentFilter.doFilterInternal(FormContentFilter.java:93)
	at org.springframework.web.filter.OncePerRequestFilter.doFilter(OncePerRequestFilter.java:116)
	at org.apache.catalina.core.ApplicationFilterChain.internalDoFilter(ApplicationFilterChain.java:164)
	at org.apache.catalina.core.ApplicationFilterChain.doFilter(ApplicationFilterChain.java:140)
	at org.springframework.web.filter.CharacterEncodingFilter.doFilterInternal(CharacterEncodingFilter.java:201)
	at org.springframework.web.filter.OncePerRequestFilter.doFilter(OncePerRequestFilter.java:116)
	at org.apache.catalina.core.ApplicationFilterChain.internalDoFilter(ApplicationFilterChain.java:164)
	at org.apache.catalina.core.ApplicationFilterChain.doFilter(ApplicationFilterChain.java:140)
	at org.apache.catalina.core.StandardWrapperValve.invoke(StandardWrapperValve.java:167)
	at org.apache.catalina.core.StandardContextValve.invoke(StandardContextValve.java:90)
	at org.apache.catalina.authenticator.AuthenticatorBase.invoke(AuthenticatorBase.java:483)
	at org.apache.catalina.core.StandardHostValve.invoke(StandardHostValve.java:115)
	at org.apache.catalina.valves.ErrorReportValve.invoke(ErrorReportValve.java:93)
	at org.apache.catalina.core.StandardEngineValve.invoke(StandardEngineValve.java:74)
	at org.apache.catalina.connector.CoyoteAdapter.service(CoyoteAdapter.java:344)
	at org.apache.coyote.http11.Http11Processor.service(Http11Processor.java:389)
	at org.apache.coyote.AbstractProcessorLight.process(AbstractProcessorLight.java:63)
	at org.apache.coyote.AbstractProtocol$ConnectionHandler.process(AbstractProtocol.java:904)
	at org.apache.tomcat.util.net.NioEndpoint$SocketProcessor.doRun(NioEndpoint.java:1741)
	at org.apache.tomcat.util.net.SocketProcessorBase.run(SocketProcessorBase.java:52)
	at org.apache.tomcat.util.threads.ThreadPoolExecutor.runWorker(ThreadPoolExecutor.java:1190)
	at org.apache.tomcat.util.threads.ThreadPoolExecutor$Worker.run(ThreadPoolExecutor.java:659)
	at org.apache.tomcat.util.threads.TaskThread$WrappingRunnable.run(TaskThread.java:63)
	at java.base/java.lang.Thread.run(Thread.java:833)
2024-08-13 06:07:38,190 DEBUG o.s.s.w.FilterChainProxy [http-nio-7777-exec-7] Securing GET /error
2024-08-13 06:07:38,194 DEBUG o.s.s.w.a.AnonymousAuthenticationFilter [http-nio-7777-exec-7] Set SecurityContextHolder to anonymous SecurityContext
2024-08-13 06:07:38,194 DEBUG o.s.s.w.a.Http403ForbiddenEntryPoint [http-nio-7777-exec-7] Pre-authenticated entry point called. Rejecting access
2024-08-13 06:07:46,409 DEBUG o.s.s.w.FilterChainProxy [http-nio-7777-exec-4] Securing OPTIONS /api/users/email/shaikhaniscoder07@gmail.com
2024-08-13 06:07:46,409 DEBUG o.s.s.w.FilterChainProxy [http-nio-7777-exec-8] Securing OPTIONS /api/users/email/shaikhaniscoder07@gmail.com
2024-08-13 06:07:46,440 DEBUG o.s.s.w.FilterChainProxy [http-nio-7777-exec-3] Securing GET /api/users/email/shaikhaniscoder07@gmail.com
2024-08-13 06:07:46,464 ERROR o.a.j.l.DirectJDKLog [http-nio-7777-exec-3] Servlet.service() for servlet [dispatcherServlet] in context with path [] threw exception
io.jsonwebtoken.ExpiredJwtException: JWT expired at 2024-08-13T00:27:12Z. Current time: 2024-08-13T00:37:46Z, a difference of 634456 milliseconds.  Allowed clock skew: 0 milliseconds.
	at io.jsonwebtoken.impl.DefaultJwtParser.parse(DefaultJwtParser.java:427)
	at io.jsonwebtoken.impl.DefaultJwtParser.parse(DefaultJwtParser.java:529)
	at io.jsonwebtoken.impl.DefaultJwtParser.parseClaimsJws(DefaultJwtParser.java:589)
	at io.jsonwebtoken.impl.ImmutableJwtParser.parseClaimsJws(ImmutableJwtParser.java:173)
	at com.max.quizspring.config.JwtToken.extractAllClaims(JwtToken.java:36)
	at com.max.quizspring.config.JwtToken.extraClaim(JwtToken.java:31)
	at com.max.quizspring.config.JwtToken.extractUsername(JwtToken.java:23)
	at com.max.quizspring.config.JwtAuthenticationFilter.doFilterInternal(JwtAuthenticationFilter.java:41)
	at org.springframework.web.filter.OncePerRequestFilter.doFilter(OncePerRequestFilter.java:116)
	at org.springframework.security.web.FilterChainProxy$VirtualFilterChain.doFilter(FilterChainProxy.java:374)
	at org.springframework.security.web.authentication.logout.LogoutFilter.doFilter(LogoutFilter.java:107)
	at org.springframework.security.web.authentication.logout.LogoutFilter.doFilter(LogoutFilter.java:93)
	at org.springframework.security.web.FilterChainProxy$VirtualFilterChain.doFilter(FilterChainProxy.java:374)
	at org.springframework.web.filter.CorsFilter.doFilterInternal(CorsFilter.java:91)
	at org.springframework.web.filter.OncePerRequestFilter.doFilter(OncePerRequestFilter.java:116)
	at org.springframework.security.web.FilterChainProxy$VirtualFilterChain.doFilter(FilterChainProxy.java:374)
	at org.springframework.security.web.header.HeaderWriterFilter.doHeadersAfter(HeaderWriterFilter.java:90)
	at org.springframework.security.web.header.HeaderWriterFilter.doFilterInternal(HeaderWriterFilter.java:75)
	at org.springframework.web.filter.OncePerRequestFilter.doFilter(OncePerRequestFilter.java:116)
	at org.springframework.security.web.FilterChainProxy$VirtualFilterChain.doFilter(FilterChainProxy.java:374)
	at org.springframework.security.web.context.SecurityContextHolderFilter.doFilter(SecurityContextHolderFilter.java:82)
	at org.springframework.security.web.context.SecurityContextHolderFilter.doFilter(SecurityContextHolderFilter.java:69)
	at org.springframework.security.web.FilterChainProxy$VirtualFilterChain.doFilter(FilterChainProxy.java:374)
	at org.springframework.security.web.context.request.async.WebAsyncManagerIntegrationFilter.doFilterInternal(WebAsyncManagerIntegrationFilter.java:62)
	at org.springframework.web.filter.OncePerRequestFilter.doFilter(OncePerRequestFilter.java:116)
	at org.springframework.security.web.FilterChainProxy$VirtualFilterChain.doFilter(FilterChainProxy.java:374)
	at org.springframework.security.web.session.DisableEncodeUrlFilter.doFilterInternal(DisableEncodeUrlFilter.java:42)
	at org.springframework.web.filter.OncePerRequestFilter.doFilter(OncePerRequestFilter.java:116)
	at org.springframework.security.web.FilterChainProxy$VirtualFilterChain.doFilter(FilterChainProxy.java:374)
	at org.springframework.security.web.FilterChainProxy.doFilterInternal(FilterChainProxy.java:233)
	at org.springframework.security.web.FilterChainProxy.doFilter(FilterChainProxy.java:191)
	at org.springframework.web.filter.CompositeFilter$VirtualFilterChain.doFilter(CompositeFilter.java:113)
	at org.springframework.web.servlet.handler.HandlerMappingIntrospector.lambda$createCacheFilter$3(HandlerMappingIntrospector.java:195)
	at org.springframework.web.filter.CompositeFilter$VirtualFilterChain.doFilter(CompositeFilter.java:113)
	at org.springframework.web.filter.CompositeFilter.doFilter(CompositeFilter.java:74)
	at org.springframework.security.config.annotation.web.configuration.WebMvcSecurityConfiguration$CompositeFilterChainProxy.doFilter(WebMvcSecurityConfiguration.java:230)
	at org.springframework.web.filter.DelegatingFilterProxy.invokeDelegate(DelegatingFilterProxy.java:352)
	at org.springframework.web.filter.DelegatingFilterProxy.doFilter(DelegatingFilterProxy.java:268)
	at org.apache.catalina.core.ApplicationFilterChain.internalDoFilter(ApplicationFilterChain.java:164)
	at org.apache.catalina.core.ApplicationFilterChain.doFilter(ApplicationFilterChain.java:140)
	at org.springframework.web.filter.RequestContextFilter.doFilterInternal(RequestContextFilter.java:100)
	at org.springframework.web.filter.OncePerRequestFilter.doFilter(OncePerRequestFilter.java:116)
	at org.apache.catalina.core.ApplicationFilterChain.internalDoFilter(ApplicationFilterChain.java:164)
	at org.apache.catalina.core.ApplicationFilterChain.doFilter(ApplicationFilterChain.java:140)
	at org.springframework.web.filter.FormContentFilter.doFilterInternal(FormContentFilter.java:93)
	at org.springframework.web.filter.OncePerRequestFilter.doFilter(OncePerRequestFilter.java:116)
	at org.apache.catalina.core.ApplicationFilterChain.internalDoFilter(ApplicationFilterChain.java:164)
	at org.apache.catalina.core.ApplicationFilterChain.doFilter(ApplicationFilterChain.java:140)
	at org.springframework.web.filter.CharacterEncodingFilter.doFilterInternal(CharacterEncodingFilter.java:201)
	at org.springframework.web.filter.OncePerRequestFilter.doFilter(OncePerRequestFilter.java:116)
	at org.apache.catalina.core.ApplicationFilterChain.internalDoFilter(ApplicationFilterChain.java:164)
	at org.apache.catalina.core.ApplicationFilterChain.doFilter(ApplicationFilterChain.java:140)
	at org.apache.catalina.core.StandardWrapperValve.invoke(StandardWrapperValve.java:167)
	at org.apache.catalina.core.StandardContextValve.invoke(StandardContextValve.java:90)
	at org.apache.catalina.authenticator.AuthenticatorBase.invoke(AuthenticatorBase.java:483)
	at org.apache.catalina.core.StandardHostValve.invoke(StandardHostValve.java:115)
	at org.apache.catalina.valves.ErrorReportValve.invoke(ErrorReportValve.java:93)
	at org.apache.catalina.core.StandardEngineValve.invoke(StandardEngineValve.java:74)
	at org.apache.catalina.connector.CoyoteAdapter.service(CoyoteAdapter.java:344)
	at org.apache.coyote.http11.Http11Processor.service(Http11Processor.java:389)
	at org.apache.coyote.AbstractProcessorLight.process(AbstractProcessorLight.java:63)
	at org.apache.coyote.AbstractProtocol$ConnectionHandler.process(AbstractProtocol.java:904)
	at org.apache.tomcat.util.net.NioEndpoint$SocketProcessor.doRun(NioEndpoint.java:1741)
	at org.apache.tomcat.util.net.SocketProcessorBase.run(SocketProcessorBase.java:52)
	at org.apache.tomcat.util.threads.ThreadPoolExecutor.runWorker(ThreadPoolExecutor.java:1190)
	at org.apache.tomcat.util.threads.ThreadPoolExecutor$Worker.run(ThreadPoolExecutor.java:659)
	at org.apache.tomcat.util.threads.TaskThread$WrappingRunnable.run(TaskThread.java:63)
	at java.base/java.lang.Thread.run(Thread.java:833)
2024-08-13 06:07:46,491 DEBUG o.s.s.w.FilterChainProxy [http-nio-7777-exec-3] Securing GET /error
2024-08-13 06:07:46,491 DEBUG o.s.s.w.a.AnonymousAuthenticationFilter [http-nio-7777-exec-3] Set SecurityContextHolder to anonymous SecurityContext
2024-08-13 06:07:46,491 DEBUG o.s.s.w.a.Http403ForbiddenEntryPoint [http-nio-7777-exec-3] Pre-authenticated entry point called. Rejecting access
2024-08-13 06:07:46,491 DEBUG o.s.s.w.FilterChainProxy [http-nio-7777-exec-5] Securing GET /api/users/email/shaikhaniscoder07@gmail.com
2024-08-13 06:07:46,520 ERROR o.a.j.l.DirectJDKLog [http-nio-7777-exec-5] Servlet.service() for servlet [dispatcherServlet] in context with path [] threw exception
io.jsonwebtoken.ExpiredJwtException: JWT expired at 2024-08-13T00:27:12Z. Current time: 2024-08-13T00:37:46Z, a difference of 634520 milliseconds.  Allowed clock skew: 0 milliseconds.
	at io.jsonwebtoken.impl.DefaultJwtParser.parse(DefaultJwtParser.java:427)
	at io.jsonwebtoken.impl.DefaultJwtParser.parse(DefaultJwtParser.java:529)
	at io.jsonwebtoken.impl.DefaultJwtParser.parseClaimsJws(DefaultJwtParser.java:589)
	at io.jsonwebtoken.impl.ImmutableJwtParser.parseClaimsJws(ImmutableJwtParser.java:173)
	at com.max.quizspring.config.JwtToken.extractAllClaims(JwtToken.java:36)
	at com.max.quizspring.config.JwtToken.extraClaim(JwtToken.java:31)
	at com.max.quizspring.config.JwtToken.extractUsername(JwtToken.java:23)
	at com.max.quizspring.config.JwtAuthenticationFilter.doFilterInternal(JwtAuthenticationFilter.java:41)
	at org.springframework.web.filter.OncePerRequestFilter.doFilter(OncePerRequestFilter.java:116)
	at org.springframework.security.web.FilterChainProxy$VirtualFilterChain.doFilter(FilterChainProxy.java:374)
	at org.springframework.security.web.authentication.logout.LogoutFilter.doFilter(LogoutFilter.java:107)
	at org.springframework.security.web.authentication.logout.LogoutFilter.doFilter(LogoutFilter.java:93)
	at org.springframework.security.web.FilterChainProxy$VirtualFilterChain.doFilter(FilterChainProxy.java:374)
	at org.springframework.web.filter.CorsFilter.doFilterInternal(CorsFilter.java:91)
	at org.springframework.web.filter.OncePerRequestFilter.doFilter(OncePerRequestFilter.java:116)
	at org.springframework.security.web.FilterChainProxy$VirtualFilterChain.doFilter(FilterChainProxy.java:374)
	at org.springframework.security.web.header.HeaderWriterFilter.doHeadersAfter(HeaderWriterFilter.java:90)
	at org.springframework.security.web.header.HeaderWriterFilter.doFilterInternal(HeaderWriterFilter.java:75)
	at org.springframework.web.filter.OncePerRequestFilter.doFilter(OncePerRequestFilter.java:116)
	at org.springframework.security.web.FilterChainProxy$VirtualFilterChain.doFilter(FilterChainProxy.java:374)
	at org.springframework.security.web.context.SecurityContextHolderFilter.doFilter(SecurityContextHolderFilter.java:82)
	at org.springframework.security.web.context.SecurityContextHolderFilter.doFilter(SecurityContextHolderFilter.java:69)
	at org.springframework.security.web.FilterChainProxy$VirtualFilterChain.doFilter(FilterChainProxy.java:374)
	at org.springframework.security.web.context.request.async.WebAsyncManagerIntegrationFilter.doFilterInternal(WebAsyncManagerIntegrationFilter.java:62)
	at org.springframework.web.filter.OncePerRequestFilter.doFilter(OncePerRequestFilter.java:116)
	at org.springframework.security.web.FilterChainProxy$VirtualFilterChain.doFilter(FilterChainProxy.java:374)
	at org.springframework.security.web.session.DisableEncodeUrlFilter.doFilterInternal(DisableEncodeUrlFilter.java:42)
	at org.springframework.web.filter.OncePerRequestFilter.doFilter(OncePerRequestFilter.java:116)
	at org.springframework.security.web.FilterChainProxy$VirtualFilterChain.doFilter(FilterChainProxy.java:374)
	at org.springframework.security.web.FilterChainProxy.doFilterInternal(FilterChainProxy.java:233)
	at org.springframework.security.web.FilterChainProxy.doFilter(FilterChainProxy.java:191)
	at org.springframework.web.filter.CompositeFilter$VirtualFilterChain.doFilter(CompositeFilter.java:113)
	at org.springframework.web.servlet.handler.HandlerMappingIntrospector.lambda$createCacheFilter$3(HandlerMappingIntrospector.java:195)
	at org.springframework.web.filter.CompositeFilter$VirtualFilterChain.doFilter(CompositeFilter.java:113)
	at org.springframework.web.filter.CompositeFilter.doFilter(CompositeFilter.java:74)
	at org.springframework.security.config.annotation.web.configuration.WebMvcSecurityConfiguration$CompositeFilterChainProxy.doFilter(WebMvcSecurityConfiguration.java:230)
	at org.springframework.web.filter.DelegatingFilterProxy.invokeDelegate(DelegatingFilterProxy.java:352)
	at org.springframework.web.filter.DelegatingFilterProxy.doFilter(DelegatingFilterProxy.java:268)
	at org.apache.catalina.core.ApplicationFilterChain.internalDoFilter(ApplicationFilterChain.java:164)
	at org.apache.catalina.core.ApplicationFilterChain.doFilter(ApplicationFilterChain.java:140)
	at org.springframework.web.filter.RequestContextFilter.doFilterInternal(RequestContextFilter.java:100)
	at org.springframework.web.filter.OncePerRequestFilter.doFilter(OncePerRequestFilter.java:116)
	at org.apache.catalina.core.ApplicationFilterChain.internalDoFilter(ApplicationFilterChain.java:164)
	at org.apache.catalina.core.ApplicationFilterChain.doFilter(ApplicationFilterChain.java:140)
	at org.springframework.web.filter.FormContentFilter.doFilterInternal(FormContentFilter.java:93)
	at org.springframework.web.filter.OncePerRequestFilter.doFilter(OncePerRequestFilter.java:116)
	at org.apache.catalina.core.ApplicationFilterChain.internalDoFilter(ApplicationFilterChain.java:164)
	at org.apache.catalina.core.ApplicationFilterChain.doFilter(ApplicationFilterChain.java:140)
	at org.springframework.web.filter.CharacterEncodingFilter.doFilterInternal(CharacterEncodingFilter.java:201)
	at org.springframework.web.filter.OncePerRequestFilter.doFilter(OncePerRequestFilter.java:116)
	at org.apache.catalina.core.ApplicationFilterChain.internalDoFilter(ApplicationFilterChain.java:164)
	at org.apache.catalina.core.ApplicationFilterChain.doFilter(ApplicationFilterChain.java:140)
	at org.apache.catalina.core.StandardWrapperValve.invoke(StandardWrapperValve.java:167)
	at org.apache.catalina.core.StandardContextValve.invoke(StandardContextValve.java:90)
	at org.apache.catalina.authenticator.AuthenticatorBase.invoke(AuthenticatorBase.java:483)
	at org.apache.catalina.core.StandardHostValve.invoke(StandardHostValve.java:115)
	at org.apache.catalina.valves.ErrorReportValve.invoke(ErrorReportValve.java:93)
	at org.apache.catalina.core.StandardEngineValve.invoke(StandardEngineValve.java:74)
	at org.apache.catalina.connector.CoyoteAdapter.service(CoyoteAdapter.java:344)
	at org.apache.coyote.http11.Http11Processor.service(Http11Processor.java:389)
	at org.apache.coyote.AbstractProcessorLight.process(AbstractProcessorLight.java:63)
	at org.apache.coyote.AbstractProtocol$ConnectionHandler.process(AbstractProtocol.java:904)
	at org.apache.tomcat.util.net.NioEndpoint$SocketProcessor.doRun(NioEndpoint.java:1741)
	at org.apache.tomcat.util.net.SocketProcessorBase.run(SocketProcessorBase.java:52)
	at org.apache.tomcat.util.threads.ThreadPoolExecutor.runWorker(ThreadPoolExecutor.java:1190)
	at org.apache.tomcat.util.threads.ThreadPoolExecutor$Worker.run(ThreadPoolExecutor.java:659)
	at org.apache.tomcat.util.threads.TaskThread$WrappingRunnable.run(TaskThread.java:63)
	at java.base/java.lang.Thread.run(Thread.java:833)
2024-08-13 06:07:46,555 DEBUG o.s.s.w.FilterChainProxy [http-nio-7777-exec-5] Securing GET /error
2024-08-13 06:07:46,556 DEBUG o.s.s.w.a.AnonymousAuthenticationFilter [http-nio-7777-exec-5] Set SecurityContextHolder to anonymous SecurityContext
2024-08-13 06:07:46,558 DEBUG o.s.s.w.a.Http403ForbiddenEntryPoint [http-nio-7777-exec-5] Pre-authenticated entry point called. Rejecting access
2024-08-13 06:07:52,716 DEBUG o.s.s.w.FilterChainProxy [http-nio-7777-exec-10] Securing OPTIONS /api/auth/login
2024-08-13 06:07:52,723 DEBUG o.s.s.w.FilterChainProxy [http-nio-7777-exec-1] Securing POST /api/auth/login
2024-08-13 06:07:52,732 DEBUG o.s.s.w.a.AnonymousAuthenticationFilter [http-nio-7777-exec-1] Set SecurityContextHolder to anonymous SecurityContext
2024-08-13 06:07:52,738 DEBUG o.s.s.w.FilterChainProxy [http-nio-7777-exec-1] Secured POST /api/auth/login
2024-08-13 06:07:53,896 DEBUG o.s.s.a.d.AbstractUserDetailsAuthenticationProvider [http-nio-7777-exec-1] Authenticated user
2024-08-13 06:07:56,376 DEBUG o.s.s.w.FilterChainProxy [http-nio-7777-exec-6] Securing OPTIONS /api/users/email/shaikhaniscoder07@gmail.com
2024-08-13 06:07:56,377 DEBUG o.s.s.w.FilterChainProxy [http-nio-7777-exec-2] Securing OPTIONS /api/users/email/shaikhaniscoder07@gmail.com
2024-08-13 06:07:56,387 DEBUG o.s.s.w.FilterChainProxy [http-nio-7777-exec-4] Securing GET /api/users/email/shaikhaniscoder07@gmail.com
2024-08-13 06:07:56,474 DEBUG o.s.s.w.FilterChainProxy [http-nio-7777-exec-4] Secured GET /api/users/email/shaikhaniscoder07@gmail.com
2024-08-13 06:07:56,578 DEBUG o.s.s.w.FilterChainProxy [http-nio-7777-exec-8] Securing GET /api/users/email/shaikhaniscoder07@gmail.com
2024-08-13 06:07:56,626 DEBUG o.s.s.w.FilterChainProxy [http-nio-7777-exec-8] Secured GET /api/users/email/shaikhaniscoder07@gmail.com
2024-08-13 06:07:57,494 DEBUG o.s.s.w.FilterChainProxy [http-nio-7777-exec-5] Securing OPTIONS /api/users/all
2024-08-13 06:07:57,493 DEBUG o.s.s.w.FilterChainProxy [http-nio-7777-exec-3] Securing OPTIONS /api/users/all
2024-08-13 06:07:57,574 DEBUG o.s.s.w.FilterChainProxy [http-nio-7777-exec-10] Securing GET /api/users/all
2024-08-13 06:07:57,608 DEBUG o.s.s.w.FilterChainProxy [http-nio-7777-exec-10] Secured GET /api/users/all
2024-08-13 06:07:57,735 WARN o.s.w.s.h.AbstractHandlerExceptionResolver [http-nio-7777-exec-10] Resolved [org.springframework.http.converter.HttpMessageNotWritableException: Could not write JSON: Cannot invoke "com.max.quizspring.model.User$Role.name()" because "this.role" is null]
2024-08-13 06:07:57,749 DEBUG o.s.s.w.FilterChainProxy [http-nio-7777-exec-10] Securing GET /error
2024-08-13 06:07:57,752 DEBUG o.s.s.w.a.AnonymousAuthenticationFilter [http-nio-7777-exec-10] Set SecurityContextHolder to anonymous SecurityContext
2024-08-13 06:07:57,759 DEBUG o.s.s.w.a.Http403ForbiddenEntryPoint [http-nio-7777-exec-10] Pre-authenticated entry point called. Rejecting access
2024-08-13 06:07:57,783 DEBUG o.s.s.w.FilterChainProxy [http-nio-7777-exec-1] Securing GET /api/users/all
2024-08-13 06:07:57,829 DEBUG o.s.s.w.FilterChainProxy [http-nio-7777-exec-1] Secured GET /api/users/all
2024-08-13 06:07:57,839 WARN o.s.w.s.h.AbstractHandlerExceptionResolver [http-nio-7777-exec-1] Resolved [org.springframework.http.converter.HttpMessageNotWritableException: Could not write JSON: Cannot invoke "com.max.quizspring.model.User$Role.name()" because "this.role" is null]
2024-08-13 06:07:57,839 DEBUG o.s.s.w.FilterChainProxy [http-nio-7777-exec-1] Securing GET /error
2024-08-13 06:07:57,839 DEBUG o.s.s.w.a.AnonymousAuthenticationFilter [http-nio-7777-exec-1] Set SecurityContextHolder to anonymous SecurityContext
2024-08-13 06:07:57,839 DEBUG o.s.s.w.a.Http403ForbiddenEntryPoint [http-nio-7777-exec-1] Pre-authenticated entry point called. Rejecting access
2024-08-13 06:08:02,449 DEBUG o.s.s.w.FilterChainProxy [http-nio-7777-exec-2] Securing OPTIONS /api/user/companies
2024-08-13 06:08:02,449 DEBUG o.s.s.w.FilterChainProxy [http-nio-7777-exec-6] Securing OPTIONS /api/user/companies
2024-08-13 06:08:02,475 DEBUG o.s.s.w.FilterChainProxy [http-nio-7777-exec-4] Securing GET /api/user/companies
2024-08-13 06:08:02,543 DEBUG o.s.s.w.FilterChainProxy [http-nio-7777-exec-4] Secured GET /api/user/companies
2024-08-13 06:08:03,115 DEBUG o.s.s.w.FilterChainProxy [http-nio-7777-exec-8] Securing GET /api/user/companies
2024-08-13 06:08:03,155 DEBUG o.s.s.w.FilterChainProxy [http-nio-7777-exec-8] Secured GET /api/user/companies
2024-08-13 06:08:10,327 DEBUG o.s.s.w.FilterChainProxy [http-nio-7777-exec-1] Securing OPTIONS /api/users/email/shaikhaniscoder07@gmail.com
2024-08-13 06:08:10,377 DEBUG o.s.s.w.FilterChainProxy [http-nio-7777-exec-10] Securing OPTIONS /api/users/email/shaikhaniscoder07@gmail.com
2024-08-13 06:08:10,388 DEBUG o.s.s.w.FilterChainProxy [http-nio-7777-exec-9] Securing GET /api/users/email/shaikhaniscoder07@gmail.com
2024-08-13 06:08:10,438 DEBUG o.s.s.w.FilterChainProxy [http-nio-7777-exec-9] Secured GET /api/users/email/shaikhaniscoder07@gmail.com
2024-08-13 06:08:10,480 DEBUG o.s.s.w.FilterChainProxy [http-nio-7777-exec-7] Securing GET /api/users/email/shaikhaniscoder07@gmail.com
2024-08-13 06:08:10,522 DEBUG o.s.s.w.FilterChainProxy [http-nio-7777-exec-7] Secured GET /api/users/email/shaikhaniscoder07@gmail.com
2024-08-13 06:08:16,417 DEBUG o.s.s.w.FilterChainProxy [http-nio-7777-exec-8] Securing OPTIONS /api/user/companies
2024-08-13 06:08:16,427 DEBUG o.s.s.w.FilterChainProxy [http-nio-7777-exec-4] Securing OPTIONS /api/user/companies
2024-08-13 06:08:16,438 DEBUG o.s.s.w.FilterChainProxy [http-nio-7777-exec-3] Securing GET /api/user/companies
2024-08-13 06:08:16,491 DEBUG o.s.s.w.FilterChainProxy [http-nio-7777-exec-3] Secured GET /api/user/companies
2024-08-13 06:08:16,571 DEBUG o.s.s.w.FilterChainProxy [http-nio-7777-exec-5] Securing GET /api/user/companies
2024-08-13 06:08:16,655 DEBUG o.s.s.w.FilterChainProxy [http-nio-7777-exec-5] Secured GET /api/user/companies
2024-08-13 06:16:09,792 INFO o.s.b.d.a.LocalDevToolsAutoConfiguration$RestartingClassPathChangeChangedEventListener [File Watcher] Restarting due to 1 class path change (0 additions, 0 deletions, 1 modification)
2024-08-13 06:16:15,197 INFO o.a.j.l.DirectJDKLog [Thread-25] Stopping ProtocolHandler ["http-nio-7777"]
2024-08-13 06:16:17,287 INFO o.s.o.j.AbstractEntityManagerFactoryBean [Thread-25] Closing JPA EntityManagerFactory for persistence unit 'default'
2024-08-13 06:16:17,905 INFO c.z.h.HikariDataSource [Thread-25] HikariPool-7 - Shutdown initiated...
2024-08-13 06:16:19,574 INFO c.z.h.HikariDataSource [Thread-25] HikariPool-7 - Shutdown completed.
2024-08-13 06:16:26,805 INFO o.s.b.StartupInfoLogger [restartedMain] Starting QuizspringApplication using Java 17.0.7 with PID 9184 (C:\Users\johnb\Desktop\Security-template\Spring-Security-Template-V4\target\classes started by johnb in C:\Users\johnb\Desktop\Security-template\Spring-Security-Template-V4)
2024-08-13 06:16:26,835 INFO o.s.b.SpringApplication [restartedMain] No active profile set, falling back to 1 default profile: "default"
2024-08-13 06:16:30,617 INFO o.s.d.r.c.RepositoryConfigurationDelegate [restartedMain] Bootstrapping Spring Data JPA repositories in DEFAULT mode.
2024-08-13 06:16:30,975 INFO o.s.d.r.c.RepositoryConfigurationDelegate [restartedMain] Finished Spring Data repository scanning in 333 ms. Found 5 JPA repository interfaces.
2024-08-13 06:16:32,582 INFO o.s.b.w.e.t.TomcatWebServer [restartedMain] Tomcat initialized with port 7777 (http)
2024-08-13 06:16:32,585 INFO o.a.j.l.DirectJDKLog [restartedMain] Initializing ProtocolHandler ["http-nio-7777"]
2024-08-13 06:16:32,590 INFO o.a.j.l.DirectJDKLog [restartedMain] Starting service [Tomcat]
2024-08-13 06:16:32,603 INFO o.a.j.l.DirectJDKLog [restartedMain] Starting Servlet engine: [Apache Tomcat/10.1.26]
2024-08-13 06:16:32,739 INFO o.a.j.l.DirectJDKLog [restartedMain] Initializing Spring embedded WebApplicationContext
2024-08-13 06:16:32,741 INFO o.s.b.w.s.c.ServletWebServerApplicationContext [restartedMain] Root WebApplicationContext: initialization completed in 5859 ms
2024-08-13 06:16:33,203 INFO o.h.j.i.u.LogHelper [restartedMain] HHH000204: Processing PersistenceUnitInfo [name: default]
2024-08-13 06:16:33,318 INFO o.h.c.i.RegionFactoryInitiator [restartedMain] HHH000026: Second-level cache disabled
2024-08-13 06:16:33,467 INFO o.s.o.j.p.SpringPersistenceUnitInfo [restartedMain] No LoadTimeWeaver setup: ignoring JPA class transformer
2024-08-13 06:16:33,477 INFO c.z.h.HikariDataSource [restartedMain] HikariPool-8 - Starting...
2024-08-13 06:16:33,804 INFO c.z.h.p.HikariPool [restartedMain] HikariPool-8 - Added connection com.mysql.cj.jdbc.ConnectionImpl@26b52d87
2024-08-13 06:16:33,807 INFO c.z.h.HikariDataSource [restartedMain] HikariPool-8 - Start completed.
2024-08-13 06:16:33,824 WARN o.h.e.j.d.i.DialectFactoryImpl [restartedMain] HHH90000025: MySQLDialect does not need to be specified explicitly using 'hibernate.dialect' (remove the property setting and it will be selected by default)
2024-08-13 06:16:34,582 INFO o.h.e.t.j.p.i.JtaPlatformInitiator [restartedMain] HHH000489: No JTA platform available (set 'hibernate.transaction.jta.platform' to enable JTA platform integration)
2024-08-13 06:16:34,922 INFO o.s.o.j.AbstractEntityManagerFactoryBean [restartedMain] Initialized JPA EntityManagerFactory for persistence unit 'default'
2024-08-13 06:16:35,582 INFO o.s.s.c.a.a.c.InitializeUserDetailsBeanManagerConfigurer$InitializeUserDetailsManagerConfigurer [restartedMain] Global AuthenticationManager configured with UserDetailsService bean with name userDetailsService
2024-08-13 06:16:35,754 WARN o.s.b.a.o.j.JpaBaseConfiguration$JpaWebConfiguration [restartedMain] spring.jpa.open-in-view is enabled by default. Therefore, database queries may be performed during view rendering. Explicitly configure spring.jpa.open-in-view to disable this warning
2024-08-13 06:16:36,161 DEBUG o.s.s.w.DefaultSecurityFilterChain [restartedMain] Will secure any request with filters: DisableEncodeUrlFilter, WebAsyncManagerIntegrationFilter, SecurityContextHolderFilter, HeaderWriterFilter, CorsFilter, LogoutFilter, JwtAuthenticationFilter, RequestCacheAwareFilter, SecurityContextHolderAwareRequestFilter, AnonymousAuthenticationFilter, SessionManagementFilter, ExceptionTranslationFilter, AuthorizationFilter
2024-08-13 06:16:36,410 INFO o.s.b.d.a.OptionalLiveReloadServer [restartedMain] LiveReload server is running on port 35729
2024-08-13 06:16:36,447 INFO o.a.j.l.DirectJDKLog [restartedMain] Starting ProtocolHandler ["http-nio-7777"]
2024-08-13 06:16:36,471 INFO o.s.b.w.e.t.TomcatWebServer [restartedMain] Tomcat started on port 7777 (http) with context path '/'
2024-08-13 06:16:36,486 INFO o.s.b.StartupInfoLogger [restartedMain] Started QuizspringApplication in 10.358 seconds (process running for 4577.963)
2024-08-13 06:16:36,493 INFO o.s.b.d.a.ConditionEvaluationDeltaLoggingListener [restartedMain] Condition evaluation unchanged
2024-08-13 06:16:45,643 INFO o.s.b.d.a.LocalDevToolsAutoConfiguration$RestartingClassPathChangeChangedEventListener [File Watcher] Restarting due to 1 class path change (0 additions, 0 deletions, 1 modification)
2024-08-13 06:16:45,869 INFO o.a.j.l.DirectJDKLog [Thread-29] Stopping ProtocolHandler ["http-nio-7777"]
2024-08-13 06:16:46,319 INFO o.s.o.j.AbstractEntityManagerFactoryBean [Thread-29] Closing JPA EntityManagerFactory for persistence unit 'default'
2024-08-13 06:16:46,336 INFO c.z.h.HikariDataSource [Thread-29] HikariPool-8 - Shutdown initiated...
2024-08-13 06:16:46,378 INFO c.z.h.HikariDataSource [Thread-29] HikariPool-8 - Shutdown completed.
2024-08-13 06:16:46,855 INFO o.s.b.StartupInfoLogger [restartedMain] Starting QuizspringApplication using Java 17.0.7 with PID 9184 (C:\Users\johnb\Desktop\Security-template\Spring-Security-Template-V4\target\classes started by johnb in C:\Users\johnb\Desktop\Security-template\Spring-Security-Template-V4)
2024-08-13 06:16:46,857 INFO o.s.b.SpringApplication [restartedMain] No active profile set, falling back to 1 default profile: "default"
2024-08-13 06:16:47,709 INFO o.s.d.r.c.RepositoryConfigurationDelegate [restartedMain] Bootstrapping Spring Data JPA repositories in DEFAULT mode.
2024-08-13 06:16:47,779 INFO o.s.d.r.c.RepositoryConfigurationDelegate [restartedMain] Finished Spring Data repository scanning in 67 ms. Found 5 JPA repository interfaces.
2024-08-13 06:16:48,219 INFO o.s.b.w.e.t.TomcatWebServer [restartedMain] Tomcat initialized with port 7777 (http)
2024-08-13 06:16:48,226 INFO o.a.j.l.DirectJDKLog [restartedMain] Initializing ProtocolHandler ["http-nio-7777"]
2024-08-13 06:16:48,226 INFO o.a.j.l.DirectJDKLog [restartedMain] Starting service [Tomcat]
2024-08-13 06:16:48,261 INFO o.a.j.l.DirectJDKLog [restartedMain] Starting Servlet engine: [Apache Tomcat/10.1.26]
2024-08-13 06:16:48,381 INFO o.a.j.l.DirectJDKLog [restartedMain] Initializing Spring embedded WebApplicationContext
2024-08-13 06:16:48,389 INFO o.s.b.w.s.c.ServletWebServerApplicationContext [restartedMain] Root WebApplicationContext: initialization completed in 1526 ms
2024-08-13 06:16:48,544 INFO o.h.j.i.u.LogHelper [restartedMain] HHH000204: Processing PersistenceUnitInfo [name: default]
2024-08-13 06:16:48,559 INFO o.h.c.i.RegionFactoryInitiator [restartedMain] HHH000026: Second-level cache disabled
2024-08-13 06:16:48,639 INFO o.s.o.j.p.SpringPersistenceUnitInfo [restartedMain] No LoadTimeWeaver setup: ignoring JPA class transformer
2024-08-13 06:16:48,644 INFO c.z.h.HikariDataSource [restartedMain] HikariPool-9 - Starting...
2024-08-13 06:16:48,695 INFO c.z.h.p.HikariPool [restartedMain] HikariPool-9 - Added connection com.mysql.cj.jdbc.ConnectionImpl@5b6d1dce
2024-08-13 06:16:48,695 INFO c.z.h.HikariDataSource [restartedMain] HikariPool-9 - Start completed.
2024-08-13 06:16:48,717 WARN o.h.e.j.d.i.DialectFactoryImpl [restartedMain] HHH90000025: MySQLDialect does not need to be specified explicitly using 'hibernate.dialect' (remove the property setting and it will be selected by default)
2024-08-13 06:16:49,202 INFO o.h.e.t.j.p.i.JtaPlatformInitiator [restartedMain] HHH000489: No JTA platform available (set 'hibernate.transaction.jta.platform' to enable JTA platform integration)
2024-08-13 06:16:49,374 INFO o.s.o.j.AbstractEntityManagerFactoryBean [restartedMain] Initialized JPA EntityManagerFactory for persistence unit 'default'
2024-08-13 06:16:49,708 INFO o.s.s.c.a.a.c.InitializeUserDetailsBeanManagerConfigurer$InitializeUserDetailsManagerConfigurer [restartedMain] Global AuthenticationManager configured with UserDetailsService bean with name userDetailsService
2024-08-13 06:16:50,042 WARN o.s.b.a.o.j.JpaBaseConfiguration$JpaWebConfiguration [restartedMain] spring.jpa.open-in-view is enabled by default. Therefore, database queries may be performed during view rendering. Explicitly configure spring.jpa.open-in-view to disable this warning
2024-08-13 06:16:50,259 DEBUG o.s.s.w.DefaultSecurityFilterChain [restartedMain] Will secure any request with filters: DisableEncodeUrlFilter, WebAsyncManagerIntegrationFilter, SecurityContextHolderFilter, HeaderWriterFilter, CorsFilter, LogoutFilter, JwtAuthenticationFilter, RequestCacheAwareFilter, SecurityContextHolderAwareRequestFilter, AnonymousAuthenticationFilter, SessionManagementFilter, ExceptionTranslationFilter, AuthorizationFilter
2024-08-13 06:16:50,460 INFO o.s.b.d.a.OptionalLiveReloadServer [restartedMain] LiveReload server is running on port 35729
2024-08-13 06:16:50,479 INFO o.a.j.l.DirectJDKLog [restartedMain] Starting ProtocolHandler ["http-nio-7777"]
2024-08-13 06:16:50,491 INFO o.s.b.w.e.t.TomcatWebServer [restartedMain] Tomcat started on port 7777 (http) with context path '/'
2024-08-13 06:16:50,514 INFO o.s.b.StartupInfoLogger [restartedMain] Started QuizspringApplication in 3.785 seconds (process running for 4591.99)
2024-08-13 06:16:50,514 INFO o.s.b.d.a.ConditionEvaluationDeltaLoggingListener [restartedMain] Condition evaluation unchanged
2024-08-13 06:18:27,319 INFO o.a.j.l.DirectJDKLog [http-nio-7777-exec-2] Initializing Spring DispatcherServlet 'dispatcherServlet'
2024-08-13 06:18:27,438 INFO o.s.w.s.FrameworkServlet [http-nio-7777-exec-2] Initializing Servlet 'dispatcherServlet'
2024-08-13 06:18:28,243 INFO o.s.w.s.FrameworkServlet [http-nio-7777-exec-2] Completed initialization in 802 ms
2024-08-13 06:18:28,645 DEBUG o.s.s.w.FilterChainProxy [http-nio-7777-exec-2] Securing OPTIONS /api/user/companies
2024-08-13 06:18:28,645 DEBUG o.s.s.w.FilterChainProxy [http-nio-7777-exec-1] Securing OPTIONS /api/user/companies
2024-08-13 06:18:29,031 DEBUG o.s.s.w.FilterChainProxy [http-nio-7777-exec-1] Securing GET /api/user/companies
2024-08-13 06:18:29,701 ERROR o.a.j.l.DirectJDKLog [http-nio-7777-exec-1] Servlet.service() for servlet [dispatcherServlet] in context with path [] threw exception
io.jsonwebtoken.ExpiredJwtException: JWT expired at 2024-08-13T00:47:58Z. Current time: 2024-08-13T00:48:29Z, a difference of 31623 milliseconds.  Allowed clock skew: 0 milliseconds.
	at io.jsonwebtoken.impl.DefaultJwtParser.parse(DefaultJwtParser.java:427)
	at io.jsonwebtoken.impl.DefaultJwtParser.parse(DefaultJwtParser.java:529)
	at io.jsonwebtoken.impl.DefaultJwtParser.parseClaimsJws(DefaultJwtParser.java:589)
	at io.jsonwebtoken.impl.ImmutableJwtParser.parseClaimsJws(ImmutableJwtParser.java:173)
	at com.max.quizspring.config.JwtToken.extractAllClaims(JwtToken.java:36)
	at com.max.quizspring.config.JwtToken.extraClaim(JwtToken.java:31)
	at com.max.quizspring.config.JwtToken.extractUsername(JwtToken.java:23)
	at com.max.quizspring.config.JwtAuthenticationFilter.doFilterInternal(JwtAuthenticationFilter.java:41)
	at org.springframework.web.filter.OncePerRequestFilter.doFilter(OncePerRequestFilter.java:116)
	at org.springframework.security.web.FilterChainProxy$VirtualFilterChain.doFilter(FilterChainProxy.java:374)
	at org.springframework.security.web.authentication.logout.LogoutFilter.doFilter(LogoutFilter.java:107)
	at org.springframework.security.web.authentication.logout.LogoutFilter.doFilter(LogoutFilter.java:93)
	at org.springframework.security.web.FilterChainProxy$VirtualFilterChain.doFilter(FilterChainProxy.java:374)
	at org.springframework.web.filter.CorsFilter.doFilterInternal(CorsFilter.java:91)
	at org.springframework.web.filter.OncePerRequestFilter.doFilter(OncePerRequestFilter.java:116)
	at org.springframework.security.web.FilterChainProxy$VirtualFilterChain.doFilter(FilterChainProxy.java:374)
	at org.springframework.security.web.header.HeaderWriterFilter.doHeadersAfter(HeaderWriterFilter.java:90)
	at org.springframework.security.web.header.HeaderWriterFilter.doFilterInternal(HeaderWriterFilter.java:75)
	at org.springframework.web.filter.OncePerRequestFilter.doFilter(OncePerRequestFilter.java:116)
	at org.springframework.security.web.FilterChainProxy$VirtualFilterChain.doFilter(FilterChainProxy.java:374)
	at org.springframework.security.web.context.SecurityContextHolderFilter.doFilter(SecurityContextHolderFilter.java:82)
	at org.springframework.security.web.context.SecurityContextHolderFilter.doFilter(SecurityContextHolderFilter.java:69)
	at org.springframework.security.web.FilterChainProxy$VirtualFilterChain.doFilter(FilterChainProxy.java:374)
	at org.springframework.security.web.context.request.async.WebAsyncManagerIntegrationFilter.doFilterInternal(WebAsyncManagerIntegrationFilter.java:62)
	at org.springframework.web.filter.OncePerRequestFilter.doFilter(OncePerRequestFilter.java:116)
	at org.springframework.security.web.FilterChainProxy$VirtualFilterChain.doFilter(FilterChainProxy.java:374)
	at org.springframework.security.web.session.DisableEncodeUrlFilter.doFilterInternal(DisableEncodeUrlFilter.java:42)
	at org.springframework.web.filter.OncePerRequestFilter.doFilter(OncePerRequestFilter.java:116)
	at org.springframework.security.web.FilterChainProxy$VirtualFilterChain.doFilter(FilterChainProxy.java:374)
	at org.springframework.security.web.FilterChainProxy.doFilterInternal(FilterChainProxy.java:233)
	at org.springframework.security.web.FilterChainProxy.doFilter(FilterChainProxy.java:191)
	at org.springframework.web.filter.CompositeFilter$VirtualFilterChain.doFilter(CompositeFilter.java:113)
	at org.springframework.web.servlet.handler.HandlerMappingIntrospector.lambda$createCacheFilter$3(HandlerMappingIntrospector.java:195)
	at org.springframework.web.filter.CompositeFilter$VirtualFilterChain.doFilter(CompositeFilter.java:113)
	at org.springframework.web.filter.CompositeFilter.doFilter(CompositeFilter.java:74)
	at org.springframework.security.config.annotation.web.configuration.WebMvcSecurityConfiguration$CompositeFilterChainProxy.doFilter(WebMvcSecurityConfiguration.java:230)
	at org.springframework.web.filter.DelegatingFilterProxy.invokeDelegate(DelegatingFilterProxy.java:352)
	at org.springframework.web.filter.DelegatingFilterProxy.doFilter(DelegatingFilterProxy.java:268)
	at org.apache.catalina.core.ApplicationFilterChain.internalDoFilter(ApplicationFilterChain.java:164)
	at org.apache.catalina.core.ApplicationFilterChain.doFilter(ApplicationFilterChain.java:140)
	at org.springframework.web.filter.RequestContextFilter.doFilterInternal(RequestContextFilter.java:100)
	at org.springframework.web.filter.OncePerRequestFilter.doFilter(OncePerRequestFilter.java:116)
	at org.apache.catalina.core.ApplicationFilterChain.internalDoFilter(ApplicationFilterChain.java:164)
	at org.apache.catalina.core.ApplicationFilterChain.doFilter(ApplicationFilterChain.java:140)
	at org.springframework.web.filter.FormContentFilter.doFilterInternal(FormContentFilter.java:93)
	at org.springframework.web.filter.OncePerRequestFilter.doFilter(OncePerRequestFilter.java:116)
	at org.apache.catalina.core.ApplicationFilterChain.internalDoFilter(ApplicationFilterChain.java:164)
	at org.apache.catalina.core.ApplicationFilterChain.doFilter(ApplicationFilterChain.java:140)
	at org.springframework.web.filter.CharacterEncodingFilter.doFilterInternal(CharacterEncodingFilter.java:201)
	at org.springframework.web.filter.OncePerRequestFilter.doFilter(OncePerRequestFilter.java:116)
	at org.apache.catalina.core.ApplicationFilterChain.internalDoFilter(ApplicationFilterChain.java:164)
	at org.apache.catalina.core.ApplicationFilterChain.doFilter(ApplicationFilterChain.java:140)
	at org.apache.catalina.core.StandardWrapperValve.invoke(StandardWrapperValve.java:167)
	at org.apache.catalina.core.StandardContextValve.invoke(StandardContextValve.java:90)
	at org.apache.catalina.authenticator.AuthenticatorBase.invoke(AuthenticatorBase.java:483)
	at org.apache.catalina.core.StandardHostValve.invoke(StandardHostValve.java:115)
	at org.apache.catalina.valves.ErrorReportValve.invoke(ErrorReportValve.java:93)
	at org.apache.catalina.core.StandardEngineValve.invoke(StandardEngineValve.java:74)
	at org.apache.catalina.connector.CoyoteAdapter.service(CoyoteAdapter.java:344)
	at org.apache.coyote.http11.Http11Processor.service(Http11Processor.java:389)
	at org.apache.coyote.AbstractProcessorLight.process(AbstractProcessorLight.java:63)
	at org.apache.coyote.AbstractProtocol$ConnectionHandler.process(AbstractProtocol.java:904)
	at org.apache.tomcat.util.net.NioEndpoint$SocketProcessor.doRun(NioEndpoint.java:1741)
	at org.apache.tomcat.util.net.SocketProcessorBase.run(SocketProcessorBase.java:52)
	at org.apache.tomcat.util.threads.ThreadPoolExecutor.runWorker(ThreadPoolExecutor.java:1190)
	at org.apache.tomcat.util.threads.ThreadPoolExecutor$Worker.run(ThreadPoolExecutor.java:659)
	at org.apache.tomcat.util.threads.TaskThread$WrappingRunnable.run(TaskThread.java:63)
	at java.base/java.lang.Thread.run(Thread.java:833)
2024-08-13 06:18:29,863 DEBUG o.s.s.w.FilterChainProxy [http-nio-7777-exec-1] Securing GET /error
2024-08-13 06:18:29,926 DEBUG o.s.s.w.a.AnonymousAuthenticationFilter [http-nio-7777-exec-1] Set SecurityContextHolder to anonymous SecurityContext
2024-08-13 06:18:30,098 DEBUG o.s.s.w.a.Http403ForbiddenEntryPoint [http-nio-7777-exec-1] Pre-authenticated entry point called. Rejecting access
2024-08-13 06:18:30,142 DEBUG o.s.s.w.FilterChainProxy [http-nio-7777-exec-3] Securing GET /api/user/companies
2024-08-13 06:18:30,158 ERROR o.a.j.l.DirectJDKLog [http-nio-7777-exec-3] Servlet.service() for servlet [dispatcherServlet] in context with path [] threw exception
io.jsonwebtoken.ExpiredJwtException: JWT expired at 2024-08-13T00:47:58Z. Current time: 2024-08-13T00:48:30Z, a difference of 32158 milliseconds.  Allowed clock skew: 0 milliseconds.
	at io.jsonwebtoken.impl.DefaultJwtParser.parse(DefaultJwtParser.java:427)
	at io.jsonwebtoken.impl.DefaultJwtParser.parse(DefaultJwtParser.java:529)
	at io.jsonwebtoken.impl.DefaultJwtParser.parseClaimsJws(DefaultJwtParser.java:589)
	at io.jsonwebtoken.impl.ImmutableJwtParser.parseClaimsJws(ImmutableJwtParser.java:173)
	at com.max.quizspring.config.JwtToken.extractAllClaims(JwtToken.java:36)
	at com.max.quizspring.config.JwtToken.extraClaim(JwtToken.java:31)
	at com.max.quizspring.config.JwtToken.extractUsername(JwtToken.java:23)
	at com.max.quizspring.config.JwtAuthenticationFilter.doFilterInternal(JwtAuthenticationFilter.java:41)
	at org.springframework.web.filter.OncePerRequestFilter.doFilter(OncePerRequestFilter.java:116)
	at org.springframework.security.web.FilterChainProxy$VirtualFilterChain.doFilter(FilterChainProxy.java:374)
	at org.springframework.security.web.authentication.logout.LogoutFilter.doFilter(LogoutFilter.java:107)
	at org.springframework.security.web.authentication.logout.LogoutFilter.doFilter(LogoutFilter.java:93)
	at org.springframework.security.web.FilterChainProxy$VirtualFilterChain.doFilter(FilterChainProxy.java:374)
	at org.springframework.web.filter.CorsFilter.doFilterInternal(CorsFilter.java:91)
	at org.springframework.web.filter.OncePerRequestFilter.doFilter(OncePerRequestFilter.java:116)
	at org.springframework.security.web.FilterChainProxy$VirtualFilterChain.doFilter(FilterChainProxy.java:374)
	at org.springframework.security.web.header.HeaderWriterFilter.doHeadersAfter(HeaderWriterFilter.java:90)
	at org.springframework.security.web.header.HeaderWriterFilter.doFilterInternal(HeaderWriterFilter.java:75)
	at org.springframework.web.filter.OncePerRequestFilter.doFilter(OncePerRequestFilter.java:116)
	at org.springframework.security.web.FilterChainProxy$VirtualFilterChain.doFilter(FilterChainProxy.java:374)
	at org.springframework.security.web.context.SecurityContextHolderFilter.doFilter(SecurityContextHolderFilter.java:82)
	at org.springframework.security.web.context.SecurityContextHolderFilter.doFilter(SecurityContextHolderFilter.java:69)
	at org.springframework.security.web.FilterChainProxy$VirtualFilterChain.doFilter(FilterChainProxy.java:374)
	at org.springframework.security.web.context.request.async.WebAsyncManagerIntegrationFilter.doFilterInternal(WebAsyncManagerIntegrationFilter.java:62)
	at org.springframework.web.filter.OncePerRequestFilter.doFilter(OncePerRequestFilter.java:116)
	at org.springframework.security.web.FilterChainProxy$VirtualFilterChain.doFilter(FilterChainProxy.java:374)
	at org.springframework.security.web.session.DisableEncodeUrlFilter.doFilterInternal(DisableEncodeUrlFilter.java:42)
	at org.springframework.web.filter.OncePerRequestFilter.doFilter(OncePerRequestFilter.java:116)
	at org.springframework.security.web.FilterChainProxy$VirtualFilterChain.doFilter(FilterChainProxy.java:374)
	at org.springframework.security.web.FilterChainProxy.doFilterInternal(FilterChainProxy.java:233)
	at org.springframework.security.web.FilterChainProxy.doFilter(FilterChainProxy.java:191)
	at org.springframework.web.filter.CompositeFilter$VirtualFilterChain.doFilter(CompositeFilter.java:113)
	at org.springframework.web.servlet.handler.HandlerMappingIntrospector.lambda$createCacheFilter$3(HandlerMappingIntrospector.java:195)
	at org.springframework.web.filter.CompositeFilter$VirtualFilterChain.doFilter(CompositeFilter.java:113)
	at org.springframework.web.filter.CompositeFilter.doFilter(CompositeFilter.java:74)
	at org.springframework.security.config.annotation.web.configuration.WebMvcSecurityConfiguration$CompositeFilterChainProxy.doFilter(WebMvcSecurityConfiguration.java:230)
	at org.springframework.web.filter.DelegatingFilterProxy.invokeDelegate(DelegatingFilterProxy.java:352)
	at org.springframework.web.filter.DelegatingFilterProxy.doFilter(DelegatingFilterProxy.java:268)
	at org.apache.catalina.core.ApplicationFilterChain.internalDoFilter(ApplicationFilterChain.java:164)
	at org.apache.catalina.core.ApplicationFilterChain.doFilter(ApplicationFilterChain.java:140)
	at org.springframework.web.filter.RequestContextFilter.doFilterInternal(RequestContextFilter.java:100)
	at org.springframework.web.filter.OncePerRequestFilter.doFilter(OncePerRequestFilter.java:116)
	at org.apache.catalina.core.ApplicationFilterChain.internalDoFilter(ApplicationFilterChain.java:164)
	at org.apache.catalina.core.ApplicationFilterChain.doFilter(ApplicationFilterChain.java:140)
	at org.springframework.web.filter.FormContentFilter.doFilterInternal(FormContentFilter.java:93)
	at org.springframework.web.filter.OncePerRequestFilter.doFilter(OncePerRequestFilter.java:116)
	at org.apache.catalina.core.ApplicationFilterChain.internalDoFilter(ApplicationFilterChain.java:164)
	at org.apache.catalina.core.ApplicationFilterChain.doFilter(ApplicationFilterChain.java:140)
	at org.springframework.web.filter.CharacterEncodingFilter.doFilterInternal(CharacterEncodingFilter.java:201)
	at org.springframework.web.filter.OncePerRequestFilter.doFilter(OncePerRequestFilter.java:116)
	at org.apache.catalina.core.ApplicationFilterChain.internalDoFilter(ApplicationFilterChain.java:164)
	at org.apache.catalina.core.ApplicationFilterChain.doFilter(ApplicationFilterChain.java:140)
	at org.apache.catalina.core.StandardWrapperValve.invoke(StandardWrapperValve.java:167)
	at org.apache.catalina.core.StandardContextValve.invoke(StandardContextValve.java:90)
	at org.apache.catalina.authenticator.AuthenticatorBase.invoke(AuthenticatorBase.java:483)
	at org.apache.catalina.core.StandardHostValve.invoke(StandardHostValve.java:115)
	at org.apache.catalina.valves.ErrorReportValve.invoke(ErrorReportValve.java:93)
	at org.apache.catalina.core.StandardEngineValve.invoke(StandardEngineValve.java:74)
	at org.apache.catalina.connector.CoyoteAdapter.service(CoyoteAdapter.java:344)
	at org.apache.coyote.http11.Http11Processor.service(Http11Processor.java:389)
	at org.apache.coyote.AbstractProcessorLight.process(AbstractProcessorLight.java:63)
	at org.apache.coyote.AbstractProtocol$ConnectionHandler.process(AbstractProtocol.java:904)
	at org.apache.tomcat.util.net.NioEndpoint$SocketProcessor.doRun(NioEndpoint.java:1741)
	at org.apache.tomcat.util.net.SocketProcessorBase.run(SocketProcessorBase.java:52)
	at org.apache.tomcat.util.threads.ThreadPoolExecutor.runWorker(ThreadPoolExecutor.java:1190)
	at org.apache.tomcat.util.threads.ThreadPoolExecutor$Worker.run(ThreadPoolExecutor.java:659)
	at org.apache.tomcat.util.threads.TaskThread$WrappingRunnable.run(TaskThread.java:63)
	at java.base/java.lang.Thread.run(Thread.java:833)
2024-08-13 06:18:30,240 DEBUG o.s.s.w.FilterChainProxy [http-nio-7777-exec-3] Securing GET /error
2024-08-13 06:18:30,280 DEBUG o.s.s.w.a.AnonymousAuthenticationFilter [http-nio-7777-exec-3] Set SecurityContextHolder to anonymous SecurityContext
2024-08-13 06:18:30,301 DEBUG o.s.s.w.a.Http403ForbiddenEntryPoint [http-nio-7777-exec-3] Pre-authenticated entry point called. Rejecting access
2024-08-13 06:18:40,871 DEBUG o.s.s.w.FilterChainProxy [http-nio-7777-exec-7] Securing OPTIONS /api/users/email/shaikhaniscoder07@gmail.com
2024-08-13 06:18:40,871 DEBUG o.s.s.w.FilterChainProxy [http-nio-7777-exec-6] Securing OPTIONS /api/users/email/shaikhaniscoder07@gmail.com
2024-08-13 06:18:40,978 DEBUG o.s.s.w.FilterChainProxy [http-nio-7777-exec-8] Securing GET /api/users/email/shaikhaniscoder07@gmail.com
2024-08-13 06:18:40,997 ERROR o.a.j.l.DirectJDKLog [http-nio-7777-exec-8] Servlet.service() for servlet [dispatcherServlet] in context with path [] threw exception
io.jsonwebtoken.ExpiredJwtException: JWT expired at 2024-08-13T00:47:58Z. Current time: 2024-08-13T00:48:40Z, a difference of 42997 milliseconds.  Allowed clock skew: 0 milliseconds.
	at io.jsonwebtoken.impl.DefaultJwtParser.parse(DefaultJwtParser.java:427)
	at io.jsonwebtoken.impl.DefaultJwtParser.parse(DefaultJwtParser.java:529)
	at io.jsonwebtoken.impl.DefaultJwtParser.parseClaimsJws(DefaultJwtParser.java:589)
	at io.jsonwebtoken.impl.ImmutableJwtParser.parseClaimsJws(ImmutableJwtParser.java:173)
	at com.max.quizspring.config.JwtToken.extractAllClaims(JwtToken.java:36)
	at com.max.quizspring.config.JwtToken.extraClaim(JwtToken.java:31)
	at com.max.quizspring.config.JwtToken.extractUsername(JwtToken.java:23)
	at com.max.quizspring.config.JwtAuthenticationFilter.doFilterInternal(JwtAuthenticationFilter.java:41)
	at org.springframework.web.filter.OncePerRequestFilter.doFilter(OncePerRequestFilter.java:116)
	at org.springframework.security.web.FilterChainProxy$VirtualFilterChain.doFilter(FilterChainProxy.java:374)
	at org.springframework.security.web.authentication.logout.LogoutFilter.doFilter(LogoutFilter.java:107)
	at org.springframework.security.web.authentication.logout.LogoutFilter.doFilter(LogoutFilter.java:93)
	at org.springframework.security.web.FilterChainProxy$VirtualFilterChain.doFilter(FilterChainProxy.java:374)
	at org.springframework.web.filter.CorsFilter.doFilterInternal(CorsFilter.java:91)
	at org.springframework.web.filter.OncePerRequestFilter.doFilter(OncePerRequestFilter.java:116)
	at org.springframework.security.web.FilterChainProxy$VirtualFilterChain.doFilter(FilterChainProxy.java:374)
	at org.springframework.security.web.header.HeaderWriterFilter.doHeadersAfter(HeaderWriterFilter.java:90)
	at org.springframework.security.web.header.HeaderWriterFilter.doFilterInternal(HeaderWriterFilter.java:75)
	at org.springframework.web.filter.OncePerRequestFilter.doFilter(OncePerRequestFilter.java:116)
	at org.springframework.security.web.FilterChainProxy$VirtualFilterChain.doFilter(FilterChainProxy.java:374)
	at org.springframework.security.web.context.SecurityContextHolderFilter.doFilter(SecurityContextHolderFilter.java:82)
	at org.springframework.security.web.context.SecurityContextHolderFilter.doFilter(SecurityContextHolderFilter.java:69)
	at org.springframework.security.web.FilterChainProxy$VirtualFilterChain.doFilter(FilterChainProxy.java:374)
	at org.springframework.security.web.context.request.async.WebAsyncManagerIntegrationFilter.doFilterInternal(WebAsyncManagerIntegrationFilter.java:62)
	at org.springframework.web.filter.OncePerRequestFilter.doFilter(OncePerRequestFilter.java:116)
	at org.springframework.security.web.FilterChainProxy$VirtualFilterChain.doFilter(FilterChainProxy.java:374)
	at org.springframework.security.web.session.DisableEncodeUrlFilter.doFilterInternal(DisableEncodeUrlFilter.java:42)
	at org.springframework.web.filter.OncePerRequestFilter.doFilter(OncePerRequestFilter.java:116)
	at org.springframework.security.web.FilterChainProxy$VirtualFilterChain.doFilter(FilterChainProxy.java:374)
	at org.springframework.security.web.FilterChainProxy.doFilterInternal(FilterChainProxy.java:233)
	at org.springframework.security.web.FilterChainProxy.doFilter(FilterChainProxy.java:191)
	at org.springframework.web.filter.CompositeFilter$VirtualFilterChain.doFilter(CompositeFilter.java:113)
	at org.springframework.web.servlet.handler.HandlerMappingIntrospector.lambda$createCacheFilter$3(HandlerMappingIntrospector.java:195)
	at org.springframework.web.filter.CompositeFilter$VirtualFilterChain.doFilter(CompositeFilter.java:113)
	at org.springframework.web.filter.CompositeFilter.doFilter(CompositeFilter.java:74)
	at org.springframework.security.config.annotation.web.configuration.WebMvcSecurityConfiguration$CompositeFilterChainProxy.doFilter(WebMvcSecurityConfiguration.java:230)
	at org.springframework.web.filter.DelegatingFilterProxy.invokeDelegate(DelegatingFilterProxy.java:352)
	at org.springframework.web.filter.DelegatingFilterProxy.doFilter(DelegatingFilterProxy.java:268)
	at org.apache.catalina.core.ApplicationFilterChain.internalDoFilter(ApplicationFilterChain.java:164)
	at org.apache.catalina.core.ApplicationFilterChain.doFilter(ApplicationFilterChain.java:140)
	at org.springframework.web.filter.RequestContextFilter.doFilterInternal(RequestContextFilter.java:100)
	at org.springframework.web.filter.OncePerRequestFilter.doFilter(OncePerRequestFilter.java:116)
	at org.apache.catalina.core.ApplicationFilterChain.internalDoFilter(ApplicationFilterChain.java:164)
	at org.apache.catalina.core.ApplicationFilterChain.doFilter(ApplicationFilterChain.java:140)
	at org.springframework.web.filter.FormContentFilter.doFilterInternal(FormContentFilter.java:93)
	at org.springframework.web.filter.OncePerRequestFilter.doFilter(OncePerRequestFilter.java:116)
	at org.apache.catalina.core.ApplicationFilterChain.internalDoFilter(ApplicationFilterChain.java:164)
	at org.apache.catalina.core.ApplicationFilterChain.doFilter(ApplicationFilterChain.java:140)
	at org.springframework.web.filter.CharacterEncodingFilter.doFilterInternal(CharacterEncodingFilter.java:201)
	at org.springframework.web.filter.OncePerRequestFilter.doFilter(OncePerRequestFilter.java:116)
	at org.apache.catalina.core.ApplicationFilterChain.internalDoFilter(ApplicationFilterChain.java:164)
	at org.apache.catalina.core.ApplicationFilterChain.doFilter(ApplicationFilterChain.java:140)
	at org.apache.catalina.core.StandardWrapperValve.invoke(StandardWrapperValve.java:167)
	at org.apache.catalina.core.StandardContextValve.invoke(StandardContextValve.java:90)
	at org.apache.catalina.authenticator.AuthenticatorBase.invoke(AuthenticatorBase.java:483)
	at org.apache.catalina.core.StandardHostValve.invoke(StandardHostValve.java:115)
	at org.apache.catalina.valves.ErrorReportValve.invoke(ErrorReportValve.java:93)
	at org.apache.catalina.core.StandardEngineValve.invoke(StandardEngineValve.java:74)
	at org.apache.catalina.connector.CoyoteAdapter.service(CoyoteAdapter.java:344)
	at org.apache.coyote.http11.Http11Processor.service(Http11Processor.java:389)
	at org.apache.coyote.AbstractProcessorLight.process(AbstractProcessorLight.java:63)
	at org.apache.coyote.AbstractProtocol$ConnectionHandler.process(AbstractProtocol.java:904)
	at org.apache.tomcat.util.net.NioEndpoint$SocketProcessor.doRun(NioEndpoint.java:1741)
	at org.apache.tomcat.util.net.SocketProcessorBase.run(SocketProcessorBase.java:52)
	at org.apache.tomcat.util.threads.ThreadPoolExecutor.runWorker(ThreadPoolExecutor.java:1190)
	at org.apache.tomcat.util.threads.ThreadPoolExecutor$Worker.run(ThreadPoolExecutor.java:659)
	at org.apache.tomcat.util.threads.TaskThread$WrappingRunnable.run(TaskThread.java:63)
	at java.base/java.lang.Thread.run(Thread.java:833)
2024-08-13 06:18:41,127 DEBUG o.s.s.w.FilterChainProxy [http-nio-7777-exec-8] Securing GET /error
2024-08-13 06:18:41,159 DEBUG o.s.s.w.a.AnonymousAuthenticationFilter [http-nio-7777-exec-8] Set SecurityContextHolder to anonymous SecurityContext
2024-08-13 06:18:41,159 DEBUG o.s.s.w.a.Http403ForbiddenEntryPoint [http-nio-7777-exec-8] Pre-authenticated entry point called. Rejecting access
2024-08-13 06:18:41,327 DEBUG o.s.s.w.FilterChainProxy [http-nio-7777-exec-9] Securing GET /api/users/email/shaikhaniscoder07@gmail.com
2024-08-13 06:18:41,335 ERROR o.a.j.l.DirectJDKLog [http-nio-7777-exec-9] Servlet.service() for servlet [dispatcherServlet] in context with path [] threw exception
io.jsonwebtoken.ExpiredJwtException: JWT expired at 2024-08-13T00:47:58Z. Current time: 2024-08-13T00:48:41Z, a difference of 43335 milliseconds.  Allowed clock skew: 0 milliseconds.
	at io.jsonwebtoken.impl.DefaultJwtParser.parse(DefaultJwtParser.java:427)
	at io.jsonwebtoken.impl.DefaultJwtParser.parse(DefaultJwtParser.java:529)
	at io.jsonwebtoken.impl.DefaultJwtParser.parseClaimsJws(DefaultJwtParser.java:589)
	at io.jsonwebtoken.impl.ImmutableJwtParser.parseClaimsJws(ImmutableJwtParser.java:173)
	at com.max.quizspring.config.JwtToken.extractAllClaims(JwtToken.java:36)
	at com.max.quizspring.config.JwtToken.extraClaim(JwtToken.java:31)
	at com.max.quizspring.config.JwtToken.extractUsername(JwtToken.java:23)
	at com.max.quizspring.config.JwtAuthenticationFilter.doFilterInternal(JwtAuthenticationFilter.java:41)
	at org.springframework.web.filter.OncePerRequestFilter.doFilter(OncePerRequestFilter.java:116)
	at org.springframework.security.web.FilterChainProxy$VirtualFilterChain.doFilter(FilterChainProxy.java:374)
	at org.springframework.security.web.authentication.logout.LogoutFilter.doFilter(LogoutFilter.java:107)
	at org.springframework.security.web.authentication.logout.LogoutFilter.doFilter(LogoutFilter.java:93)
	at org.springframework.security.web.FilterChainProxy$VirtualFilterChain.doFilter(FilterChainProxy.java:374)
	at org.springframework.web.filter.CorsFilter.doFilterInternal(CorsFilter.java:91)
	at org.springframework.web.filter.OncePerRequestFilter.doFilter(OncePerRequestFilter.java:116)
	at org.springframework.security.web.FilterChainProxy$VirtualFilterChain.doFilter(FilterChainProxy.java:374)
	at org.springframework.security.web.header.HeaderWriterFilter.doHeadersAfter(HeaderWriterFilter.java:90)
	at org.springframework.security.web.header.HeaderWriterFilter.doFilterInternal(HeaderWriterFilter.java:75)
	at org.springframework.web.filter.OncePerRequestFilter.doFilter(OncePerRequestFilter.java:116)
	at org.springframework.security.web.FilterChainProxy$VirtualFilterChain.doFilter(FilterChainProxy.java:374)
	at org.springframework.security.web.context.SecurityContextHolderFilter.doFilter(SecurityContextHolderFilter.java:82)
	at org.springframework.security.web.context.SecurityContextHolderFilter.doFilter(SecurityContextHolderFilter.java:69)
	at org.springframework.security.web.FilterChainProxy$VirtualFilterChain.doFilter(FilterChainProxy.java:374)
	at org.springframework.security.web.context.request.async.WebAsyncManagerIntegrationFilter.doFilterInternal(WebAsyncManagerIntegrationFilter.java:62)
	at org.springframework.web.filter.OncePerRequestFilter.doFilter(OncePerRequestFilter.java:116)
	at org.springframework.security.web.FilterChainProxy$VirtualFilterChain.doFilter(FilterChainProxy.java:374)
	at org.springframework.security.web.session.DisableEncodeUrlFilter.doFilterInternal(DisableEncodeUrlFilter.java:42)
	at org.springframework.web.filter.OncePerRequestFilter.doFilter(OncePerRequestFilter.java:116)
	at org.springframework.security.web.FilterChainProxy$VirtualFilterChain.doFilter(FilterChainProxy.java:374)
	at org.springframework.security.web.FilterChainProxy.doFilterInternal(FilterChainProxy.java:233)
	at org.springframework.security.web.FilterChainProxy.doFilter(FilterChainProxy.java:191)
	at org.springframework.web.filter.CompositeFilter$VirtualFilterChain.doFilter(CompositeFilter.java:113)
	at org.springframework.web.servlet.handler.HandlerMappingIntrospector.lambda$createCacheFilter$3(HandlerMappingIntrospector.java:195)
	at org.springframework.web.filter.CompositeFilter$VirtualFilterChain.doFilter(CompositeFilter.java:113)
	at org.springframework.web.filter.CompositeFilter.doFilter(CompositeFilter.java:74)
	at org.springframework.security.config.annotation.web.configuration.WebMvcSecurityConfiguration$CompositeFilterChainProxy.doFilter(WebMvcSecurityConfiguration.java:230)
	at org.springframework.web.filter.DelegatingFilterProxy.invokeDelegate(DelegatingFilterProxy.java:352)
	at org.springframework.web.filter.DelegatingFilterProxy.doFilter(DelegatingFilterProxy.java:268)
	at org.apache.catalina.core.ApplicationFilterChain.internalDoFilter(ApplicationFilterChain.java:164)
	at org.apache.catalina.core.ApplicationFilterChain.doFilter(ApplicationFilterChain.java:140)
	at org.springframework.web.filter.RequestContextFilter.doFilterInternal(RequestContextFilter.java:100)
	at org.springframework.web.filter.OncePerRequestFilter.doFilter(OncePerRequestFilter.java:116)
	at org.apache.catalina.core.ApplicationFilterChain.internalDoFilter(ApplicationFilterChain.java:164)
	at org.apache.catalina.core.ApplicationFilterChain.doFilter(ApplicationFilterChain.java:140)
	at org.springframework.web.filter.FormContentFilter.doFilterInternal(FormContentFilter.java:93)
	at org.springframework.web.filter.OncePerRequestFilter.doFilter(OncePerRequestFilter.java:116)
	at org.apache.catalina.core.ApplicationFilterChain.internalDoFilter(ApplicationFilterChain.java:164)
	at org.apache.catalina.core.ApplicationFilterChain.doFilter(ApplicationFilterChain.java:140)
	at org.springframework.web.filter.CharacterEncodingFilter.doFilterInternal(CharacterEncodingFilter.java:201)
	at org.springframework.web.filter.OncePerRequestFilter.doFilter(OncePerRequestFilter.java:116)
	at org.apache.catalina.core.ApplicationFilterChain.internalDoFilter(ApplicationFilterChain.java:164)
	at org.apache.catalina.core.ApplicationFilterChain.doFilter(ApplicationFilterChain.java:140)
	at org.apache.catalina.core.StandardWrapperValve.invoke(StandardWrapperValve.java:167)
	at org.apache.catalina.core.StandardContextValve.invoke(StandardContextValve.java:90)
	at org.apache.catalina.authenticator.AuthenticatorBase.invoke(AuthenticatorBase.java:483)
	at org.apache.catalina.core.StandardHostValve.invoke(StandardHostValve.java:115)
	at org.apache.catalina.valves.ErrorReportValve.invoke(ErrorReportValve.java:93)
	at org.apache.catalina.core.StandardEngineValve.invoke(StandardEngineValve.java:74)
	at org.apache.catalina.connector.CoyoteAdapter.service(CoyoteAdapter.java:344)
	at org.apache.coyote.http11.Http11Processor.service(Http11Processor.java:389)
	at org.apache.coyote.AbstractProcessorLight.process(AbstractProcessorLight.java:63)
	at org.apache.coyote.AbstractProtocol$ConnectionHandler.process(AbstractProtocol.java:904)
	at org.apache.tomcat.util.net.NioEndpoint$SocketProcessor.doRun(NioEndpoint.java:1741)
	at org.apache.tomcat.util.net.SocketProcessorBase.run(SocketProcessorBase.java:52)
	at org.apache.tomcat.util.threads.ThreadPoolExecutor.runWorker(ThreadPoolExecutor.java:1190)
	at org.apache.tomcat.util.threads.ThreadPoolExecutor$Worker.run(ThreadPoolExecutor.java:659)
	at org.apache.tomcat.util.threads.TaskThread$WrappingRunnable.run(TaskThread.java:63)
	at java.base/java.lang.Thread.run(Thread.java:833)
2024-08-13 06:18:41,438 DEBUG o.s.s.w.FilterChainProxy [http-nio-7777-exec-9] Securing GET /error
2024-08-13 06:18:41,438 DEBUG o.s.s.w.a.AnonymousAuthenticationFilter [http-nio-7777-exec-9] Set SecurityContextHolder to anonymous SecurityContext
2024-08-13 06:18:41,438 DEBUG o.s.s.w.a.Http403ForbiddenEntryPoint [http-nio-7777-exec-9] Pre-authenticated entry point called. Rejecting access
2024-08-13 06:18:50,555 DEBUG o.s.s.w.FilterChainProxy [http-nio-7777-exec-1] Securing OPTIONS /api/auth/login
2024-08-13 06:18:50,563 DEBUG o.s.s.w.FilterChainProxy [http-nio-7777-exec-3] Securing POST /api/auth/login
2024-08-13 06:18:50,595 DEBUG o.s.s.w.a.AnonymousAuthenticationFilter [http-nio-7777-exec-3] Set SecurityContextHolder to anonymous SecurityContext
2024-08-13 06:18:50,595 DEBUG o.s.s.w.FilterChainProxy [http-nio-7777-exec-3] Secured POST /api/auth/login
2024-08-13 06:18:52,535 DEBUG o.s.s.a.d.AbstractUserDetailsAuthenticationProvider [http-nio-7777-exec-3] Authenticated user
2024-08-13 06:18:54,076 DEBUG o.s.s.w.FilterChainProxy [http-nio-7777-exec-5] Securing OPTIONS /api/users/email/shaikhaniscoder07@gmail.com
2024-08-13 06:18:54,084 DEBUG o.s.s.w.FilterChainProxy [http-nio-7777-exec-4] Securing OPTIONS /api/users/email/shaikhaniscoder07@gmail.com
2024-08-13 06:18:54,092 DEBUG o.s.s.w.FilterChainProxy [http-nio-7777-exec-7] Securing GET /api/users/email/shaikhaniscoder07@gmail.com
2024-08-13 06:18:55,065 DEBUG o.s.s.w.FilterChainProxy [http-nio-7777-exec-7] Secured GET /api/users/email/shaikhaniscoder07@gmail.com
2024-08-13 06:18:55,331 DEBUG o.s.s.w.FilterChainProxy [http-nio-7777-exec-6] Securing GET /api/users/email/shaikhaniscoder07@gmail.com
2024-08-13 06:18:55,504 DEBUG o.s.s.w.FilterChainProxy [http-nio-7777-exec-6] Secured GET /api/users/email/shaikhaniscoder07@gmail.com
2024-08-13 06:18:57,021 DEBUG o.s.s.w.FilterChainProxy [http-nio-7777-exec-9] Securing OPTIONS /api/user/companies
2024-08-13 06:18:57,021 DEBUG o.s.s.w.FilterChainProxy [http-nio-7777-exec-2] Securing OPTIONS /api/user/companies
2024-08-13 06:18:57,062 DEBUG o.s.s.w.FilterChainProxy [http-nio-7777-exec-10] Securing GET /api/user/companies
2024-08-13 06:18:57,122 DEBUG o.s.s.w.FilterChainProxy [http-nio-7777-exec-10] Secured GET /api/user/companies
2024-08-13 06:18:57,273 DEBUG o.s.s.w.FilterChainProxy [http-nio-7777-exec-1] Securing GET /api/user/companies
2024-08-13 06:18:57,366 DEBUG o.s.s.w.FilterChainProxy [http-nio-7777-exec-1] Secured GET /api/user/companies
2024-08-13 06:19:01,600 DEBUG o.s.s.w.FilterChainProxy [http-nio-7777-exec-4] Securing OPTIONS /api/user/jobs/company/1
2024-08-13 06:19:01,617 DEBUG o.s.s.w.FilterChainProxy [http-nio-7777-exec-7] Securing GET /api/user/jobs/company/1
2024-08-13 06:19:01,647 DEBUG o.s.s.w.FilterChainProxy [http-nio-7777-exec-7] Secured GET /api/user/jobs/company/1
2024-08-13 06:19:11,305 DEBUG o.s.s.w.FilterChainProxy [http-nio-7777-exec-6] Securing OPTIONS /api/user/jobs/company/1
2024-08-13 06:19:11,305 DEBUG o.s.s.w.FilterChainProxy [http-nio-7777-exec-9] Securing GET /api/user/jobs/company/1
2024-08-13 06:19:11,353 DEBUG o.s.s.w.FilterChainProxy [http-nio-7777-exec-9] Secured GET /api/user/jobs/company/1
2024-08-13 06:19:12,651 DEBUG o.s.s.w.FilterChainProxy [http-nio-7777-exec-2] Securing GET /api/user/jobs/company/1
2024-08-13 06:19:12,705 DEBUG o.s.s.w.FilterChainProxy [http-nio-7777-exec-2] Secured GET /api/user/jobs/company/1
2024-08-13 06:19:13,624 DEBUG o.s.s.w.FilterChainProxy [http-nio-7777-exec-10] Securing GET /api/user/jobs/company/1
2024-08-13 06:19:13,661 DEBUG o.s.s.w.FilterChainProxy [http-nio-7777-exec-10] Secured GET /api/user/jobs/company/1
2024-08-13 06:19:15,611 DEBUG o.s.s.w.FilterChainProxy [http-nio-7777-exec-3] Securing GET /api/user/jobs/company/1
2024-08-13 06:19:15,644 DEBUG o.s.s.w.FilterChainProxy [http-nio-7777-exec-3] Secured GET /api/user/jobs/company/1
2024-08-13 06:19:29,247 DEBUG o.s.s.w.FilterChainProxy [http-nio-7777-exec-7] Securing OPTIONS /api/user/companies
2024-08-13 06:19:29,247 DEBUG o.s.s.w.FilterChainProxy [http-nio-7777-exec-4] Securing OPTIONS /api/user/companies
2024-08-13 06:19:29,263 DEBUG o.s.s.w.FilterChainProxy [http-nio-7777-exec-8] Securing GET /api/user/companies
2024-08-13 06:19:29,343 DEBUG o.s.s.w.FilterChainProxy [http-nio-7777-exec-8] Secured GET /api/user/companies
2024-08-13 06:19:29,472 DEBUG o.s.s.w.FilterChainProxy [http-nio-7777-exec-6] Securing GET /api/user/companies
2024-08-13 06:19:29,560 DEBUG o.s.s.w.FilterChainProxy [http-nio-7777-exec-6] Secured GET /api/user/companies
2024-08-13 06:22:58,288 DEBUG o.s.s.w.FilterChainProxy [http-nio-7777-exec-10] Securing OPTIONS /api/user/companies
2024-08-13 06:22:58,288 DEBUG o.s.s.w.FilterChainProxy [http-nio-7777-exec-1] Securing OPTIONS /api/user/companies
2024-08-13 06:23:00,111 DEBUG o.s.s.w.FilterChainProxy [http-nio-7777-exec-5] Securing OPTIONS /api/user/companies
2024-08-13 06:23:00,463 DEBUG o.s.s.w.FilterChainProxy [http-nio-7777-exec-3] Securing OPTIONS /api/user/companies
2024-08-13 06:23:00,713 DEBUG o.s.s.w.FilterChainProxy [http-nio-7777-exec-3] Securing GET /api/user/companies
2024-08-13 06:23:05,193 DEBUG o.s.s.w.FilterChainProxy [http-nio-7777-exec-2] Securing OPTIONS /api/users/all
2024-08-13 06:23:05,258 DEBUG o.s.s.w.FilterChainProxy [http-nio-7777-exec-9] Securing OPTIONS /api/users/all
2024-08-13 06:23:05,374 DEBUG o.s.s.w.FilterChainProxy [http-nio-7777-exec-10] Securing GET /api/users/all
2024-08-13 06:23:06,277 DEBUG o.s.s.w.FilterChainProxy [http-nio-7777-exec-3] Secured GET /api/user/companies
2024-08-13 06:23:06,471 DEBUG o.s.s.w.FilterChainProxy [http-nio-7777-exec-10] Secured GET /api/users/all
2024-08-13 06:23:07,088 DEBUG o.s.s.w.FilterChainProxy [http-nio-7777-exec-5] Securing GET /api/user/companies
2024-08-13 06:23:07,440 DEBUG o.s.s.w.FilterChainProxy [http-nio-7777-exec-7] Securing OPTIONS /api/user/companies
2024-08-13 06:23:07,496 DEBUG o.s.s.w.FilterChainProxy [http-nio-7777-exec-4] Securing OPTIONS /api/user/companies
2024-08-13 06:23:07,512 WARN o.s.w.s.h.AbstractHandlerExceptionResolver [http-nio-7777-exec-10] Resolved [org.springframework.http.converter.HttpMessageNotWritableException: Could not write JSON: Cannot invoke "com.max.quizspring.model.User$Role.name()" because "this.role" is null]
2024-08-13 06:23:07,875 DEBUG o.s.s.w.FilterChainProxy [http-nio-7777-exec-5] Secured GET /api/user/companies
2024-08-13 06:23:08,617 DEBUG o.s.s.w.FilterChainProxy [http-nio-7777-exec-10] Securing GET /error
2024-08-13 06:23:08,821 DEBUG o.s.s.w.FilterChainProxy [http-nio-7777-exec-8] Securing GET /api/user/companies
2024-08-13 06:23:08,621 DEBUG o.s.s.w.a.AnonymousAuthenticationFilter [http-nio-7777-exec-10] Set SecurityContextHolder to anonymous SecurityContext
2024-08-13 06:23:09,230 DEBUG o.s.s.w.FilterChainProxy [http-nio-7777-exec-8] Secured GET /api/user/companies
2024-08-13 06:23:09,510 DEBUG o.s.s.w.a.Http403ForbiddenEntryPoint [http-nio-7777-exec-10] Pre-authenticated entry point called. Rejecting access
2024-08-13 06:23:09,615 DEBUG o.s.s.w.FilterChainProxy [http-nio-7777-exec-6] Securing GET /api/user/companies
2024-08-13 06:23:09,615 DEBUG o.s.s.w.FilterChainProxy [http-nio-7777-exec-2] Securing GET /api/users/all
2024-08-13 06:23:09,961 DEBUG o.s.s.w.FilterChainProxy [http-nio-7777-exec-6] Secured GET /api/user/companies
2024-08-13 06:23:10,077 DEBUG o.s.s.w.FilterChainProxy [http-nio-7777-exec-2] Secured GET /api/users/all
2024-08-13 06:23:10,106 WARN o.s.w.s.h.AbstractHandlerExceptionResolver [http-nio-7777-exec-2] Resolved [org.springframework.http.converter.HttpMessageNotWritableException: Could not write JSON: Cannot invoke "com.max.quizspring.model.User$Role.name()" because "this.role" is null]
2024-08-13 06:23:10,120 DEBUG o.s.s.w.FilterChainProxy [http-nio-7777-exec-2] Securing GET /error
2024-08-13 06:23:10,186 DEBUG o.s.s.w.a.AnonymousAuthenticationFilter [http-nio-7777-exec-2] Set SecurityContextHolder to anonymous SecurityContext
2024-08-13 06:23:10,218 DEBUG o.s.s.w.a.Http403ForbiddenEntryPoint [http-nio-7777-exec-2] Pre-authenticated entry point called. Rejecting access
2024-08-13 06:23:19,234 DEBUG o.s.s.w.FilterChainProxy [http-nio-7777-exec-4] Securing OPTIONS /api/user/jobs/company/1
2024-08-13 06:23:19,271 DEBUG o.s.s.w.FilterChainProxy [http-nio-7777-exec-5] Securing GET /api/user/jobs/company/1
2024-08-13 06:23:19,390 DEBUG o.s.s.w.FilterChainProxy [http-nio-7777-exec-5] Secured GET /api/user/jobs/company/1
2024-08-13 06:23:24,921 DEBUG o.s.s.w.FilterChainProxy [http-nio-7777-exec-10] Securing OPTIONS /api/user/jobs/company/1
2024-08-13 06:23:24,921 DEBUG o.s.s.w.FilterChainProxy [http-nio-7777-exec-6] Securing GET /api/user/jobs/company/1
2024-08-13 06:23:24,960 DEBUG o.s.s.w.FilterChainProxy [http-nio-7777-exec-6] Secured GET /api/user/jobs/company/1
2024-08-13 06:23:34,004 DEBUG o.s.s.w.FilterChainProxy [http-nio-7777-exec-3] Securing OPTIONS /api/user/jobs/company/1
2024-08-13 06:23:34,014 DEBUG o.s.s.w.FilterChainProxy [http-nio-7777-exec-1] Securing GET /api/user/jobs/company/1
2024-08-13 06:23:34,050 DEBUG o.s.s.w.FilterChainProxy [http-nio-7777-exec-1] Secured GET /api/user/jobs/company/1
2024-08-13 06:23:38,423 DEBUG o.s.s.w.FilterChainProxy [http-nio-7777-exec-7] Securing GET /api/user/jobs/company/1
2024-08-13 06:23:38,445 DEBUG o.s.s.w.FilterChainProxy [http-nio-7777-exec-7] Secured GET /api/user/jobs/company/1
2024-08-13 06:23:45,244 DEBUG o.s.s.w.FilterChainProxy [http-nio-7777-exec-5] Securing OPTIONS /api/user/jobs/company/1
2024-08-13 06:23:45,285 DEBUG o.s.s.w.FilterChainProxy [http-nio-7777-exec-8] Securing GET /api/user/jobs/company/1
2024-08-13 06:23:45,324 DEBUG o.s.s.w.FilterChainProxy [http-nio-7777-exec-8] Secured GET /api/user/jobs/company/1
2024-08-13 06:24:03,552 DEBUG o.s.s.w.FilterChainProxy [http-nio-7777-exec-6] Securing OPTIONS /api/user/jobs/company/1
2024-08-13 06:24:03,567 DEBUG o.s.s.w.FilterChainProxy [http-nio-7777-exec-2] Securing GET /api/user/jobs/company/1
2024-08-13 06:24:03,614 DEBUG o.s.s.w.FilterChainProxy [http-nio-7777-exec-2] Secured GET /api/user/jobs/company/1
2024-08-13 06:49:27,691 DEBUG o.s.s.w.FilterChainProxy [http-nio-7777-exec-9] Securing OPTIONS /api/user/companies
2024-08-13 06:49:27,691 DEBUG o.s.s.w.FilterChainProxy [http-nio-7777-exec-1] Securing OPTIONS /api/user/companies
2024-08-13 06:49:29,015 DEBUG o.s.s.w.FilterChainProxy [http-nio-7777-exec-9] Securing GET /api/user/companies
2024-08-13 06:49:31,100 ERROR o.a.j.l.DirectJDKLog [http-nio-7777-exec-9] Servlet.service() for servlet [dispatcherServlet] in context with path [] threw exception
io.jsonwebtoken.ExpiredJwtException: JWT expired at 2024-08-13T00:58:57Z. Current time: 2024-08-13T01:19:30Z, a difference of 1233105 milliseconds.  Allowed clock skew: 0 milliseconds.
	at io.jsonwebtoken.impl.DefaultJwtParser.parse(DefaultJwtParser.java:427)
	at io.jsonwebtoken.impl.DefaultJwtParser.parse(DefaultJwtParser.java:529)
	at io.jsonwebtoken.impl.DefaultJwtParser.parseClaimsJws(DefaultJwtParser.java:589)
	at io.jsonwebtoken.impl.ImmutableJwtParser.parseClaimsJws(ImmutableJwtParser.java:173)
	at com.max.quizspring.config.JwtToken.extractAllClaims(JwtToken.java:36)
	at com.max.quizspring.config.JwtToken.extraClaim(JwtToken.java:31)
	at com.max.quizspring.config.JwtToken.extractUsername(JwtToken.java:23)
	at com.max.quizspring.config.JwtAuthenticationFilter.doFilterInternal(JwtAuthenticationFilter.java:41)
	at org.springframework.web.filter.OncePerRequestFilter.doFilter(OncePerRequestFilter.java:116)
	at org.springframework.security.web.FilterChainProxy$VirtualFilterChain.doFilter(FilterChainProxy.java:374)
	at org.springframework.security.web.authentication.logout.LogoutFilter.doFilter(LogoutFilter.java:107)
	at org.springframework.security.web.authentication.logout.LogoutFilter.doFilter(LogoutFilter.java:93)
	at org.springframework.security.web.FilterChainProxy$VirtualFilterChain.doFilter(FilterChainProxy.java:374)
	at org.springframework.web.filter.CorsFilter.doFilterInternal(CorsFilter.java:91)
	at org.springframework.web.filter.OncePerRequestFilter.doFilter(OncePerRequestFilter.java:116)
	at org.springframework.security.web.FilterChainProxy$VirtualFilterChain.doFilter(FilterChainProxy.java:374)
	at org.springframework.security.web.header.HeaderWriterFilter.doHeadersAfter(HeaderWriterFilter.java:90)
	at org.springframework.security.web.header.HeaderWriterFilter.doFilterInternal(HeaderWriterFilter.java:75)
	at org.springframework.web.filter.OncePerRequestFilter.doFilter(OncePerRequestFilter.java:116)
	at org.springframework.security.web.FilterChainProxy$VirtualFilterChain.doFilter(FilterChainProxy.java:374)
	at org.springframework.security.web.context.SecurityContextHolderFilter.doFilter(SecurityContextHolderFilter.java:82)
	at org.springframework.security.web.context.SecurityContextHolderFilter.doFilter(SecurityContextHolderFilter.java:69)
	at org.springframework.security.web.FilterChainProxy$VirtualFilterChain.doFilter(FilterChainProxy.java:374)
	at org.springframework.security.web.context.request.async.WebAsyncManagerIntegrationFilter.doFilterInternal(WebAsyncManagerIntegrationFilter.java:62)
	at org.springframework.web.filter.OncePerRequestFilter.doFilter(OncePerRequestFilter.java:116)
	at org.springframework.security.web.FilterChainProxy$VirtualFilterChain.doFilter(FilterChainProxy.java:374)
	at org.springframework.security.web.session.DisableEncodeUrlFilter.doFilterInternal(DisableEncodeUrlFilter.java:42)
	at org.springframework.web.filter.OncePerRequestFilter.doFilter(OncePerRequestFilter.java:116)
	at org.springframework.security.web.FilterChainProxy$VirtualFilterChain.doFilter(FilterChainProxy.java:374)
	at org.springframework.security.web.FilterChainProxy.doFilterInternal(FilterChainProxy.java:233)
	at org.springframework.security.web.FilterChainProxy.doFilter(FilterChainProxy.java:191)
	at org.springframework.web.filter.CompositeFilter$VirtualFilterChain.doFilter(CompositeFilter.java:113)
	at org.springframework.web.servlet.handler.HandlerMappingIntrospector.lambda$createCacheFilter$3(HandlerMappingIntrospector.java:195)
	at org.springframework.web.filter.CompositeFilter$VirtualFilterChain.doFilter(CompositeFilter.java:113)
	at org.springframework.web.filter.CompositeFilter.doFilter(CompositeFilter.java:74)
	at org.springframework.security.config.annotation.web.configuration.WebMvcSecurityConfiguration$CompositeFilterChainProxy.doFilter(WebMvcSecurityConfiguration.java:230)
	at org.springframework.web.filter.DelegatingFilterProxy.invokeDelegate(DelegatingFilterProxy.java:352)
	at org.springframework.web.filter.DelegatingFilterProxy.doFilter(DelegatingFilterProxy.java:268)
	at org.apache.catalina.core.ApplicationFilterChain.internalDoFilter(ApplicationFilterChain.java:164)
	at org.apache.catalina.core.ApplicationFilterChain.doFilter(ApplicationFilterChain.java:140)
	at org.springframework.web.filter.RequestContextFilter.doFilterInternal(RequestContextFilter.java:100)
	at org.springframework.web.filter.OncePerRequestFilter.doFilter(OncePerRequestFilter.java:116)
	at org.apache.catalina.core.ApplicationFilterChain.internalDoFilter(ApplicationFilterChain.java:164)
	at org.apache.catalina.core.ApplicationFilterChain.doFilter(ApplicationFilterChain.java:140)
	at org.springframework.web.filter.FormContentFilter.doFilterInternal(FormContentFilter.java:93)
	at org.springframework.web.filter.OncePerRequestFilter.doFilter(OncePerRequestFilter.java:116)
	at org.apache.catalina.core.ApplicationFilterChain.internalDoFilter(ApplicationFilterChain.java:164)
	at org.apache.catalina.core.ApplicationFilterChain.doFilter(ApplicationFilterChain.java:140)
	at org.springframework.web.filter.CharacterEncodingFilter.doFilterInternal(CharacterEncodingFilter.java:201)
	at org.springframework.web.filter.OncePerRequestFilter.doFilter(OncePerRequestFilter.java:116)
	at org.apache.catalina.core.ApplicationFilterChain.internalDoFilter(ApplicationFilterChain.java:164)
	at org.apache.catalina.core.ApplicationFilterChain.doFilter(ApplicationFilterChain.java:140)
	at org.apache.catalina.core.StandardWrapperValve.invoke(StandardWrapperValve.java:167)
	at org.apache.catalina.core.StandardContextValve.invoke(StandardContextValve.java:90)
	at org.apache.catalina.authenticator.AuthenticatorBase.invoke(AuthenticatorBase.java:483)
	at org.apache.catalina.core.StandardHostValve.invoke(StandardHostValve.java:115)
	at org.apache.catalina.valves.ErrorReportValve.invoke(ErrorReportValve.java:93)
	at org.apache.catalina.core.StandardEngineValve.invoke(StandardEngineValve.java:74)
	at org.apache.catalina.connector.CoyoteAdapter.service(CoyoteAdapter.java:344)
	at org.apache.coyote.http11.Http11Processor.service(Http11Processor.java:389)
	at org.apache.coyote.AbstractProcessorLight.process(AbstractProcessorLight.java:63)
	at org.apache.coyote.AbstractProtocol$ConnectionHandler.process(AbstractProtocol.java:904)
	at org.apache.tomcat.util.net.NioEndpoint$SocketProcessor.doRun(NioEndpoint.java:1741)
	at org.apache.tomcat.util.net.SocketProcessorBase.run(SocketProcessorBase.java:52)
	at org.apache.tomcat.util.threads.ThreadPoolExecutor.runWorker(ThreadPoolExecutor.java:1190)
	at org.apache.tomcat.util.threads.ThreadPoolExecutor$Worker.run(ThreadPoolExecutor.java:659)
	at org.apache.tomcat.util.threads.TaskThread$WrappingRunnable.run(TaskThread.java:63)
	at java.base/java.lang.Thread.run(Thread.java:833)
2024-08-13 06:49:32,119 DEBUG o.s.s.w.FilterChainProxy [http-nio-7777-exec-9] Securing GET /error
2024-08-13 06:49:32,182 DEBUG o.s.s.w.a.AnonymousAuthenticationFilter [http-nio-7777-exec-9] Set SecurityContextHolder to anonymous SecurityContext
2024-08-13 06:49:32,286 DEBUG o.s.s.w.a.Http403ForbiddenEntryPoint [http-nio-7777-exec-9] Pre-authenticated entry point called. Rejecting access
2024-08-13 06:49:32,384 DEBUG o.s.s.w.FilterChainProxy [http-nio-7777-exec-7] Securing GET /api/user/companies
2024-08-13 06:49:32,689 ERROR o.a.j.l.DirectJDKLog [http-nio-7777-exec-7] Servlet.service() for servlet [dispatcherServlet] in context with path [] threw exception
io.jsonwebtoken.ExpiredJwtException: JWT expired at 2024-08-13T00:58:57Z. Current time: 2024-08-13T01:19:32Z, a difference of 1235626 milliseconds.  Allowed clock skew: 0 milliseconds.
	at io.jsonwebtoken.impl.DefaultJwtParser.parse(DefaultJwtParser.java:427)
	at io.jsonwebtoken.impl.DefaultJwtParser.parse(DefaultJwtParser.java:529)
	at io.jsonwebtoken.impl.DefaultJwtParser.parseClaimsJws(DefaultJwtParser.java:589)
	at io.jsonwebtoken.impl.ImmutableJwtParser.parseClaimsJws(ImmutableJwtParser.java:173)
	at com.max.quizspring.config.JwtToken.extractAllClaims(JwtToken.java:36)
	at com.max.quizspring.config.JwtToken.extraClaim(JwtToken.java:31)
	at com.max.quizspring.config.JwtToken.extractUsername(JwtToken.java:23)
	at com.max.quizspring.config.JwtAuthenticationFilter.doFilterInternal(JwtAuthenticationFilter.java:41)
	at org.springframework.web.filter.OncePerRequestFilter.doFilter(OncePerRequestFilter.java:116)
	at org.springframework.security.web.FilterChainProxy$VirtualFilterChain.doFilter(FilterChainProxy.java:374)
	at org.springframework.security.web.authentication.logout.LogoutFilter.doFilter(LogoutFilter.java:107)
	at org.springframework.security.web.authentication.logout.LogoutFilter.doFilter(LogoutFilter.java:93)
	at org.springframework.security.web.FilterChainProxy$VirtualFilterChain.doFilter(FilterChainProxy.java:374)
	at org.springframework.web.filter.CorsFilter.doFilterInternal(CorsFilter.java:91)
	at org.springframework.web.filter.OncePerRequestFilter.doFilter(OncePerRequestFilter.java:116)
	at org.springframework.security.web.FilterChainProxy$VirtualFilterChain.doFilter(FilterChainProxy.java:374)
	at org.springframework.security.web.header.HeaderWriterFilter.doHeadersAfter(HeaderWriterFilter.java:90)
	at org.springframework.security.web.header.HeaderWriterFilter.doFilterInternal(HeaderWriterFilter.java:75)
	at org.springframework.web.filter.OncePerRequestFilter.doFilter(OncePerRequestFilter.java:116)
	at org.springframework.security.web.FilterChainProxy$VirtualFilterChain.doFilter(FilterChainProxy.java:374)
	at org.springframework.security.web.context.SecurityContextHolderFilter.doFilter(SecurityContextHolderFilter.java:82)
	at org.springframework.security.web.context.SecurityContextHolderFilter.doFilter(SecurityContextHolderFilter.java:69)
	at org.springframework.security.web.FilterChainProxy$VirtualFilterChain.doFilter(FilterChainProxy.java:374)
	at org.springframework.security.web.context.request.async.WebAsyncManagerIntegrationFilter.doFilterInternal(WebAsyncManagerIntegrationFilter.java:62)
	at org.springframework.web.filter.OncePerRequestFilter.doFilter(OncePerRequestFilter.java:116)
	at org.springframework.security.web.FilterChainProxy$VirtualFilterChain.doFilter(FilterChainProxy.java:374)
	at org.springframework.security.web.session.DisableEncodeUrlFilter.doFilterInternal(DisableEncodeUrlFilter.java:42)
	at org.springframework.web.filter.OncePerRequestFilter.doFilter(OncePerRequestFilter.java:116)
	at org.springframework.security.web.FilterChainProxy$VirtualFilterChain.doFilter(FilterChainProxy.java:374)
	at org.springframework.security.web.FilterChainProxy.doFilterInternal(FilterChainProxy.java:233)
	at org.springframework.security.web.FilterChainProxy.doFilter(FilterChainProxy.java:191)
	at org.springframework.web.filter.CompositeFilter$VirtualFilterChain.doFilter(CompositeFilter.java:113)
	at org.springframework.web.servlet.handler.HandlerMappingIntrospector.lambda$createCacheFilter$3(HandlerMappingIntrospector.java:195)
	at org.springframework.web.filter.CompositeFilter$VirtualFilterChain.doFilter(CompositeFilter.java:113)
	at org.springframework.web.filter.CompositeFilter.doFilter(CompositeFilter.java:74)
	at org.springframework.security.config.annotation.web.configuration.WebMvcSecurityConfiguration$CompositeFilterChainProxy.doFilter(WebMvcSecurityConfiguration.java:230)
	at org.springframework.web.filter.DelegatingFilterProxy.invokeDelegate(DelegatingFilterProxy.java:352)
	at org.springframework.web.filter.DelegatingFilterProxy.doFilter(DelegatingFilterProxy.java:268)
	at org.apache.catalina.core.ApplicationFilterChain.internalDoFilter(ApplicationFilterChain.java:164)
	at org.apache.catalina.core.ApplicationFilterChain.doFilter(ApplicationFilterChain.java:140)
	at org.springframework.web.filter.RequestContextFilter.doFilterInternal(RequestContextFilter.java:100)
	at org.springframework.web.filter.OncePerRequestFilter.doFilter(OncePerRequestFilter.java:116)
	at org.apache.catalina.core.ApplicationFilterChain.internalDoFilter(ApplicationFilterChain.java:164)
	at org.apache.catalina.core.ApplicationFilterChain.doFilter(ApplicationFilterChain.java:140)
	at org.springframework.web.filter.FormContentFilter.doFilterInternal(FormContentFilter.java:93)
	at org.springframework.web.filter.OncePerRequestFilter.doFilter(OncePerRequestFilter.java:116)
	at org.apache.catalina.core.ApplicationFilterChain.internalDoFilter(ApplicationFilterChain.java:164)
	at org.apache.catalina.core.ApplicationFilterChain.doFilter(ApplicationFilterChain.java:140)
	at org.springframework.web.filter.CharacterEncodingFilter.doFilterInternal(CharacterEncodingFilter.java:201)
	at org.springframework.web.filter.OncePerRequestFilter.doFilter(OncePerRequestFilter.java:116)
	at org.apache.catalina.core.ApplicationFilterChain.internalDoFilter(ApplicationFilterChain.java:164)
	at org.apache.catalina.core.ApplicationFilterChain.doFilter(ApplicationFilterChain.java:140)
	at org.apache.catalina.core.StandardWrapperValve.invoke(StandardWrapperValve.java:167)
	at org.apache.catalina.core.StandardContextValve.invoke(StandardContextValve.java:90)
	at org.apache.catalina.authenticator.AuthenticatorBase.invoke(AuthenticatorBase.java:483)
	at org.apache.catalina.core.StandardHostValve.invoke(StandardHostValve.java:115)
	at org.apache.catalina.valves.ErrorReportValve.invoke(ErrorReportValve.java:93)
	at org.apache.catalina.core.StandardEngineValve.invoke(StandardEngineValve.java:74)
	at org.apache.catalina.connector.CoyoteAdapter.service(CoyoteAdapter.java:344)
	at org.apache.coyote.http11.Http11Processor.service(Http11Processor.java:389)
	at org.apache.coyote.AbstractProcessorLight.process(AbstractProcessorLight.java:63)
	at org.apache.coyote.AbstractProtocol$ConnectionHandler.process(AbstractProtocol.java:904)
	at org.apache.tomcat.util.net.NioEndpoint$SocketProcessor.doRun(NioEndpoint.java:1741)
	at org.apache.tomcat.util.net.SocketProcessorBase.run(SocketProcessorBase.java:52)
	at org.apache.tomcat.util.threads.ThreadPoolExecutor.runWorker(ThreadPoolExecutor.java:1190)
	at org.apache.tomcat.util.threads.ThreadPoolExecutor$Worker.run(ThreadPoolExecutor.java:659)
	at org.apache.tomcat.util.threads.TaskThread$WrappingRunnable.run(TaskThread.java:63)
	at java.base/java.lang.Thread.run(Thread.java:833)
2024-08-13 06:49:32,732 DEBUG o.s.s.w.FilterChainProxy [http-nio-7777-exec-7] Securing GET /error
2024-08-13 06:49:32,732 DEBUG o.s.s.w.a.AnonymousAuthenticationFilter [http-nio-7777-exec-7] Set SecurityContextHolder to anonymous SecurityContext
2024-08-13 06:49:32,732 DEBUG o.s.s.w.a.Http403ForbiddenEntryPoint [http-nio-7777-exec-7] Pre-authenticated entry point called. Rejecting access
2024-08-13 06:50:18,159 INFO o.s.b.d.a.LocalDevToolsAutoConfiguration$RestartingClassPathChangeChangedEventListener [File Watcher] Restarting due to 1 class path change (0 additions, 0 deletions, 1 modification)
2024-08-13 06:50:22,345 INFO o.a.j.l.DirectJDKLog [Thread-33] Stopping ProtocolHandler ["http-nio-7777"]
2024-08-13 06:50:23,108 INFO o.s.o.j.AbstractEntityManagerFactoryBean [Thread-33] Closing JPA EntityManagerFactory for persistence unit 'default'
2024-08-13 06:50:23,139 INFO c.z.h.HikariDataSource [Thread-33] HikariPool-9 - Shutdown initiated...
2024-08-13 06:50:23,280 INFO c.z.h.HikariDataSource [Thread-33] HikariPool-9 - Shutdown completed.
2024-08-13 06:50:24,624 INFO o.s.b.StartupInfoLogger [restartedMain] Starting QuizspringApplication using Java 17.0.7 with PID 9184 (C:\Users\johnb\Desktop\Security-template\Spring-Security-Template-V4\target\classes started by johnb in C:\Users\johnb\Desktop\Security-template\Spring-Security-Template-V4)
2024-08-13 06:50:24,694 INFO o.s.b.SpringApplication [restartedMain] No active profile set, falling back to 1 default profile: "default"
2024-08-13 06:50:28,360 INFO o.s.d.r.c.RepositoryConfigurationDelegate [restartedMain] Bootstrapping Spring Data JPA repositories in DEFAULT mode.
2024-08-13 06:50:28,609 INFO o.s.d.r.c.RepositoryConfigurationDelegate [restartedMain] Finished Spring Data repository scanning in 249 ms. Found 5 JPA repository interfaces.
2024-08-13 06:50:29,390 INFO o.s.b.w.e.t.TomcatWebServer [restartedMain] Tomcat initialized with port 7777 (http)
2024-08-13 06:50:29,405 INFO o.a.j.l.DirectJDKLog [restartedMain] Initializing ProtocolHandler ["http-nio-7777"]
2024-08-13 06:50:29,430 INFO o.a.j.l.DirectJDKLog [restartedMain] Starting service [Tomcat]
2024-08-13 06:50:29,436 INFO o.a.j.l.DirectJDKLog [restartedMain] Starting Servlet engine: [Apache Tomcat/10.1.26]
2024-08-13 06:50:29,573 INFO o.a.j.l.DirectJDKLog [restartedMain] Initializing Spring embedded WebApplicationContext
2024-08-13 06:50:29,573 INFO o.s.b.w.s.c.ServletWebServerApplicationContext [restartedMain] Root WebApplicationContext: initialization completed in 4757 ms
2024-08-13 06:50:29,831 INFO o.h.j.i.u.LogHelper [restartedMain] HHH000204: Processing PersistenceUnitInfo [name: default]
2024-08-13 06:50:29,846 INFO o.h.c.i.RegionFactoryInitiator [restartedMain] HHH000026: Second-level cache disabled
2024-08-13 06:50:29,903 INFO o.s.o.j.p.SpringPersistenceUnitInfo [restartedMain] No LoadTimeWeaver setup: ignoring JPA class transformer
2024-08-13 06:50:29,903 INFO c.z.h.HikariDataSource [restartedMain] HikariPool-10 - Starting...
2024-08-13 06:50:30,136 INFO c.z.h.p.HikariPool [restartedMain] HikariPool-10 - Added connection com.mysql.cj.jdbc.ConnectionImpl@3ddd60cf
2024-08-13 06:50:30,136 INFO c.z.h.HikariDataSource [restartedMain] HikariPool-10 - Start completed.
2024-08-13 06:50:30,151 WARN o.h.e.j.d.i.DialectFactoryImpl [restartedMain] HHH90000025: MySQLDialect does not need to be specified explicitly using 'hibernate.dialect' (remove the property setting and it will be selected by default)
2024-08-13 06:50:30,628 INFO o.h.e.t.j.p.i.JtaPlatformInitiator [restartedMain] HHH000489: No JTA platform available (set 'hibernate.transaction.jta.platform' to enable JTA platform integration)
2024-08-13 06:50:31,019 INFO o.s.o.j.AbstractEntityManagerFactoryBean [restartedMain] Initialized JPA EntityManagerFactory for persistence unit 'default'
2024-08-13 06:50:31,375 INFO o.s.s.c.a.a.c.InitializeUserDetailsBeanManagerConfigurer$InitializeUserDetailsManagerConfigurer [restartedMain] Global AuthenticationManager configured with UserDetailsService bean with name userDetailsService
2024-08-13 06:50:31,644 WARN o.s.b.a.o.j.JpaBaseConfiguration$JpaWebConfiguration [restartedMain] spring.jpa.open-in-view is enabled by default. Therefore, database queries may be performed during view rendering. Explicitly configure spring.jpa.open-in-view to disable this warning
2024-08-13 06:50:32,117 DEBUG o.s.s.w.DefaultSecurityFilterChain [restartedMain] Will secure any request with filters: DisableEncodeUrlFilter, WebAsyncManagerIntegrationFilter, SecurityContextHolderFilter, HeaderWriterFilter, CorsFilter, LogoutFilter, JwtAuthenticationFilter, RequestCacheAwareFilter, SecurityContextHolderAwareRequestFilter, AnonymousAuthenticationFilter, SessionManagementFilter, ExceptionTranslationFilter, AuthorizationFilter
2024-08-13 06:50:32,351 INFO o.s.b.d.a.OptionalLiveReloadServer [restartedMain] LiveReload server is running on port 35729
2024-08-13 06:50:32,475 INFO o.a.j.l.DirectJDKLog [restartedMain] Starting ProtocolHandler ["http-nio-7777"]
2024-08-13 06:50:32,519 INFO o.s.b.w.e.t.TomcatWebServer [restartedMain] Tomcat started on port 7777 (http) with context path '/'
2024-08-13 06:50:32,558 INFO o.s.b.StartupInfoLogger [restartedMain] Started QuizspringApplication in 8.744 seconds (process running for 6613.966)
2024-08-13 06:50:32,598 INFO o.s.b.d.a.ConditionEvaluationDeltaLoggingListener [restartedMain] Condition evaluation unchanged
2024-08-13 06:51:11,860 INFO o.a.j.l.DirectJDKLog [http-nio-7777-exec-3] Initializing Spring DispatcherServlet 'dispatcherServlet'
2024-08-13 06:51:11,869 INFO o.s.w.s.FrameworkServlet [http-nio-7777-exec-3] Initializing Servlet 'dispatcherServlet'
2024-08-13 06:51:11,908 INFO o.s.w.s.FrameworkServlet [http-nio-7777-exec-3] Completed initialization in 38 ms
2024-08-13 06:51:11,962 DEBUG o.s.s.w.FilterChainProxy [http-nio-7777-exec-2] Securing OPTIONS /api/users/email/shaikhaniscoder07@gmail.com
2024-08-13 06:51:11,962 DEBUG o.s.s.w.FilterChainProxy [http-nio-7777-exec-3] Securing OPTIONS /api/users/email/shaikhaniscoder07@gmail.com
2024-08-13 06:51:12,032 DEBUG o.s.s.w.FilterChainProxy [http-nio-7777-exec-4] Securing GET /api/users/email/shaikhaniscoder07@gmail.com
2024-08-13 06:51:12,196 ERROR o.a.j.l.DirectJDKLog [http-nio-7777-exec-4] Servlet.service() for servlet [dispatcherServlet] in context with path [] threw exception
io.jsonwebtoken.ExpiredJwtException: JWT expired at 2024-08-13T00:58:57Z. Current time: 2024-08-13T01:21:12Z, a difference of 1335196 milliseconds.  Allowed clock skew: 0 milliseconds.
	at io.jsonwebtoken.impl.DefaultJwtParser.parse(DefaultJwtParser.java:427)
	at io.jsonwebtoken.impl.DefaultJwtParser.parse(DefaultJwtParser.java:529)
	at io.jsonwebtoken.impl.DefaultJwtParser.parseClaimsJws(DefaultJwtParser.java:589)
	at io.jsonwebtoken.impl.ImmutableJwtParser.parseClaimsJws(ImmutableJwtParser.java:173)
	at com.max.quizspring.config.JwtToken.extractAllClaims(JwtToken.java:36)
	at com.max.quizspring.config.JwtToken.extraClaim(JwtToken.java:31)
	at com.max.quizspring.config.JwtToken.extractUsername(JwtToken.java:23)
	at com.max.quizspring.config.JwtAuthenticationFilter.doFilterInternal(JwtAuthenticationFilter.java:41)
	at org.springframework.web.filter.OncePerRequestFilter.doFilter(OncePerRequestFilter.java:116)
	at org.springframework.security.web.FilterChainProxy$VirtualFilterChain.doFilter(FilterChainProxy.java:374)
	at org.springframework.security.web.authentication.logout.LogoutFilter.doFilter(LogoutFilter.java:107)
	at org.springframework.security.web.authentication.logout.LogoutFilter.doFilter(LogoutFilter.java:93)
	at org.springframework.security.web.FilterChainProxy$VirtualFilterChain.doFilter(FilterChainProxy.java:374)
	at org.springframework.web.filter.CorsFilter.doFilterInternal(CorsFilter.java:91)
	at org.springframework.web.filter.OncePerRequestFilter.doFilter(OncePerRequestFilter.java:116)
	at org.springframework.security.web.FilterChainProxy$VirtualFilterChain.doFilter(FilterChainProxy.java:374)
	at org.springframework.security.web.header.HeaderWriterFilter.doHeadersAfter(HeaderWriterFilter.java:90)
	at org.springframework.security.web.header.HeaderWriterFilter.doFilterInternal(HeaderWriterFilter.java:75)
	at org.springframework.web.filter.OncePerRequestFilter.doFilter(OncePerRequestFilter.java:116)
	at org.springframework.security.web.FilterChainProxy$VirtualFilterChain.doFilter(FilterChainProxy.java:374)
	at org.springframework.security.web.context.SecurityContextHolderFilter.doFilter(SecurityContextHolderFilter.java:82)
	at org.springframework.security.web.context.SecurityContextHolderFilter.doFilter(SecurityContextHolderFilter.java:69)
	at org.springframework.security.web.FilterChainProxy$VirtualFilterChain.doFilter(FilterChainProxy.java:374)
	at org.springframework.security.web.context.request.async.WebAsyncManagerIntegrationFilter.doFilterInternal(WebAsyncManagerIntegrationFilter.java:62)
	at org.springframework.web.filter.OncePerRequestFilter.doFilter(OncePerRequestFilter.java:116)
	at org.springframework.security.web.FilterChainProxy$VirtualFilterChain.doFilter(FilterChainProxy.java:374)
	at org.springframework.security.web.session.DisableEncodeUrlFilter.doFilterInternal(DisableEncodeUrlFilter.java:42)
	at org.springframework.web.filter.OncePerRequestFilter.doFilter(OncePerRequestFilter.java:116)
	at org.springframework.security.web.FilterChainProxy$VirtualFilterChain.doFilter(FilterChainProxy.java:374)
	at org.springframework.security.web.FilterChainProxy.doFilterInternal(FilterChainProxy.java:233)
	at org.springframework.security.web.FilterChainProxy.doFilter(FilterChainProxy.java:191)
	at org.springframework.web.filter.CompositeFilter$VirtualFilterChain.doFilter(CompositeFilter.java:113)
	at org.springframework.web.servlet.handler.HandlerMappingIntrospector.lambda$createCacheFilter$3(HandlerMappingIntrospector.java:195)
	at org.springframework.web.filter.CompositeFilter$VirtualFilterChain.doFilter(CompositeFilter.java:113)
	at org.springframework.web.filter.CompositeFilter.doFilter(CompositeFilter.java:74)
	at org.springframework.security.config.annotation.web.configuration.WebMvcSecurityConfiguration$CompositeFilterChainProxy.doFilter(WebMvcSecurityConfiguration.java:230)
	at org.springframework.web.filter.DelegatingFilterProxy.invokeDelegate(DelegatingFilterProxy.java:352)
	at org.springframework.web.filter.DelegatingFilterProxy.doFilter(DelegatingFilterProxy.java:268)
	at org.apache.catalina.core.ApplicationFilterChain.internalDoFilter(ApplicationFilterChain.java:164)
	at org.apache.catalina.core.ApplicationFilterChain.doFilter(ApplicationFilterChain.java:140)
	at org.springframework.web.filter.RequestContextFilter.doFilterInternal(RequestContextFilter.java:100)
	at org.springframework.web.filter.OncePerRequestFilter.doFilter(OncePerRequestFilter.java:116)
	at org.apache.catalina.core.ApplicationFilterChain.internalDoFilter(ApplicationFilterChain.java:164)
	at org.apache.catalina.core.ApplicationFilterChain.doFilter(ApplicationFilterChain.java:140)
	at org.springframework.web.filter.FormContentFilter.doFilterInternal(FormContentFilter.java:93)
	at org.springframework.web.filter.OncePerRequestFilter.doFilter(OncePerRequestFilter.java:116)
	at org.apache.catalina.core.ApplicationFilterChain.internalDoFilter(ApplicationFilterChain.java:164)
	at org.apache.catalina.core.ApplicationFilterChain.doFilter(ApplicationFilterChain.java:140)
	at org.springframework.web.filter.CharacterEncodingFilter.doFilterInternal(CharacterEncodingFilter.java:201)
	at org.springframework.web.filter.OncePerRequestFilter.doFilter(OncePerRequestFilter.java:116)
	at org.apache.catalina.core.ApplicationFilterChain.internalDoFilter(ApplicationFilterChain.java:164)
	at org.apache.catalina.core.ApplicationFilterChain.doFilter(ApplicationFilterChain.java:140)
	at org.apache.catalina.core.StandardWrapperValve.invoke(StandardWrapperValve.java:167)
	at org.apache.catalina.core.StandardContextValve.invoke(StandardContextValve.java:90)
	at org.apache.catalina.authenticator.AuthenticatorBase.invoke(AuthenticatorBase.java:483)
	at org.apache.catalina.core.StandardHostValve.invoke(StandardHostValve.java:115)
	at org.apache.catalina.valves.ErrorReportValve.invoke(ErrorReportValve.java:93)
	at org.apache.catalina.core.StandardEngineValve.invoke(StandardEngineValve.java:74)
	at org.apache.catalina.connector.CoyoteAdapter.service(CoyoteAdapter.java:344)
	at org.apache.coyote.http11.Http11Processor.service(Http11Processor.java:389)
	at org.apache.coyote.AbstractProcessorLight.process(AbstractProcessorLight.java:63)
	at org.apache.coyote.AbstractProtocol$ConnectionHandler.process(AbstractProtocol.java:904)
	at org.apache.tomcat.util.net.NioEndpoint$SocketProcessor.doRun(NioEndpoint.java:1741)
	at org.apache.tomcat.util.net.SocketProcessorBase.run(SocketProcessorBase.java:52)
	at org.apache.tomcat.util.threads.ThreadPoolExecutor.runWorker(ThreadPoolExecutor.java:1190)
	at org.apache.tomcat.util.threads.ThreadPoolExecutor$Worker.run(ThreadPoolExecutor.java:659)
	at org.apache.tomcat.util.threads.TaskThread$WrappingRunnable.run(TaskThread.java:63)
	at java.base/java.lang.Thread.run(Thread.java:833)
2024-08-13 06:51:12,287 DEBUG o.s.s.w.FilterChainProxy [http-nio-7777-exec-4] Securing GET /error
2024-08-13 06:51:12,295 DEBUG o.s.s.w.a.AnonymousAuthenticationFilter [http-nio-7777-exec-4] Set SecurityContextHolder to anonymous SecurityContext
2024-08-13 06:51:12,305 DEBUG o.s.s.w.a.Http403ForbiddenEntryPoint [http-nio-7777-exec-4] Pre-authenticated entry point called. Rejecting access
2024-08-13 06:51:12,384 DEBUG o.s.s.w.FilterChainProxy [http-nio-7777-exec-1] Securing GET /api/users/email/shaikhaniscoder07@gmail.com
2024-08-13 06:51:12,416 ERROR o.a.j.l.DirectJDKLog [http-nio-7777-exec-1] Servlet.service() for servlet [dispatcherServlet] in context with path [] threw exception
io.jsonwebtoken.ExpiredJwtException: JWT expired at 2024-08-13T00:58:57Z. Current time: 2024-08-13T01:21:12Z, a difference of 1335416 milliseconds.  Allowed clock skew: 0 milliseconds.
	at io.jsonwebtoken.impl.DefaultJwtParser.parse(DefaultJwtParser.java:427)
	at io.jsonwebtoken.impl.DefaultJwtParser.parse(DefaultJwtParser.java:529)
	at io.jsonwebtoken.impl.DefaultJwtParser.parseClaimsJws(DefaultJwtParser.java:589)
	at io.jsonwebtoken.impl.ImmutableJwtParser.parseClaimsJws(ImmutableJwtParser.java:173)
	at com.max.quizspring.config.JwtToken.extractAllClaims(JwtToken.java:36)
	at com.max.quizspring.config.JwtToken.extraClaim(JwtToken.java:31)
	at com.max.quizspring.config.JwtToken.extractUsername(JwtToken.java:23)
	at com.max.quizspring.config.JwtAuthenticationFilter.doFilterInternal(JwtAuthenticationFilter.java:41)
	at org.springframework.web.filter.OncePerRequestFilter.doFilter(OncePerRequestFilter.java:116)
	at org.springframework.security.web.FilterChainProxy$VirtualFilterChain.doFilter(FilterChainProxy.java:374)
	at org.springframework.security.web.authentication.logout.LogoutFilter.doFilter(LogoutFilter.java:107)
	at org.springframework.security.web.authentication.logout.LogoutFilter.doFilter(LogoutFilter.java:93)
	at org.springframework.security.web.FilterChainProxy$VirtualFilterChain.doFilter(FilterChainProxy.java:374)
	at org.springframework.web.filter.CorsFilter.doFilterInternal(CorsFilter.java:91)
	at org.springframework.web.filter.OncePerRequestFilter.doFilter(OncePerRequestFilter.java:116)
	at org.springframework.security.web.FilterChainProxy$VirtualFilterChain.doFilter(FilterChainProxy.java:374)
	at org.springframework.security.web.header.HeaderWriterFilter.doHeadersAfter(HeaderWriterFilter.java:90)
	at org.springframework.security.web.header.HeaderWriterFilter.doFilterInternal(HeaderWriterFilter.java:75)
	at org.springframework.web.filter.OncePerRequestFilter.doFilter(OncePerRequestFilter.java:116)
	at org.springframework.security.web.FilterChainProxy$VirtualFilterChain.doFilter(FilterChainProxy.java:374)
	at org.springframework.security.web.context.SecurityContextHolderFilter.doFilter(SecurityContextHolderFilter.java:82)
	at org.springframework.security.web.context.SecurityContextHolderFilter.doFilter(SecurityContextHolderFilter.java:69)
	at org.springframework.security.web.FilterChainProxy$VirtualFilterChain.doFilter(FilterChainProxy.java:374)
	at org.springframework.security.web.context.request.async.WebAsyncManagerIntegrationFilter.doFilterInternal(WebAsyncManagerIntegrationFilter.java:62)
	at org.springframework.web.filter.OncePerRequestFilter.doFilter(OncePerRequestFilter.java:116)
	at org.springframework.security.web.FilterChainProxy$VirtualFilterChain.doFilter(FilterChainProxy.java:374)
	at org.springframework.security.web.session.DisableEncodeUrlFilter.doFilterInternal(DisableEncodeUrlFilter.java:42)
	at org.springframework.web.filter.OncePerRequestFilter.doFilter(OncePerRequestFilter.java:116)
	at org.springframework.security.web.FilterChainProxy$VirtualFilterChain.doFilter(FilterChainProxy.java:374)
	at org.springframework.security.web.FilterChainProxy.doFilterInternal(FilterChainProxy.java:233)
	at org.springframework.security.web.FilterChainProxy.doFilter(FilterChainProxy.java:191)
	at org.springframework.web.filter.CompositeFilter$VirtualFilterChain.doFilter(CompositeFilter.java:113)
	at org.springframework.web.servlet.handler.HandlerMappingIntrospector.lambda$createCacheFilter$3(HandlerMappingIntrospector.java:195)
	at org.springframework.web.filter.CompositeFilter$VirtualFilterChain.doFilter(CompositeFilter.java:113)
	at org.springframework.web.filter.CompositeFilter.doFilter(CompositeFilter.java:74)
	at org.springframework.security.config.annotation.web.configuration.WebMvcSecurityConfiguration$CompositeFilterChainProxy.doFilter(WebMvcSecurityConfiguration.java:230)
	at org.springframework.web.filter.DelegatingFilterProxy.invokeDelegate(DelegatingFilterProxy.java:352)
	at org.springframework.web.filter.DelegatingFilterProxy.doFilter(DelegatingFilterProxy.java:268)
	at org.apache.catalina.core.ApplicationFilterChain.internalDoFilter(ApplicationFilterChain.java:164)
	at org.apache.catalina.core.ApplicationFilterChain.doFilter(ApplicationFilterChain.java:140)
	at org.springframework.web.filter.RequestContextFilter.doFilterInternal(RequestContextFilter.java:100)
	at org.springframework.web.filter.OncePerRequestFilter.doFilter(OncePerRequestFilter.java:116)
	at org.apache.catalina.core.ApplicationFilterChain.internalDoFilter(ApplicationFilterChain.java:164)
	at org.apache.catalina.core.ApplicationFilterChain.doFilter(ApplicationFilterChain.java:140)
	at org.springframework.web.filter.FormContentFilter.doFilterInternal(FormContentFilter.java:93)
	at org.springframework.web.filter.OncePerRequestFilter.doFilter(OncePerRequestFilter.java:116)
	at org.apache.catalina.core.ApplicationFilterChain.internalDoFilter(ApplicationFilterChain.java:164)
	at org.apache.catalina.core.ApplicationFilterChain.doFilter(ApplicationFilterChain.java:140)
	at org.springframework.web.filter.CharacterEncodingFilter.doFilterInternal(CharacterEncodingFilter.java:201)
	at org.springframework.web.filter.OncePerRequestFilter.doFilter(OncePerRequestFilter.java:116)
	at org.apache.catalina.core.ApplicationFilterChain.internalDoFilter(ApplicationFilterChain.java:164)
	at org.apache.catalina.core.ApplicationFilterChain.doFilter(ApplicationFilterChain.java:140)
	at org.apache.catalina.core.StandardWrapperValve.invoke(StandardWrapperValve.java:167)
	at org.apache.catalina.core.StandardContextValve.invoke(StandardContextValve.java:90)
	at org.apache.catalina.authenticator.AuthenticatorBase.invoke(AuthenticatorBase.java:483)
	at org.apache.catalina.core.StandardHostValve.invoke(StandardHostValve.java:115)
	at org.apache.catalina.valves.ErrorReportValve.invoke(ErrorReportValve.java:93)
	at org.apache.catalina.core.StandardEngineValve.invoke(StandardEngineValve.java:74)
	at org.apache.catalina.connector.CoyoteAdapter.service(CoyoteAdapter.java:344)
	at org.apache.coyote.http11.Http11Processor.service(Http11Processor.java:389)
	at org.apache.coyote.AbstractProcessorLight.process(AbstractProcessorLight.java:63)
	at org.apache.coyote.AbstractProtocol$ConnectionHandler.process(AbstractProtocol.java:904)
	at org.apache.tomcat.util.net.NioEndpoint$SocketProcessor.doRun(NioEndpoint.java:1741)
	at org.apache.tomcat.util.net.SocketProcessorBase.run(SocketProcessorBase.java:52)
	at org.apache.tomcat.util.threads.ThreadPoolExecutor.runWorker(ThreadPoolExecutor.java:1190)
	at org.apache.tomcat.util.threads.ThreadPoolExecutor$Worker.run(ThreadPoolExecutor.java:659)
	at org.apache.tomcat.util.threads.TaskThread$WrappingRunnable.run(TaskThread.java:63)
	at java.base/java.lang.Thread.run(Thread.java:833)
2024-08-13 06:51:12,572 DEBUG o.s.s.w.FilterChainProxy [http-nio-7777-exec-1] Securing GET /error
2024-08-13 06:51:12,626 DEBUG o.s.s.w.a.AnonymousAuthenticationFilter [http-nio-7777-exec-1] Set SecurityContextHolder to anonymous SecurityContext
2024-08-13 06:51:12,658 DEBUG o.s.s.w.a.Http403ForbiddenEntryPoint [http-nio-7777-exec-1] Pre-authenticated entry point called. Rejecting access
2024-08-13 06:51:34,716 DEBUG o.s.s.w.FilterChainProxy [http-nio-7777-exec-8] Securing OPTIONS /api/auth/login
2024-08-13 06:51:34,742 DEBUG o.s.s.w.FilterChainProxy [http-nio-7777-exec-9] Securing POST /api/auth/login
2024-08-13 06:51:34,754 DEBUG o.s.s.w.a.AnonymousAuthenticationFilter [http-nio-7777-exec-9] Set SecurityContextHolder to anonymous SecurityContext
2024-08-13 06:51:34,762 DEBUG o.s.s.w.FilterChainProxy [http-nio-7777-exec-9] Secured POST /api/auth/login
2024-08-13 06:51:35,385 DEBUG o.s.s.a.d.AbstractUserDetailsAuthenticationProvider [http-nio-7777-exec-9] Authenticated user
2024-08-13 06:51:37,812 DEBUG o.s.s.w.FilterChainProxy [http-nio-7777-exec-10] Securing OPTIONS /api/users/email/shaikhaniscoder07@gmail.com
2024-08-13 06:51:37,827 DEBUG o.s.s.w.FilterChainProxy [http-nio-7777-exec-5] Securing OPTIONS /api/users/email/shaikhaniscoder07@gmail.com
2024-08-13 06:51:37,836 DEBUG o.s.s.w.FilterChainProxy [http-nio-7777-exec-10] Securing GET /api/users/email/shaikhaniscoder07@gmail.com
2024-08-13 06:51:38,155 DEBUG o.s.s.w.FilterChainProxy [http-nio-7777-exec-10] Secured GET /api/users/email/shaikhaniscoder07@gmail.com
2024-08-13 06:51:38,265 DEBUG o.s.s.w.FilterChainProxy [http-nio-7777-exec-3] Securing GET /api/users/email/shaikhaniscoder07@gmail.com
2024-08-13 06:51:38,337 DEBUG o.s.s.w.FilterChainProxy [http-nio-7777-exec-3] Secured GET /api/users/email/shaikhaniscoder07@gmail.com
2024-08-13 06:51:39,340 DEBUG o.s.s.w.FilterChainProxy [http-nio-7777-exec-1] Securing OPTIONS /api/user/companies
2024-08-13 06:51:39,380 DEBUG o.s.s.w.FilterChainProxy [http-nio-7777-exec-7] Securing OPTIONS /api/user/companies
2024-08-13 06:51:39,438 DEBUG o.s.s.w.FilterChainProxy [http-nio-7777-exec-6] Securing GET /api/user/companies
2024-08-13 06:51:39,480 DEBUG o.s.s.w.FilterChainProxy [http-nio-7777-exec-6] Secured GET /api/user/companies
2024-08-13 06:51:39,561 DEBUG o.s.s.w.FilterChainProxy [http-nio-7777-exec-8] Securing GET /api/user/companies
2024-08-13 06:51:39,618 DEBUG o.s.s.w.FilterChainProxy [http-nio-7777-exec-8] Secured GET /api/user/companies
2024-08-13 06:51:43,585 DEBUG o.s.s.w.FilterChainProxy [http-nio-7777-exec-9] Securing OPTIONS /api/user/companies/1
2024-08-13 06:51:43,602 DEBUG o.s.s.w.FilterChainProxy [http-nio-7777-exec-5] Securing DELETE /api/user/companies/1
2024-08-13 06:51:43,626 DEBUG o.s.s.w.FilterChainProxy [http-nio-7777-exec-5] Secured DELETE /api/user/companies/1
2024-08-13 06:51:44,040 DEBUG o.s.s.w.FilterChainProxy [http-nio-7777-exec-3] Securing GET /api/user/companies
2024-08-13 06:51:44,069 DEBUG o.s.s.w.FilterChainProxy [http-nio-7777-exec-3] Secured GET /api/user/companies
2024-08-13 06:51:46,970 DEBUG o.s.s.w.FilterChainProxy [http-nio-7777-exec-4] Securing OPTIONS /api/user/companies/2
2024-08-13 06:51:46,986 DEBUG o.s.s.w.FilterChainProxy [http-nio-7777-exec-2] Securing DELETE /api/user/companies/2
2024-08-13 06:51:47,018 DEBUG o.s.s.w.FilterChainProxy [http-nio-7777-exec-2] Secured DELETE /api/user/companies/2
2024-08-13 06:51:47,069 DEBUG o.s.s.w.FilterChainProxy [http-nio-7777-exec-1] Securing OPTIONS /api/user/companies
2024-08-13 06:51:47,069 DEBUG o.s.s.w.FilterChainProxy [http-nio-7777-exec-7] Securing GET /api/user/companies
2024-08-13 06:51:47,119 DEBUG o.s.s.w.FilterChainProxy [http-nio-7777-exec-7] Secured GET /api/user/companies
2024-08-13 06:51:52,525 DEBUG o.s.s.w.FilterChainProxy [http-nio-7777-exec-8] Securing OPTIONS /api/user/jobs/company/3
2024-08-13 06:51:52,530 DEBUG o.s.s.w.FilterChainProxy [http-nio-7777-exec-9] Securing GET /api/user/jobs/company/3
2024-08-13 06:51:52,557 DEBUG o.s.s.w.FilterChainProxy [http-nio-7777-exec-9] Secured GET /api/user/jobs/company/3
2024-08-13 06:51:54,445 DEBUG o.s.s.w.FilterChainProxy [http-nio-7777-exec-5] Securing GET /api/user/jobs/company/3
2024-08-13 06:51:54,472 DEBUG o.s.s.w.FilterChainProxy [http-nio-7777-exec-5] Secured GET /api/user/jobs/company/3
2024-08-13 06:51:56,046 DEBUG o.s.s.w.FilterChainProxy [http-nio-7777-exec-3] Securing GET /api/user/jobs/company/3
2024-08-13 06:51:56,119 DEBUG o.s.s.w.FilterChainProxy [http-nio-7777-exec-3] Secured GET /api/user/jobs/company/3
2024-08-13 06:51:58,124 DEBUG o.s.s.w.FilterChainProxy [http-nio-7777-exec-4] Securing OPTIONS /api/user/jobs/company/3
2024-08-13 06:51:58,135 DEBUG o.s.s.w.FilterChainProxy [http-nio-7777-exec-2] Securing GET /api/user/jobs/company/3
2024-08-13 06:51:58,184 DEBUG o.s.s.w.FilterChainProxy [http-nio-7777-exec-2] Secured GET /api/user/jobs/company/3
2024-08-13 06:56:25,900 DEBUG o.s.s.w.FilterChainProxy [http-nio-7777-exec-7] Securing OPTIONS /api/user/companies
2024-08-13 06:56:29,874 DEBUG o.s.s.w.FilterChainProxy [http-nio-7777-exec-8] Securing GET /api/user/companies
2024-08-13 06:56:30,129 DEBUG o.s.s.w.FilterChainProxy [http-nio-7777-exec-8] Secured GET /api/user/companies
2024-08-13 06:56:30,186 DEBUG o.s.s.w.FilterChainProxy [http-nio-7777-exec-9] Securing GET /api/user/companies
2024-08-13 06:56:30,307 DEBUG o.s.s.w.FilterChainProxy [http-nio-7777-exec-9] Secured GET /api/user/companies
2024-08-13 06:56:37,544 DEBUG o.s.s.w.FilterChainProxy [http-nio-7777-exec-3] Securing OPTIONS /api/user/companies/4
2024-08-13 06:56:37,569 DEBUG o.s.s.w.FilterChainProxy [http-nio-7777-exec-4] Securing DELETE /api/user/companies/4
2024-08-13 06:56:37,631 DEBUG o.s.s.w.FilterChainProxy [http-nio-7777-exec-4] Secured DELETE /api/user/companies/4
2024-08-13 06:56:37,894 DEBUG o.s.s.w.FilterChainProxy [http-nio-7777-exec-2] Securing OPTIONS /api/user/companies
2024-08-13 06:56:37,899 DEBUG o.s.s.w.FilterChainProxy [http-nio-7777-exec-1] Securing GET /api/user/companies
2024-08-13 06:56:37,941 DEBUG o.s.s.w.FilterChainProxy [http-nio-7777-exec-1] Secured GET /api/user/companies
2024-08-13 06:56:46,777 DEBUG o.s.s.w.FilterChainProxy [http-nio-7777-exec-6] Securing OPTIONS /api/user/jobs/company/3
2024-08-13 06:56:46,787 DEBUG o.s.s.w.FilterChainProxy [http-nio-7777-exec-8] Securing GET /api/user/jobs/company/3
2024-08-13 06:56:46,822 DEBUG o.s.s.w.FilterChainProxy [http-nio-7777-exec-8] Secured GET /api/user/jobs/company/3
2024-08-13 06:56:49,654 DEBUG o.s.s.w.FilterChainProxy [http-nio-7777-exec-5] Securing GET /api/user/jobs/company/3
2024-08-13 06:56:49,688 DEBUG o.s.s.w.FilterChainProxy [http-nio-7777-exec-5] Secured GET /api/user/jobs/company/3
2024-08-13 06:59:32,082 DEBUG o.s.s.w.FilterChainProxy [http-nio-7777-exec-3] Securing OPTIONS /api/user/companies
2024-08-13 06:59:32,561 DEBUG o.s.s.w.FilterChainProxy [http-nio-7777-exec-4] Securing OPTIONS /api/user/companies
2024-08-13 06:59:32,706 DEBUG o.s.s.w.FilterChainProxy [http-nio-7777-exec-1] Securing GET /api/user/companies
2024-08-13 06:59:32,794 DEBUG o.s.s.w.FilterChainProxy [http-nio-7777-exec-2] Securing OPTIONS /api/user/companies
2024-08-13 06:59:34,266 DEBUG o.s.s.w.FilterChainProxy [http-nio-7777-exec-1] Secured GET /api/user/companies
2024-08-13 06:59:34,520 DEBUG o.s.s.w.FilterChainProxy [http-nio-7777-exec-7] Securing GET /api/user/companies
2024-08-13 06:59:34,603 DEBUG o.s.s.w.FilterChainProxy [http-nio-7777-exec-7] Secured GET /api/user/companies
2024-08-13 06:59:43,315 DEBUG o.s.s.w.FilterChainProxy [http-nio-7777-exec-10] Securing OPTIONS /api/user/companies
2024-08-13 06:59:43,307 DEBUG o.s.s.w.FilterChainProxy [http-nio-7777-exec-5] Securing OPTIONS /api/user/companies
2024-08-13 06:59:43,490 DEBUG o.s.s.w.FilterChainProxy [http-nio-7777-exec-4] Securing GET /api/user/companies
2024-08-13 06:59:43,546 DEBUG o.s.s.w.FilterChainProxy [http-nio-7777-exec-4] Secured GET /api/user/companies
2024-08-13 06:59:43,630 DEBUG o.s.s.w.FilterChainProxy [http-nio-7777-exec-3] Securing GET /api/user/companies
2024-08-13 06:59:43,700 DEBUG o.s.s.w.FilterChainProxy [http-nio-7777-exec-3] Secured GET /api/user/companies
2024-08-13 06:59:48,589 DEBUG o.s.s.w.FilterChainProxy [http-nio-7777-exec-7] Securing OPTIONS /api/user/companies/5
2024-08-13 06:59:48,621 DEBUG o.s.s.w.FilterChainProxy [http-nio-7777-exec-8] Securing DELETE /api/user/companies/5
2024-08-13 06:59:48,793 DEBUG o.s.s.w.FilterChainProxy [http-nio-7777-exec-8] Secured DELETE /api/user/companies/5
2024-08-13 06:59:49,027 DEBUG o.s.s.w.FilterChainProxy [http-nio-7777-exec-9] Securing OPTIONS /api/user/companies
2024-08-13 06:59:49,027 DEBUG o.s.s.w.FilterChainProxy [http-nio-7777-exec-6] Securing GET /api/user/companies
2024-08-13 06:59:49,074 DEBUG o.s.s.w.FilterChainProxy [http-nio-7777-exec-6] Secured GET /api/user/companies
2024-08-13 06:59:51,064 DEBUG o.s.s.w.FilterChainProxy [http-nio-7777-exec-10] Securing OPTIONS /api/user/jobs/company/3
2024-08-13 06:59:51,064 DEBUG o.s.s.w.FilterChainProxy [http-nio-7777-exec-4] Securing GET /api/user/jobs/company/3
2024-08-13 06:59:51,112 DEBUG o.s.s.w.FilterChainProxy [http-nio-7777-exec-4] Secured GET /api/user/jobs/company/3
2024-08-13 06:59:53,957 DEBUG o.s.s.w.FilterChainProxy [http-nio-7777-exec-3] Securing GET /api/user/jobs/company/3
2024-08-13 06:59:54,004 DEBUG o.s.s.w.FilterChainProxy [http-nio-7777-exec-3] Secured GET /api/user/jobs/company/3
2024-08-13 07:00:24,678 DEBUG o.s.s.w.FilterChainProxy [http-nio-7777-exec-1] Securing OPTIONS /api/user/companies
2024-08-13 07:00:24,725 DEBUG o.s.s.w.FilterChainProxy [http-nio-7777-exec-7] Securing POST /api/user/companies
2024-08-13 07:00:24,871 DEBUG o.s.s.w.FilterChainProxy [http-nio-7777-exec-7] Secured POST /api/user/companies
2024-08-13 07:00:25,394 DEBUG o.s.s.w.FilterChainProxy [http-nio-7777-exec-8] Securing GET /api/user/companies
2024-08-13 07:00:25,482 DEBUG o.s.s.w.FilterChainProxy [http-nio-7777-exec-8] Secured GET /api/user/companies
2024-08-13 07:03:07,380 DEBUG o.s.s.w.FilterChainProxy [http-nio-7777-exec-5] Securing OPTIONS /api/user/companies
2024-08-13 07:03:07,380 DEBUG o.s.s.w.FilterChainProxy [http-nio-7777-exec-6] Securing OPTIONS /api/user/companies
2024-08-13 07:03:07,979 DEBUG o.s.s.w.FilterChainProxy [http-nio-7777-exec-5] Securing GET /api/user/companies
2024-08-13 07:03:08,488 ERROR o.a.j.l.DirectJDKLog [http-nio-7777-exec-5] Servlet.service() for servlet [dispatcherServlet] in context with path [] threw exception
io.jsonwebtoken.ExpiredJwtException: JWT expired at 2024-08-13T01:31:40Z. Current time: 2024-08-13T01:33:08Z, a difference of 88303 milliseconds.  Allowed clock skew: 0 milliseconds.
	at io.jsonwebtoken.impl.DefaultJwtParser.parse(DefaultJwtParser.java:427)
	at io.jsonwebtoken.impl.DefaultJwtParser.parse(DefaultJwtParser.java:529)
	at io.jsonwebtoken.impl.DefaultJwtParser.parseClaimsJws(DefaultJwtParser.java:589)
	at io.jsonwebtoken.impl.ImmutableJwtParser.parseClaimsJws(ImmutableJwtParser.java:173)
	at com.max.quizspring.config.JwtToken.extractAllClaims(JwtToken.java:36)
	at com.max.quizspring.config.JwtToken.extraClaim(JwtToken.java:31)
	at com.max.quizspring.config.JwtToken.extractUsername(JwtToken.java:23)
	at com.max.quizspring.config.JwtAuthenticationFilter.doFilterInternal(JwtAuthenticationFilter.java:41)
	at org.springframework.web.filter.OncePerRequestFilter.doFilter(OncePerRequestFilter.java:116)
	at org.springframework.security.web.FilterChainProxy$VirtualFilterChain.doFilter(FilterChainProxy.java:374)
	at org.springframework.security.web.authentication.logout.LogoutFilter.doFilter(LogoutFilter.java:107)
	at org.springframework.security.web.authentication.logout.LogoutFilter.doFilter(LogoutFilter.java:93)
	at org.springframework.security.web.FilterChainProxy$VirtualFilterChain.doFilter(FilterChainProxy.java:374)
	at org.springframework.web.filter.CorsFilter.doFilterInternal(CorsFilter.java:91)
	at org.springframework.web.filter.OncePerRequestFilter.doFilter(OncePerRequestFilter.java:116)
	at org.springframework.security.web.FilterChainProxy$VirtualFilterChain.doFilter(FilterChainProxy.java:374)
	at org.springframework.security.web.header.HeaderWriterFilter.doHeadersAfter(HeaderWriterFilter.java:90)
	at org.springframework.security.web.header.HeaderWriterFilter.doFilterInternal(HeaderWriterFilter.java:75)
	at org.springframework.web.filter.OncePerRequestFilter.doFilter(OncePerRequestFilter.java:116)
	at org.springframework.security.web.FilterChainProxy$VirtualFilterChain.doFilter(FilterChainProxy.java:374)
	at org.springframework.security.web.context.SecurityContextHolderFilter.doFilter(SecurityContextHolderFilter.java:82)
	at org.springframework.security.web.context.SecurityContextHolderFilter.doFilter(SecurityContextHolderFilter.java:69)
	at org.springframework.security.web.FilterChainProxy$VirtualFilterChain.doFilter(FilterChainProxy.java:374)
	at org.springframework.security.web.context.request.async.WebAsyncManagerIntegrationFilter.doFilterInternal(WebAsyncManagerIntegrationFilter.java:62)
	at org.springframework.web.filter.OncePerRequestFilter.doFilter(OncePerRequestFilter.java:116)
	at org.springframework.security.web.FilterChainProxy$VirtualFilterChain.doFilter(FilterChainProxy.java:374)
	at org.springframework.security.web.session.DisableEncodeUrlFilter.doFilterInternal(DisableEncodeUrlFilter.java:42)
	at org.springframework.web.filter.OncePerRequestFilter.doFilter(OncePerRequestFilter.java:116)
	at org.springframework.security.web.FilterChainProxy$VirtualFilterChain.doFilter(FilterChainProxy.java:374)
	at org.springframework.security.web.FilterChainProxy.doFilterInternal(FilterChainProxy.java:233)
	at org.springframework.security.web.FilterChainProxy.doFilter(FilterChainProxy.java:191)
	at org.springframework.web.filter.CompositeFilter$VirtualFilterChain.doFilter(CompositeFilter.java:113)
	at org.springframework.web.servlet.handler.HandlerMappingIntrospector.lambda$createCacheFilter$3(HandlerMappingIntrospector.java:195)
	at org.springframework.web.filter.CompositeFilter$VirtualFilterChain.doFilter(CompositeFilter.java:113)
	at org.springframework.web.filter.CompositeFilter.doFilter(CompositeFilter.java:74)
	at org.springframework.security.config.annotation.web.configuration.WebMvcSecurityConfiguration$CompositeFilterChainProxy.doFilter(WebMvcSecurityConfiguration.java:230)
	at org.springframework.web.filter.DelegatingFilterProxy.invokeDelegate(DelegatingFilterProxy.java:352)
	at org.springframework.web.filter.DelegatingFilterProxy.doFilter(DelegatingFilterProxy.java:268)
	at org.apache.catalina.core.ApplicationFilterChain.internalDoFilter(ApplicationFilterChain.java:164)
	at org.apache.catalina.core.ApplicationFilterChain.doFilter(ApplicationFilterChain.java:140)
	at org.springframework.web.filter.RequestContextFilter.doFilterInternal(RequestContextFilter.java:100)
	at org.springframework.web.filter.OncePerRequestFilter.doFilter(OncePerRequestFilter.java:116)
	at org.apache.catalina.core.ApplicationFilterChain.internalDoFilter(ApplicationFilterChain.java:164)
	at org.apache.catalina.core.ApplicationFilterChain.doFilter(ApplicationFilterChain.java:140)
	at org.springframework.web.filter.FormContentFilter.doFilterInternal(FormContentFilter.java:93)
	at org.springframework.web.filter.OncePerRequestFilter.doFilter(OncePerRequestFilter.java:116)
	at org.apache.catalina.core.ApplicationFilterChain.internalDoFilter(ApplicationFilterChain.java:164)
	at org.apache.catalina.core.ApplicationFilterChain.doFilter(ApplicationFilterChain.java:140)
	at org.springframework.web.filter.CharacterEncodingFilter.doFilterInternal(CharacterEncodingFilter.java:201)
	at org.springframework.web.filter.OncePerRequestFilter.doFilter(OncePerRequestFilter.java:116)
	at org.apache.catalina.core.ApplicationFilterChain.internalDoFilter(ApplicationFilterChain.java:164)
	at org.apache.catalina.core.ApplicationFilterChain.doFilter(ApplicationFilterChain.java:140)
	at org.apache.catalina.core.StandardWrapperValve.invoke(StandardWrapperValve.java:167)
	at org.apache.catalina.core.StandardContextValve.invoke(StandardContextValve.java:90)
	at org.apache.catalina.authenticator.AuthenticatorBase.invoke(AuthenticatorBase.java:483)
	at org.apache.catalina.core.StandardHostValve.invoke(StandardHostValve.java:115)
	at org.apache.catalina.valves.ErrorReportValve.invoke(ErrorReportValve.java:93)
	at org.apache.catalina.core.StandardEngineValve.invoke(StandardEngineValve.java:74)
	at org.apache.catalina.connector.CoyoteAdapter.service(CoyoteAdapter.java:344)
	at org.apache.coyote.http11.Http11Processor.service(Http11Processor.java:389)
	at org.apache.coyote.AbstractProcessorLight.process(AbstractProcessorLight.java:63)
	at org.apache.coyote.AbstractProtocol$ConnectionHandler.process(AbstractProtocol.java:904)
	at org.apache.tomcat.util.net.NioEndpoint$SocketProcessor.doRun(NioEndpoint.java:1741)
	at org.apache.tomcat.util.net.SocketProcessorBase.run(SocketProcessorBase.java:52)
	at org.apache.tomcat.util.threads.ThreadPoolExecutor.runWorker(ThreadPoolExecutor.java:1190)
	at org.apache.tomcat.util.threads.ThreadPoolExecutor$Worker.run(ThreadPoolExecutor.java:659)
	at org.apache.tomcat.util.threads.TaskThread$WrappingRunnable.run(TaskThread.java:63)
	at java.base/java.lang.Thread.run(Thread.java:833)
2024-08-13 07:03:08,740 DEBUG o.s.s.w.FilterChainProxy [http-nio-7777-exec-5] Securing GET /error
2024-08-13 07:03:08,772 DEBUG o.s.s.w.a.AnonymousAuthenticationFilter [http-nio-7777-exec-5] Set SecurityContextHolder to anonymous SecurityContext
2024-08-13 07:03:08,845 DEBUG o.s.s.w.a.Http403ForbiddenEntryPoint [http-nio-7777-exec-5] Pre-authenticated entry point called. Rejecting access
2024-08-13 07:03:08,897 DEBUG o.s.s.w.FilterChainProxy [http-nio-7777-exec-10] Securing GET /api/user/companies
2024-08-13 07:03:08,929 ERROR o.a.j.l.DirectJDKLog [http-nio-7777-exec-10] Servlet.service() for servlet [dispatcherServlet] in context with path [] threw exception
io.jsonwebtoken.ExpiredJwtException: JWT expired at 2024-08-13T01:31:40Z. Current time: 2024-08-13T01:33:08Z, a difference of 88929 milliseconds.  Allowed clock skew: 0 milliseconds.
	at io.jsonwebtoken.impl.DefaultJwtParser.parse(DefaultJwtParser.java:427)
	at io.jsonwebtoken.impl.DefaultJwtParser.parse(DefaultJwtParser.java:529)
	at io.jsonwebtoken.impl.DefaultJwtParser.parseClaimsJws(DefaultJwtParser.java:589)
	at io.jsonwebtoken.impl.ImmutableJwtParser.parseClaimsJws(ImmutableJwtParser.java:173)
	at com.max.quizspring.config.JwtToken.extractAllClaims(JwtToken.java:36)
	at com.max.quizspring.config.JwtToken.extraClaim(JwtToken.java:31)
	at com.max.quizspring.config.JwtToken.extractUsername(JwtToken.java:23)
	at com.max.quizspring.config.JwtAuthenticationFilter.doFilterInternal(JwtAuthenticationFilter.java:41)
	at org.springframework.web.filter.OncePerRequestFilter.doFilter(OncePerRequestFilter.java:116)
	at org.springframework.security.web.FilterChainProxy$VirtualFilterChain.doFilter(FilterChainProxy.java:374)
	at org.springframework.security.web.authentication.logout.LogoutFilter.doFilter(LogoutFilter.java:107)
	at org.springframework.security.web.authentication.logout.LogoutFilter.doFilter(LogoutFilter.java:93)
	at org.springframework.security.web.FilterChainProxy$VirtualFilterChain.doFilter(FilterChainProxy.java:374)
	at org.springframework.web.filter.CorsFilter.doFilterInternal(CorsFilter.java:91)
	at org.springframework.web.filter.OncePerRequestFilter.doFilter(OncePerRequestFilter.java:116)
	at org.springframework.security.web.FilterChainProxy$VirtualFilterChain.doFilter(FilterChainProxy.java:374)
	at org.springframework.security.web.header.HeaderWriterFilter.doHeadersAfter(HeaderWriterFilter.java:90)
	at org.springframework.security.web.header.HeaderWriterFilter.doFilterInternal(HeaderWriterFilter.java:75)
	at org.springframework.web.filter.OncePerRequestFilter.doFilter(OncePerRequestFilter.java:116)
	at org.springframework.security.web.FilterChainProxy$VirtualFilterChain.doFilter(FilterChainProxy.java:374)
	at org.springframework.security.web.context.SecurityContextHolderFilter.doFilter(SecurityContextHolderFilter.java:82)
	at org.springframework.security.web.context.SecurityContextHolderFilter.doFilter(SecurityContextHolderFilter.java:69)
	at org.springframework.security.web.FilterChainProxy$VirtualFilterChain.doFilter(FilterChainProxy.java:374)
	at org.springframework.security.web.context.request.async.WebAsyncManagerIntegrationFilter.doFilterInternal(WebAsyncManagerIntegrationFilter.java:62)
	at org.springframework.web.filter.OncePerRequestFilter.doFilter(OncePerRequestFilter.java:116)
	at org.springframework.security.web.FilterChainProxy$VirtualFilterChain.doFilter(FilterChainProxy.java:374)
	at org.springframework.security.web.session.DisableEncodeUrlFilter.doFilterInternal(DisableEncodeUrlFilter.java:42)
	at org.springframework.web.filter.OncePerRequestFilter.doFilter(OncePerRequestFilter.java:116)
	at org.springframework.security.web.FilterChainProxy$VirtualFilterChain.doFilter(FilterChainProxy.java:374)
	at org.springframework.security.web.FilterChainProxy.doFilterInternal(FilterChainProxy.java:233)
	at org.springframework.security.web.FilterChainProxy.doFilter(FilterChainProxy.java:191)
	at org.springframework.web.filter.CompositeFilter$VirtualFilterChain.doFilter(CompositeFilter.java:113)
	at org.springframework.web.servlet.handler.HandlerMappingIntrospector.lambda$createCacheFilter$3(HandlerMappingIntrospector.java:195)
	at org.springframework.web.filter.CompositeFilter$VirtualFilterChain.doFilter(CompositeFilter.java:113)
	at org.springframework.web.filter.CompositeFilter.doFilter(CompositeFilter.java:74)
	at org.springframework.security.config.annotation.web.configuration.WebMvcSecurityConfiguration$CompositeFilterChainProxy.doFilter(WebMvcSecurityConfiguration.java:230)
	at org.springframework.web.filter.DelegatingFilterProxy.invokeDelegate(DelegatingFilterProxy.java:352)
	at org.springframework.web.filter.DelegatingFilterProxy.doFilter(DelegatingFilterProxy.java:268)
	at org.apache.catalina.core.ApplicationFilterChain.internalDoFilter(ApplicationFilterChain.java:164)
	at org.apache.catalina.core.ApplicationFilterChain.doFilter(ApplicationFilterChain.java:140)
	at org.springframework.web.filter.RequestContextFilter.doFilterInternal(RequestContextFilter.java:100)
	at org.springframework.web.filter.OncePerRequestFilter.doFilter(OncePerRequestFilter.java:116)
	at org.apache.catalina.core.ApplicationFilterChain.internalDoFilter(ApplicationFilterChain.java:164)
	at org.apache.catalina.core.ApplicationFilterChain.doFilter(ApplicationFilterChain.java:140)
	at org.springframework.web.filter.FormContentFilter.doFilterInternal(FormContentFilter.java:93)
	at org.springframework.web.filter.OncePerRequestFilter.doFilter(OncePerRequestFilter.java:116)
	at org.apache.catalina.core.ApplicationFilterChain.internalDoFilter(ApplicationFilterChain.java:164)
	at org.apache.catalina.core.ApplicationFilterChain.doFilter(ApplicationFilterChain.java:140)
	at org.springframework.web.filter.CharacterEncodingFilter.doFilterInternal(CharacterEncodingFilter.java:201)
	at org.springframework.web.filter.OncePerRequestFilter.doFilter(OncePerRequestFilter.java:116)
	at org.apache.catalina.core.ApplicationFilterChain.internalDoFilter(ApplicationFilterChain.java:164)
	at org.apache.catalina.core.ApplicationFilterChain.doFilter(ApplicationFilterChain.java:140)
	at org.apache.catalina.core.StandardWrapperValve.invoke(StandardWrapperValve.java:167)
	at org.apache.catalina.core.StandardContextValve.invoke(StandardContextValve.java:90)
	at org.apache.catalina.authenticator.AuthenticatorBase.invoke(AuthenticatorBase.java:483)
	at org.apache.catalina.core.StandardHostValve.invoke(StandardHostValve.java:115)
	at org.apache.catalina.valves.ErrorReportValve.invoke(ErrorReportValve.java:93)
	at org.apache.catalina.core.StandardEngineValve.invoke(StandardEngineValve.java:74)
	at org.apache.catalina.connector.CoyoteAdapter.service(CoyoteAdapter.java:344)
	at org.apache.coyote.http11.Http11Processor.service(Http11Processor.java:389)
	at org.apache.coyote.AbstractProcessorLight.process(AbstractProcessorLight.java:63)
	at org.apache.coyote.AbstractProtocol$ConnectionHandler.process(AbstractProtocol.java:904)
	at org.apache.tomcat.util.net.NioEndpoint$SocketProcessor.doRun(NioEndpoint.java:1741)
	at org.apache.tomcat.util.net.SocketProcessorBase.run(SocketProcessorBase.java:52)
	at org.apache.tomcat.util.threads.ThreadPoolExecutor.runWorker(ThreadPoolExecutor.java:1190)
	at org.apache.tomcat.util.threads.ThreadPoolExecutor$Worker.run(ThreadPoolExecutor.java:659)
	at org.apache.tomcat.util.threads.TaskThread$WrappingRunnable.run(TaskThread.java:63)
	at java.base/java.lang.Thread.run(Thread.java:833)
2024-08-13 07:03:09,157 DEBUG o.s.s.w.FilterChainProxy [http-nio-7777-exec-10] Securing GET /error
2024-08-13 07:03:09,195 DEBUG o.s.s.w.a.AnonymousAuthenticationFilter [http-nio-7777-exec-10] Set SecurityContextHolder to anonymous SecurityContext
2024-08-13 07:03:09,203 DEBUG o.s.s.w.a.Http403ForbiddenEntryPoint [http-nio-7777-exec-10] Pre-authenticated entry point called. Rejecting access
2024-08-13 07:03:11,673 DEBUG o.s.s.w.FilterChainProxy [http-nio-7777-exec-2] Securing GET /api/user/companies
2024-08-13 07:03:11,711 ERROR o.a.j.l.DirectJDKLog [http-nio-7777-exec-2] Servlet.service() for servlet [dispatcherServlet] in context with path [] threw exception
io.jsonwebtoken.ExpiredJwtException: JWT expired at 2024-08-13T01:31:40Z. Current time: 2024-08-13T01:33:11Z, a difference of 91711 milliseconds.  Allowed clock skew: 0 milliseconds.
	at io.jsonwebtoken.impl.DefaultJwtParser.parse(DefaultJwtParser.java:427)
	at io.jsonwebtoken.impl.DefaultJwtParser.parse(DefaultJwtParser.java:529)
	at io.jsonwebtoken.impl.DefaultJwtParser.parseClaimsJws(DefaultJwtParser.java:589)
	at io.jsonwebtoken.impl.ImmutableJwtParser.parseClaimsJws(ImmutableJwtParser.java:173)
	at com.max.quizspring.config.JwtToken.extractAllClaims(JwtToken.java:36)
	at com.max.quizspring.config.JwtToken.extraClaim(JwtToken.java:31)
	at com.max.quizspring.config.JwtToken.extractUsername(JwtToken.java:23)
	at com.max.quizspring.config.JwtAuthenticationFilter.doFilterInternal(JwtAuthenticationFilter.java:41)
	at org.springframework.web.filter.OncePerRequestFilter.doFilter(OncePerRequestFilter.java:116)
	at org.springframework.security.web.FilterChainProxy$VirtualFilterChain.doFilter(FilterChainProxy.java:374)
	at org.springframework.security.web.authentication.logout.LogoutFilter.doFilter(LogoutFilter.java:107)
	at org.springframework.security.web.authentication.logout.LogoutFilter.doFilter(LogoutFilter.java:93)
	at org.springframework.security.web.FilterChainProxy$VirtualFilterChain.doFilter(FilterChainProxy.java:374)
	at org.springframework.web.filter.CorsFilter.doFilterInternal(CorsFilter.java:91)
	at org.springframework.web.filter.OncePerRequestFilter.doFilter(OncePerRequestFilter.java:116)
	at org.springframework.security.web.FilterChainProxy$VirtualFilterChain.doFilter(FilterChainProxy.java:374)
	at org.springframework.security.web.header.HeaderWriterFilter.doHeadersAfter(HeaderWriterFilter.java:90)
	at org.springframework.security.web.header.HeaderWriterFilter.doFilterInternal(HeaderWriterFilter.java:75)
	at org.springframework.web.filter.OncePerRequestFilter.doFilter(OncePerRequestFilter.java:116)
	at org.springframework.security.web.FilterChainProxy$VirtualFilterChain.doFilter(FilterChainProxy.java:374)
	at org.springframework.security.web.context.SecurityContextHolderFilter.doFilter(SecurityContextHolderFilter.java:82)
	at org.springframework.security.web.context.SecurityContextHolderFilter.doFilter(SecurityContextHolderFilter.java:69)
	at org.springframework.security.web.FilterChainProxy$VirtualFilterChain.doFilter(FilterChainProxy.java:374)
	at org.springframework.security.web.context.request.async.WebAsyncManagerIntegrationFilter.doFilterInternal(WebAsyncManagerIntegrationFilter.java:62)
	at org.springframework.web.filter.OncePerRequestFilter.doFilter(OncePerRequestFilter.java:116)
	at org.springframework.security.web.FilterChainProxy$VirtualFilterChain.doFilter(FilterChainProxy.java:374)
	at org.springframework.security.web.session.DisableEncodeUrlFilter.doFilterInternal(DisableEncodeUrlFilter.java:42)
	at org.springframework.web.filter.OncePerRequestFilter.doFilter(OncePerRequestFilter.java:116)
	at org.springframework.security.web.FilterChainProxy$VirtualFilterChain.doFilter(FilterChainProxy.java:374)
	at org.springframework.security.web.FilterChainProxy.doFilterInternal(FilterChainProxy.java:233)
	at org.springframework.security.web.FilterChainProxy.doFilter(FilterChainProxy.java:191)
	at org.springframework.web.filter.CompositeFilter$VirtualFilterChain.doFilter(CompositeFilter.java:113)
	at org.springframework.web.servlet.handler.HandlerMappingIntrospector.lambda$createCacheFilter$3(HandlerMappingIntrospector.java:195)
	at org.springframework.web.filter.CompositeFilter$VirtualFilterChain.doFilter(CompositeFilter.java:113)
	at org.springframework.web.filter.CompositeFilter.doFilter(CompositeFilter.java:74)
	at org.springframework.security.config.annotation.web.configuration.WebMvcSecurityConfiguration$CompositeFilterChainProxy.doFilter(WebMvcSecurityConfiguration.java:230)
	at org.springframework.web.filter.DelegatingFilterProxy.invokeDelegate(DelegatingFilterProxy.java:352)
	at org.springframework.web.filter.DelegatingFilterProxy.doFilter(DelegatingFilterProxy.java:268)
	at org.apache.catalina.core.ApplicationFilterChain.internalDoFilter(ApplicationFilterChain.java:164)
	at org.apache.catalina.core.ApplicationFilterChain.doFilter(ApplicationFilterChain.java:140)
	at org.springframework.web.filter.RequestContextFilter.doFilterInternal(RequestContextFilter.java:100)
	at org.springframework.web.filter.OncePerRequestFilter.doFilter(OncePerRequestFilter.java:116)
	at org.apache.catalina.core.ApplicationFilterChain.internalDoFilter(ApplicationFilterChain.java:164)
	at org.apache.catalina.core.ApplicationFilterChain.doFilter(ApplicationFilterChain.java:140)
	at org.springframework.web.filter.FormContentFilter.doFilterInternal(FormContentFilter.java:93)
	at org.springframework.web.filter.OncePerRequestFilter.doFilter(OncePerRequestFilter.java:116)
	at org.apache.catalina.core.ApplicationFilterChain.internalDoFilter(ApplicationFilterChain.java:164)
	at org.apache.catalina.core.ApplicationFilterChain.doFilter(ApplicationFilterChain.java:140)
	at org.springframework.web.filter.CharacterEncodingFilter.doFilterInternal(CharacterEncodingFilter.java:201)
	at org.springframework.web.filter.OncePerRequestFilter.doFilter(OncePerRequestFilter.java:116)
	at org.apache.catalina.core.ApplicationFilterChain.internalDoFilter(ApplicationFilterChain.java:164)
	at org.apache.catalina.core.ApplicationFilterChain.doFilter(ApplicationFilterChain.java:140)
	at org.apache.catalina.core.StandardWrapperValve.invoke(StandardWrapperValve.java:167)
	at org.apache.catalina.core.StandardContextValve.invoke(StandardContextValve.java:90)
	at org.apache.catalina.authenticator.AuthenticatorBase.invoke(AuthenticatorBase.java:483)
	at org.apache.catalina.core.StandardHostValve.invoke(StandardHostValve.java:115)
	at org.apache.catalina.valves.ErrorReportValve.invoke(ErrorReportValve.java:93)
	at org.apache.catalina.core.StandardEngineValve.invoke(StandardEngineValve.java:74)
	at org.apache.catalina.connector.CoyoteAdapter.service(CoyoteAdapter.java:344)
	at org.apache.coyote.http11.Http11Processor.service(Http11Processor.java:389)
	at org.apache.coyote.AbstractProcessorLight.process(AbstractProcessorLight.java:63)
	at org.apache.coyote.AbstractProtocol$ConnectionHandler.process(AbstractProtocol.java:904)
	at org.apache.tomcat.util.net.NioEndpoint$SocketProcessor.doRun(NioEndpoint.java:1741)
	at org.apache.tomcat.util.net.SocketProcessorBase.run(SocketProcessorBase.java:52)
	at org.apache.tomcat.util.threads.ThreadPoolExecutor.runWorker(ThreadPoolExecutor.java:1190)
	at org.apache.tomcat.util.threads.ThreadPoolExecutor$Worker.run(ThreadPoolExecutor.java:659)
	at org.apache.tomcat.util.threads.TaskThread$WrappingRunnable.run(TaskThread.java:63)
	at java.base/java.lang.Thread.run(Thread.java:833)
2024-08-13 07:03:11,823 DEBUG o.s.s.w.FilterChainProxy [http-nio-7777-exec-2] Securing GET /error
2024-08-13 07:03:11,856 DEBUG o.s.s.w.a.AnonymousAuthenticationFilter [http-nio-7777-exec-2] Set SecurityContextHolder to anonymous SecurityContext
2024-08-13 07:03:11,873 DEBUG o.s.s.w.a.Http403ForbiddenEntryPoint [http-nio-7777-exec-2] Pre-authenticated entry point called. Rejecting access
2024-08-13 07:03:11,915 DEBUG o.s.s.w.FilterChainProxy [http-nio-7777-exec-1] Securing GET /api/user/companies
2024-08-13 07:03:11,931 ERROR o.a.j.l.DirectJDKLog [http-nio-7777-exec-1] Servlet.service() for servlet [dispatcherServlet] in context with path [] threw exception
io.jsonwebtoken.ExpiredJwtException: JWT expired at 2024-08-13T01:31:40Z. Current time: 2024-08-13T01:33:11Z, a difference of 91931 milliseconds.  Allowed clock skew: 0 milliseconds.
	at io.jsonwebtoken.impl.DefaultJwtParser.parse(DefaultJwtParser.java:427)
	at io.jsonwebtoken.impl.DefaultJwtParser.parse(DefaultJwtParser.java:529)
	at io.jsonwebtoken.impl.DefaultJwtParser.parseClaimsJws(DefaultJwtParser.java:589)
	at io.jsonwebtoken.impl.ImmutableJwtParser.parseClaimsJws(ImmutableJwtParser.java:173)
	at com.max.quizspring.config.JwtToken.extractAllClaims(JwtToken.java:36)
	at com.max.quizspring.config.JwtToken.extraClaim(JwtToken.java:31)
	at com.max.quizspring.config.JwtToken.extractUsername(JwtToken.java:23)
	at com.max.quizspring.config.JwtAuthenticationFilter.doFilterInternal(JwtAuthenticationFilter.java:41)
	at org.springframework.web.filter.OncePerRequestFilter.doFilter(OncePerRequestFilter.java:116)
	at org.springframework.security.web.FilterChainProxy$VirtualFilterChain.doFilter(FilterChainProxy.java:374)
	at org.springframework.security.web.authentication.logout.LogoutFilter.doFilter(LogoutFilter.java:107)
	at org.springframework.security.web.authentication.logout.LogoutFilter.doFilter(LogoutFilter.java:93)
	at org.springframework.security.web.FilterChainProxy$VirtualFilterChain.doFilter(FilterChainProxy.java:374)
	at org.springframework.web.filter.CorsFilter.doFilterInternal(CorsFilter.java:91)
	at org.springframework.web.filter.OncePerRequestFilter.doFilter(OncePerRequestFilter.java:116)
	at org.springframework.security.web.FilterChainProxy$VirtualFilterChain.doFilter(FilterChainProxy.java:374)
	at org.springframework.security.web.header.HeaderWriterFilter.doHeadersAfter(HeaderWriterFilter.java:90)
	at org.springframework.security.web.header.HeaderWriterFilter.doFilterInternal(HeaderWriterFilter.java:75)
	at org.springframework.web.filter.OncePerRequestFilter.doFilter(OncePerRequestFilter.java:116)
	at org.springframework.security.web.FilterChainProxy$VirtualFilterChain.doFilter(FilterChainProxy.java:374)
	at org.springframework.security.web.context.SecurityContextHolderFilter.doFilter(SecurityContextHolderFilter.java:82)
	at org.springframework.security.web.context.SecurityContextHolderFilter.doFilter(SecurityContextHolderFilter.java:69)
	at org.springframework.security.web.FilterChainProxy$VirtualFilterChain.doFilter(FilterChainProxy.java:374)
	at org.springframework.security.web.context.request.async.WebAsyncManagerIntegrationFilter.doFilterInternal(WebAsyncManagerIntegrationFilter.java:62)
	at org.springframework.web.filter.OncePerRequestFilter.doFilter(OncePerRequestFilter.java:116)
	at org.springframework.security.web.FilterChainProxy$VirtualFilterChain.doFilter(FilterChainProxy.java:374)
	at org.springframework.security.web.session.DisableEncodeUrlFilter.doFilterInternal(DisableEncodeUrlFilter.java:42)
	at org.springframework.web.filter.OncePerRequestFilter.doFilter(OncePerRequestFilter.java:116)
	at org.springframework.security.web.FilterChainProxy$VirtualFilterChain.doFilter(FilterChainProxy.java:374)
	at org.springframework.security.web.FilterChainProxy.doFilterInternal(FilterChainProxy.java:233)
	at org.springframework.security.web.FilterChainProxy.doFilter(FilterChainProxy.java:191)
	at org.springframework.web.filter.CompositeFilter$VirtualFilterChain.doFilter(CompositeFilter.java:113)
	at org.springframework.web.servlet.handler.HandlerMappingIntrospector.lambda$createCacheFilter$3(HandlerMappingIntrospector.java:195)
	at org.springframework.web.filter.CompositeFilter$VirtualFilterChain.doFilter(CompositeFilter.java:113)
	at org.springframework.web.filter.CompositeFilter.doFilter(CompositeFilter.java:74)
	at org.springframework.security.config.annotation.web.configuration.WebMvcSecurityConfiguration$CompositeFilterChainProxy.doFilter(WebMvcSecurityConfiguration.java:230)
	at org.springframework.web.filter.DelegatingFilterProxy.invokeDelegate(DelegatingFilterProxy.java:352)
	at org.springframework.web.filter.DelegatingFilterProxy.doFilter(DelegatingFilterProxy.java:268)
	at org.apache.catalina.core.ApplicationFilterChain.internalDoFilter(ApplicationFilterChain.java:164)
	at org.apache.catalina.core.ApplicationFilterChain.doFilter(ApplicationFilterChain.java:140)
	at org.springframework.web.filter.RequestContextFilter.doFilterInternal(RequestContextFilter.java:100)
	at org.springframework.web.filter.OncePerRequestFilter.doFilter(OncePerRequestFilter.java:116)
	at org.apache.catalina.core.ApplicationFilterChain.internalDoFilter(ApplicationFilterChain.java:164)
	at org.apache.catalina.core.ApplicationFilterChain.doFilter(ApplicationFilterChain.java:140)
	at org.springframework.web.filter.FormContentFilter.doFilterInternal(FormContentFilter.java:93)
	at org.springframework.web.filter.OncePerRequestFilter.doFilter(OncePerRequestFilter.java:116)
	at org.apache.catalina.core.ApplicationFilterChain.internalDoFilter(ApplicationFilterChain.java:164)
	at org.apache.catalina.core.ApplicationFilterChain.doFilter(ApplicationFilterChain.java:140)
	at org.springframework.web.filter.CharacterEncodingFilter.doFilterInternal(CharacterEncodingFilter.java:201)
	at org.springframework.web.filter.OncePerRequestFilter.doFilter(OncePerRequestFilter.java:116)
	at org.apache.catalina.core.ApplicationFilterChain.internalDoFilter(ApplicationFilterChain.java:164)
	at org.apache.catalina.core.ApplicationFilterChain.doFilter(ApplicationFilterChain.java:140)
	at org.apache.catalina.core.StandardWrapperValve.invoke(StandardWrapperValve.java:167)
	at org.apache.catalina.core.StandardContextValve.invoke(StandardContextValve.java:90)
	at org.apache.catalina.authenticator.AuthenticatorBase.invoke(AuthenticatorBase.java:483)
	at org.apache.catalina.core.StandardHostValve.invoke(StandardHostValve.java:115)
	at org.apache.catalina.valves.ErrorReportValve.invoke(ErrorReportValve.java:93)
	at org.apache.catalina.core.StandardEngineValve.invoke(StandardEngineValve.java:74)
	at org.apache.catalina.connector.CoyoteAdapter.service(CoyoteAdapter.java:344)
	at org.apache.coyote.http11.Http11Processor.service(Http11Processor.java:389)
	at org.apache.coyote.AbstractProcessorLight.process(AbstractProcessorLight.java:63)
	at org.apache.coyote.AbstractProtocol$ConnectionHandler.process(AbstractProtocol.java:904)
	at org.apache.tomcat.util.net.NioEndpoint$SocketProcessor.doRun(NioEndpoint.java:1741)
	at org.apache.tomcat.util.net.SocketProcessorBase.run(SocketProcessorBase.java:52)
	at org.apache.tomcat.util.threads.ThreadPoolExecutor.runWorker(ThreadPoolExecutor.java:1190)
	at org.apache.tomcat.util.threads.ThreadPoolExecutor$Worker.run(ThreadPoolExecutor.java:659)
	at org.apache.tomcat.util.threads.TaskThread$WrappingRunnable.run(TaskThread.java:63)
	at java.base/java.lang.Thread.run(Thread.java:833)
2024-08-13 07:03:12,054 DEBUG o.s.s.w.FilterChainProxy [http-nio-7777-exec-1] Securing GET /error
2024-08-13 07:03:12,188 DEBUG o.s.s.w.a.AnonymousAuthenticationFilter [http-nio-7777-exec-1] Set SecurityContextHolder to anonymous SecurityContext
2024-08-13 07:03:12,226 DEBUG o.s.s.w.a.Http403ForbiddenEntryPoint [http-nio-7777-exec-1] Pre-authenticated entry point called. Rejecting access
2024-08-13 07:03:22,970 DEBUG o.s.s.w.FilterChainProxy [http-nio-7777-exec-8] Securing OPTIONS /api/user/companies
2024-08-13 07:03:22,978 DEBUG o.s.s.w.FilterChainProxy [http-nio-7777-exec-9] Securing POST /api/user/companies
2024-08-13 07:03:22,994 ERROR o.a.j.l.DirectJDKLog [http-nio-7777-exec-9] Servlet.service() for servlet [dispatcherServlet] in context with path [] threw exception
io.jsonwebtoken.ExpiredJwtException: JWT expired at 2024-08-13T01:31:40Z. Current time: 2024-08-13T01:33:22Z, a difference of 102985 milliseconds.  Allowed clock skew: 0 milliseconds.
	at io.jsonwebtoken.impl.DefaultJwtParser.parse(DefaultJwtParser.java:427)
	at io.jsonwebtoken.impl.DefaultJwtParser.parse(DefaultJwtParser.java:529)
	at io.jsonwebtoken.impl.DefaultJwtParser.parseClaimsJws(DefaultJwtParser.java:589)
	at io.jsonwebtoken.impl.ImmutableJwtParser.parseClaimsJws(ImmutableJwtParser.java:173)
	at com.max.quizspring.config.JwtToken.extractAllClaims(JwtToken.java:36)
	at com.max.quizspring.config.JwtToken.extraClaim(JwtToken.java:31)
	at com.max.quizspring.config.JwtToken.extractUsername(JwtToken.java:23)
	at com.max.quizspring.config.JwtAuthenticationFilter.doFilterInternal(JwtAuthenticationFilter.java:41)
	at org.springframework.web.filter.OncePerRequestFilter.doFilter(OncePerRequestFilter.java:116)
	at org.springframework.security.web.FilterChainProxy$VirtualFilterChain.doFilter(FilterChainProxy.java:374)
	at org.springframework.security.web.authentication.logout.LogoutFilter.doFilter(LogoutFilter.java:107)
	at org.springframework.security.web.authentication.logout.LogoutFilter.doFilter(LogoutFilter.java:93)
	at org.springframework.security.web.FilterChainProxy$VirtualFilterChain.doFilter(FilterChainProxy.java:374)
	at org.springframework.web.filter.CorsFilter.doFilterInternal(CorsFilter.java:91)
	at org.springframework.web.filter.OncePerRequestFilter.doFilter(OncePerRequestFilter.java:116)
	at org.springframework.security.web.FilterChainProxy$VirtualFilterChain.doFilter(FilterChainProxy.java:374)
	at org.springframework.security.web.header.HeaderWriterFilter.doHeadersAfter(HeaderWriterFilter.java:90)
	at org.springframework.security.web.header.HeaderWriterFilter.doFilterInternal(HeaderWriterFilter.java:75)
	at org.springframework.web.filter.OncePerRequestFilter.doFilter(OncePerRequestFilter.java:116)
	at org.springframework.security.web.FilterChainProxy$VirtualFilterChain.doFilter(FilterChainProxy.java:374)
	at org.springframework.security.web.context.SecurityContextHolderFilter.doFilter(SecurityContextHolderFilter.java:82)
	at org.springframework.security.web.context.SecurityContextHolderFilter.doFilter(SecurityContextHolderFilter.java:69)
	at org.springframework.security.web.FilterChainProxy$VirtualFilterChain.doFilter(FilterChainProxy.java:374)
	at org.springframework.security.web.context.request.async.WebAsyncManagerIntegrationFilter.doFilterInternal(WebAsyncManagerIntegrationFilter.java:62)
	at org.springframework.web.filter.OncePerRequestFilter.doFilter(OncePerRequestFilter.java:116)
	at org.springframework.security.web.FilterChainProxy$VirtualFilterChain.doFilter(FilterChainProxy.java:374)
	at org.springframework.security.web.session.DisableEncodeUrlFilter.doFilterInternal(DisableEncodeUrlFilter.java:42)
	at org.springframework.web.filter.OncePerRequestFilter.doFilter(OncePerRequestFilter.java:116)
	at org.springframework.security.web.FilterChainProxy$VirtualFilterChain.doFilter(FilterChainProxy.java:374)
	at org.springframework.security.web.FilterChainProxy.doFilterInternal(FilterChainProxy.java:233)
	at org.springframework.security.web.FilterChainProxy.doFilter(FilterChainProxy.java:191)
	at org.springframework.web.filter.CompositeFilter$VirtualFilterChain.doFilter(CompositeFilter.java:113)
	at org.springframework.web.servlet.handler.HandlerMappingIntrospector.lambda$createCacheFilter$3(HandlerMappingIntrospector.java:195)
	at org.springframework.web.filter.CompositeFilter$VirtualFilterChain.doFilter(CompositeFilter.java:113)
	at org.springframework.web.filter.CompositeFilter.doFilter(CompositeFilter.java:74)
	at org.springframework.security.config.annotation.web.configuration.WebMvcSecurityConfiguration$CompositeFilterChainProxy.doFilter(WebMvcSecurityConfiguration.java:230)
	at org.springframework.web.filter.DelegatingFilterProxy.invokeDelegate(DelegatingFilterProxy.java:352)
	at org.springframework.web.filter.DelegatingFilterProxy.doFilter(DelegatingFilterProxy.java:268)
	at org.apache.catalina.core.ApplicationFilterChain.internalDoFilter(ApplicationFilterChain.java:164)
	at org.apache.catalina.core.ApplicationFilterChain.doFilter(ApplicationFilterChain.java:140)
	at org.springframework.web.filter.RequestContextFilter.doFilterInternal(RequestContextFilter.java:100)
	at org.springframework.web.filter.OncePerRequestFilter.doFilter(OncePerRequestFilter.java:116)
	at org.apache.catalina.core.ApplicationFilterChain.internalDoFilter(ApplicationFilterChain.java:164)
	at org.apache.catalina.core.ApplicationFilterChain.doFilter(ApplicationFilterChain.java:140)
	at org.springframework.web.filter.FormContentFilter.doFilterInternal(FormContentFilter.java:93)
	at org.springframework.web.filter.OncePerRequestFilter.doFilter(OncePerRequestFilter.java:116)
	at org.apache.catalina.core.ApplicationFilterChain.internalDoFilter(ApplicationFilterChain.java:164)
	at org.apache.catalina.core.ApplicationFilterChain.doFilter(ApplicationFilterChain.java:140)
	at org.springframework.web.filter.CharacterEncodingFilter.doFilterInternal(CharacterEncodingFilter.java:201)
	at org.springframework.web.filter.OncePerRequestFilter.doFilter(OncePerRequestFilter.java:116)
	at org.apache.catalina.core.ApplicationFilterChain.internalDoFilter(ApplicationFilterChain.java:164)
	at org.apache.catalina.core.ApplicationFilterChain.doFilter(ApplicationFilterChain.java:140)
	at org.apache.catalina.core.StandardWrapperValve.invoke(StandardWrapperValve.java:167)
	at org.apache.catalina.core.StandardContextValve.invoke(StandardContextValve.java:90)
	at org.apache.catalina.authenticator.AuthenticatorBase.invoke(AuthenticatorBase.java:483)
	at org.apache.catalina.core.StandardHostValve.invoke(StandardHostValve.java:115)
	at org.apache.catalina.valves.ErrorReportValve.invoke(ErrorReportValve.java:93)
	at org.apache.catalina.core.StandardEngineValve.invoke(StandardEngineValve.java:74)
	at org.apache.catalina.connector.CoyoteAdapter.service(CoyoteAdapter.java:344)
	at org.apache.coyote.http11.Http11Processor.service(Http11Processor.java:389)
	at org.apache.coyote.AbstractProcessorLight.process(AbstractProcessorLight.java:63)
	at org.apache.coyote.AbstractProtocol$ConnectionHandler.process(AbstractProtocol.java:904)
	at org.apache.tomcat.util.net.NioEndpoint$SocketProcessor.doRun(NioEndpoint.java:1741)
	at org.apache.tomcat.util.net.SocketProcessorBase.run(SocketProcessorBase.java:52)
	at org.apache.tomcat.util.threads.ThreadPoolExecutor.runWorker(ThreadPoolExecutor.java:1190)
	at org.apache.tomcat.util.threads.ThreadPoolExecutor$Worker.run(ThreadPoolExecutor.java:659)
	at org.apache.tomcat.util.threads.TaskThread$WrappingRunnable.run(TaskThread.java:63)
	at java.base/java.lang.Thread.run(Thread.java:833)
2024-08-13 07:03:23,056 DEBUG o.s.s.w.FilterChainProxy [http-nio-7777-exec-9] Securing POST /error
2024-08-13 07:03:23,056 DEBUG o.s.s.w.a.AnonymousAuthenticationFilter [http-nio-7777-exec-9] Set SecurityContextHolder to anonymous SecurityContext
2024-08-13 07:03:23,068 DEBUG o.s.s.w.a.Http403ForbiddenEntryPoint [http-nio-7777-exec-9] Pre-authenticated entry point called. Rejecting access
2024-08-13 07:03:33,682 DEBUG o.s.s.w.FilterChainProxy [http-nio-7777-exec-5] Securing OPTIONS /api/users/all
2024-08-13 07:03:33,707 DEBUG o.s.s.w.FilterChainProxy [http-nio-7777-exec-10] Securing OPTIONS /api/users/all
2024-08-13 07:03:33,723 DEBUG o.s.s.w.FilterChainProxy [http-nio-7777-exec-4] Securing GET /api/users/all
2024-08-13 07:03:33,739 ERROR o.a.j.l.DirectJDKLog [http-nio-7777-exec-4] Servlet.service() for servlet [dispatcherServlet] in context with path [] threw exception
io.jsonwebtoken.ExpiredJwtException: JWT expired at 2024-08-13T01:31:40Z. Current time: 2024-08-13T01:33:33Z, a difference of 113733 milliseconds.  Allowed clock skew: 0 milliseconds.
	at io.jsonwebtoken.impl.DefaultJwtParser.parse(DefaultJwtParser.java:427)
	at io.jsonwebtoken.impl.DefaultJwtParser.parse(DefaultJwtParser.java:529)
	at io.jsonwebtoken.impl.DefaultJwtParser.parseClaimsJws(DefaultJwtParser.java:589)
	at io.jsonwebtoken.impl.ImmutableJwtParser.parseClaimsJws(ImmutableJwtParser.java:173)
	at com.max.quizspring.config.JwtToken.extractAllClaims(JwtToken.java:36)
	at com.max.quizspring.config.JwtToken.extraClaim(JwtToken.java:31)
	at com.max.quizspring.config.JwtToken.extractUsername(JwtToken.java:23)
	at com.max.quizspring.config.JwtAuthenticationFilter.doFilterInternal(JwtAuthenticationFilter.java:41)
	at org.springframework.web.filter.OncePerRequestFilter.doFilter(OncePerRequestFilter.java:116)
	at org.springframework.security.web.FilterChainProxy$VirtualFilterChain.doFilter(FilterChainProxy.java:374)
	at org.springframework.security.web.authentication.logout.LogoutFilter.doFilter(LogoutFilter.java:107)
	at org.springframework.security.web.authentication.logout.LogoutFilter.doFilter(LogoutFilter.java:93)
	at org.springframework.security.web.FilterChainProxy$VirtualFilterChain.doFilter(FilterChainProxy.java:374)
	at org.springframework.web.filter.CorsFilter.doFilterInternal(CorsFilter.java:91)
	at org.springframework.web.filter.OncePerRequestFilter.doFilter(OncePerRequestFilter.java:116)
	at org.springframework.security.web.FilterChainProxy$VirtualFilterChain.doFilter(FilterChainProxy.java:374)
	at org.springframework.security.web.header.HeaderWriterFilter.doHeadersAfter(HeaderWriterFilter.java:90)
	at org.springframework.security.web.header.HeaderWriterFilter.doFilterInternal(HeaderWriterFilter.java:75)
	at org.springframework.web.filter.OncePerRequestFilter.doFilter(OncePerRequestFilter.java:116)
	at org.springframework.security.web.FilterChainProxy$VirtualFilterChain.doFilter(FilterChainProxy.java:374)
	at org.springframework.security.web.context.SecurityContextHolderFilter.doFilter(SecurityContextHolderFilter.java:82)
	at org.springframework.security.web.context.SecurityContextHolderFilter.doFilter(SecurityContextHolderFilter.java:69)
	at org.springframework.security.web.FilterChainProxy$VirtualFilterChain.doFilter(FilterChainProxy.java:374)
	at org.springframework.security.web.context.request.async.WebAsyncManagerIntegrationFilter.doFilterInternal(WebAsyncManagerIntegrationFilter.java:62)
	at org.springframework.web.filter.OncePerRequestFilter.doFilter(OncePerRequestFilter.java:116)
	at org.springframework.security.web.FilterChainProxy$VirtualFilterChain.doFilter(FilterChainProxy.java:374)
	at org.springframework.security.web.session.DisableEncodeUrlFilter.doFilterInternal(DisableEncodeUrlFilter.java:42)
	at org.springframework.web.filter.OncePerRequestFilter.doFilter(OncePerRequestFilter.java:116)
	at org.springframework.security.web.FilterChainProxy$VirtualFilterChain.doFilter(FilterChainProxy.java:374)
	at org.springframework.security.web.FilterChainProxy.doFilterInternal(FilterChainProxy.java:233)
	at org.springframework.security.web.FilterChainProxy.doFilter(FilterChainProxy.java:191)
	at org.springframework.web.filter.CompositeFilter$VirtualFilterChain.doFilter(CompositeFilter.java:113)
	at org.springframework.web.servlet.handler.HandlerMappingIntrospector.lambda$createCacheFilter$3(HandlerMappingIntrospector.java:195)
	at org.springframework.web.filter.CompositeFilter$VirtualFilterChain.doFilter(CompositeFilter.java:113)
	at org.springframework.web.filter.CompositeFilter.doFilter(CompositeFilter.java:74)
	at org.springframework.security.config.annotation.web.configuration.WebMvcSecurityConfiguration$CompositeFilterChainProxy.doFilter(WebMvcSecurityConfiguration.java:230)
	at org.springframework.web.filter.DelegatingFilterProxy.invokeDelegate(DelegatingFilterProxy.java:352)
	at org.springframework.web.filter.DelegatingFilterProxy.doFilter(DelegatingFilterProxy.java:268)
	at org.apache.catalina.core.ApplicationFilterChain.internalDoFilter(ApplicationFilterChain.java:164)
	at org.apache.catalina.core.ApplicationFilterChain.doFilter(ApplicationFilterChain.java:140)
	at org.springframework.web.filter.RequestContextFilter.doFilterInternal(RequestContextFilter.java:100)
	at org.springframework.web.filter.OncePerRequestFilter.doFilter(OncePerRequestFilter.java:116)
	at org.apache.catalina.core.ApplicationFilterChain.internalDoFilter(ApplicationFilterChain.java:164)
	at org.apache.catalina.core.ApplicationFilterChain.doFilter(ApplicationFilterChain.java:140)
	at org.springframework.web.filter.FormContentFilter.doFilterInternal(FormContentFilter.java:93)
	at org.springframework.web.filter.OncePerRequestFilter.doFilter(OncePerRequestFilter.java:116)
	at org.apache.catalina.core.ApplicationFilterChain.internalDoFilter(ApplicationFilterChain.java:164)
	at org.apache.catalina.core.ApplicationFilterChain.doFilter(ApplicationFilterChain.java:140)
	at org.springframework.web.filter.CharacterEncodingFilter.doFilterInternal(CharacterEncodingFilter.java:201)
	at org.springframework.web.filter.OncePerRequestFilter.doFilter(OncePerRequestFilter.java:116)
	at org.apache.catalina.core.ApplicationFilterChain.internalDoFilter(ApplicationFilterChain.java:164)
	at org.apache.catalina.core.ApplicationFilterChain.doFilter(ApplicationFilterChain.java:140)
	at org.apache.catalina.core.StandardWrapperValve.invoke(StandardWrapperValve.java:167)
	at org.apache.catalina.core.StandardContextValve.invoke(StandardContextValve.java:90)
	at org.apache.catalina.authenticator.AuthenticatorBase.invoke(AuthenticatorBase.java:483)
	at org.apache.catalina.core.StandardHostValve.invoke(StandardHostValve.java:115)
	at org.apache.catalina.valves.ErrorReportValve.invoke(ErrorReportValve.java:93)
	at org.apache.catalina.core.StandardEngineValve.invoke(StandardEngineValve.java:74)
	at org.apache.catalina.connector.CoyoteAdapter.service(CoyoteAdapter.java:344)
	at org.apache.coyote.http11.Http11Processor.service(Http11Processor.java:389)
	at org.apache.coyote.AbstractProcessorLight.process(AbstractProcessorLight.java:63)
	at org.apache.coyote.AbstractProtocol$ConnectionHandler.process(AbstractProtocol.java:904)
	at org.apache.tomcat.util.net.NioEndpoint$SocketProcessor.doRun(NioEndpoint.java:1741)
	at org.apache.tomcat.util.net.SocketProcessorBase.run(SocketProcessorBase.java:52)
	at org.apache.tomcat.util.threads.ThreadPoolExecutor.runWorker(ThreadPoolExecutor.java:1190)
	at org.apache.tomcat.util.threads.ThreadPoolExecutor$Worker.run(ThreadPoolExecutor.java:659)
	at org.apache.tomcat.util.threads.TaskThread$WrappingRunnable.run(TaskThread.java:63)
	at java.base/java.lang.Thread.run(Thread.java:833)
2024-08-13 07:03:33,787 DEBUG o.s.s.w.FilterChainProxy [http-nio-7777-exec-4] Securing GET /error
2024-08-13 07:03:33,787 DEBUG o.s.s.w.a.AnonymousAuthenticationFilter [http-nio-7777-exec-4] Set SecurityContextHolder to anonymous SecurityContext
2024-08-13 07:03:33,787 DEBUG o.s.s.w.a.Http403ForbiddenEntryPoint [http-nio-7777-exec-4] Pre-authenticated entry point called. Rejecting access
2024-08-13 07:03:33,839 DEBUG o.s.s.w.FilterChainProxy [http-nio-7777-exec-3] Securing GET /api/users/all
2024-08-13 07:03:33,870 ERROR o.a.j.l.DirectJDKLog [http-nio-7777-exec-3] Servlet.service() for servlet [dispatcherServlet] in context with path [] threw exception
io.jsonwebtoken.ExpiredJwtException: JWT expired at 2024-08-13T01:31:40Z. Current time: 2024-08-13T01:33:33Z, a difference of 113870 milliseconds.  Allowed clock skew: 0 milliseconds.
	at io.jsonwebtoken.impl.DefaultJwtParser.parse(DefaultJwtParser.java:427)
	at io.jsonwebtoken.impl.DefaultJwtParser.parse(DefaultJwtParser.java:529)
	at io.jsonwebtoken.impl.DefaultJwtParser.parseClaimsJws(DefaultJwtParser.java:589)
	at io.jsonwebtoken.impl.ImmutableJwtParser.parseClaimsJws(ImmutableJwtParser.java:173)
	at com.max.quizspring.config.JwtToken.extractAllClaims(JwtToken.java:36)
	at com.max.quizspring.config.JwtToken.extraClaim(JwtToken.java:31)
	at com.max.quizspring.config.JwtToken.extractUsername(JwtToken.java:23)
	at com.max.quizspring.config.JwtAuthenticationFilter.doFilterInternal(JwtAuthenticationFilter.java:41)
	at org.springframework.web.filter.OncePerRequestFilter.doFilter(OncePerRequestFilter.java:116)
	at org.springframework.security.web.FilterChainProxy$VirtualFilterChain.doFilter(FilterChainProxy.java:374)
	at org.springframework.security.web.authentication.logout.LogoutFilter.doFilter(LogoutFilter.java:107)
	at org.springframework.security.web.authentication.logout.LogoutFilter.doFilter(LogoutFilter.java:93)
	at org.springframework.security.web.FilterChainProxy$VirtualFilterChain.doFilter(FilterChainProxy.java:374)
	at org.springframework.web.filter.CorsFilter.doFilterInternal(CorsFilter.java:91)
	at org.springframework.web.filter.OncePerRequestFilter.doFilter(OncePerRequestFilter.java:116)
	at org.springframework.security.web.FilterChainProxy$VirtualFilterChain.doFilter(FilterChainProxy.java:374)
	at org.springframework.security.web.header.HeaderWriterFilter.doHeadersAfter(HeaderWriterFilter.java:90)
	at org.springframework.security.web.header.HeaderWriterFilter.doFilterInternal(HeaderWriterFilter.java:75)
	at org.springframework.web.filter.OncePerRequestFilter.doFilter(OncePerRequestFilter.java:116)
	at org.springframework.security.web.FilterChainProxy$VirtualFilterChain.doFilter(FilterChainProxy.java:374)
	at org.springframework.security.web.context.SecurityContextHolderFilter.doFilter(SecurityContextHolderFilter.java:82)
	at org.springframework.security.web.context.SecurityContextHolderFilter.doFilter(SecurityContextHolderFilter.java:69)
	at org.springframework.security.web.FilterChainProxy$VirtualFilterChain.doFilter(FilterChainProxy.java:374)
	at org.springframework.security.web.context.request.async.WebAsyncManagerIntegrationFilter.doFilterInternal(WebAsyncManagerIntegrationFilter.java:62)
	at org.springframework.web.filter.OncePerRequestFilter.doFilter(OncePerRequestFilter.java:116)
	at org.springframework.security.web.FilterChainProxy$VirtualFilterChain.doFilter(FilterChainProxy.java:374)
	at org.springframework.security.web.session.DisableEncodeUrlFilter.doFilterInternal(DisableEncodeUrlFilter.java:42)
	at org.springframework.web.filter.OncePerRequestFilter.doFilter(OncePerRequestFilter.java:116)
	at org.springframework.security.web.FilterChainProxy$VirtualFilterChain.doFilter(FilterChainProxy.java:374)
	at org.springframework.security.web.FilterChainProxy.doFilterInternal(FilterChainProxy.java:233)
	at org.springframework.security.web.FilterChainProxy.doFilter(FilterChainProxy.java:191)
	at org.springframework.web.filter.CompositeFilter$VirtualFilterChain.doFilter(CompositeFilter.java:113)
	at org.springframework.web.servlet.handler.HandlerMappingIntrospector.lambda$createCacheFilter$3(HandlerMappingIntrospector.java:195)
	at org.springframework.web.filter.CompositeFilter$VirtualFilterChain.doFilter(CompositeFilter.java:113)
	at org.springframework.web.filter.CompositeFilter.doFilter(CompositeFilter.java:74)
	at org.springframework.security.config.annotation.web.configuration.WebMvcSecurityConfiguration$CompositeFilterChainProxy.doFilter(WebMvcSecurityConfiguration.java:230)
	at org.springframework.web.filter.DelegatingFilterProxy.invokeDelegate(DelegatingFilterProxy.java:352)
	at org.springframework.web.filter.DelegatingFilterProxy.doFilter(DelegatingFilterProxy.java:268)
	at org.apache.catalina.core.ApplicationFilterChain.internalDoFilter(ApplicationFilterChain.java:164)
	at org.apache.catalina.core.ApplicationFilterChain.doFilter(ApplicationFilterChain.java:140)
	at org.springframework.web.filter.RequestContextFilter.doFilterInternal(RequestContextFilter.java:100)
	at org.springframework.web.filter.OncePerRequestFilter.doFilter(OncePerRequestFilter.java:116)
	at org.apache.catalina.core.ApplicationFilterChain.internalDoFilter(ApplicationFilterChain.java:164)
	at org.apache.catalina.core.ApplicationFilterChain.doFilter(ApplicationFilterChain.java:140)
	at org.springframework.web.filter.FormContentFilter.doFilterInternal(FormContentFilter.java:93)
	at org.springframework.web.filter.OncePerRequestFilter.doFilter(OncePerRequestFilter.java:116)
	at org.apache.catalina.core.ApplicationFilterChain.internalDoFilter(ApplicationFilterChain.java:164)
	at org.apache.catalina.core.ApplicationFilterChain.doFilter(ApplicationFilterChain.java:140)
	at org.springframework.web.filter.CharacterEncodingFilter.doFilterInternal(CharacterEncodingFilter.java:201)
	at org.springframework.web.filter.OncePerRequestFilter.doFilter(OncePerRequestFilter.java:116)
	at org.apache.catalina.core.ApplicationFilterChain.internalDoFilter(ApplicationFilterChain.java:164)
	at org.apache.catalina.core.ApplicationFilterChain.doFilter(ApplicationFilterChain.java:140)
	at org.apache.catalina.core.StandardWrapperValve.invoke(StandardWrapperValve.java:167)
	at org.apache.catalina.core.StandardContextValve.invoke(StandardContextValve.java:90)
	at org.apache.catalina.authenticator.AuthenticatorBase.invoke(AuthenticatorBase.java:483)
	at org.apache.catalina.core.StandardHostValve.invoke(StandardHostValve.java:115)
	at org.apache.catalina.valves.ErrorReportValve.invoke(ErrorReportValve.java:93)
	at org.apache.catalina.core.StandardEngineValve.invoke(StandardEngineValve.java:74)
	at org.apache.catalina.connector.CoyoteAdapter.service(CoyoteAdapter.java:344)
	at org.apache.coyote.http11.Http11Processor.service(Http11Processor.java:389)
	at org.apache.coyote.AbstractProcessorLight.process(AbstractProcessorLight.java:63)
	at org.apache.coyote.AbstractProtocol$ConnectionHandler.process(AbstractProtocol.java:904)
	at org.apache.tomcat.util.net.NioEndpoint$SocketProcessor.doRun(NioEndpoint.java:1741)
	at org.apache.tomcat.util.net.SocketProcessorBase.run(SocketProcessorBase.java:52)
	at org.apache.tomcat.util.threads.ThreadPoolExecutor.runWorker(ThreadPoolExecutor.java:1190)
	at org.apache.tomcat.util.threads.ThreadPoolExecutor$Worker.run(ThreadPoolExecutor.java:659)
	at org.apache.tomcat.util.threads.TaskThread$WrappingRunnable.run(TaskThread.java:63)
	at java.base/java.lang.Thread.run(Thread.java:833)
2024-08-13 07:03:34,491 DEBUG o.s.s.w.FilterChainProxy [http-nio-7777-exec-3] Securing GET /error
2024-08-13 07:03:34,564 DEBUG o.s.s.w.a.AnonymousAuthenticationFilter [http-nio-7777-exec-3] Set SecurityContextHolder to anonymous SecurityContext
2024-08-13 07:03:34,566 DEBUG o.s.s.w.a.Http403ForbiddenEntryPoint [http-nio-7777-exec-3] Pre-authenticated entry point called. Rejecting access
2024-08-13 07:03:41,297 DEBUG o.s.s.w.FilterChainProxy [http-nio-7777-exec-7] Securing OPTIONS /api/users/email/shaikhaniscoder07@gmail.com
2024-08-13 07:03:41,297 DEBUG o.s.s.w.FilterChainProxy [http-nio-7777-exec-8] Securing OPTIONS /api/users/email/shaikhaniscoder07@gmail.com
2024-08-13 07:03:41,350 DEBUG o.s.s.w.FilterChainProxy [http-nio-7777-exec-9] Securing GET /api/users/email/shaikhaniscoder07@gmail.com
2024-08-13 07:03:41,365 ERROR o.a.j.l.DirectJDKLog [http-nio-7777-exec-9] Servlet.service() for servlet [dispatcherServlet] in context with path [] threw exception
io.jsonwebtoken.ExpiredJwtException: JWT expired at 2024-08-13T01:31:40Z. Current time: 2024-08-13T01:33:41Z, a difference of 121365 milliseconds.  Allowed clock skew: 0 milliseconds.
	at io.jsonwebtoken.impl.DefaultJwtParser.parse(DefaultJwtParser.java:427)
	at io.jsonwebtoken.impl.DefaultJwtParser.parse(DefaultJwtParser.java:529)
	at io.jsonwebtoken.impl.DefaultJwtParser.parseClaimsJws(DefaultJwtParser.java:589)
	at io.jsonwebtoken.impl.ImmutableJwtParser.parseClaimsJws(ImmutableJwtParser.java:173)
	at com.max.quizspring.config.JwtToken.extractAllClaims(JwtToken.java:36)
	at com.max.quizspring.config.JwtToken.extraClaim(JwtToken.java:31)
	at com.max.quizspring.config.JwtToken.extractUsername(JwtToken.java:23)
	at com.max.quizspring.config.JwtAuthenticationFilter.doFilterInternal(JwtAuthenticationFilter.java:41)
	at org.springframework.web.filter.OncePerRequestFilter.doFilter(OncePerRequestFilter.java:116)
	at org.springframework.security.web.FilterChainProxy$VirtualFilterChain.doFilter(FilterChainProxy.java:374)
	at org.springframework.security.web.authentication.logout.LogoutFilter.doFilter(LogoutFilter.java:107)
	at org.springframework.security.web.authentication.logout.LogoutFilter.doFilter(LogoutFilter.java:93)
	at org.springframework.security.web.FilterChainProxy$VirtualFilterChain.doFilter(FilterChainProxy.java:374)
	at org.springframework.web.filter.CorsFilter.doFilterInternal(CorsFilter.java:91)
	at org.springframework.web.filter.OncePerRequestFilter.doFilter(OncePerRequestFilter.java:116)
	at org.springframework.security.web.FilterChainProxy$VirtualFilterChain.doFilter(FilterChainProxy.java:374)
	at org.springframework.security.web.header.HeaderWriterFilter.doHeadersAfter(HeaderWriterFilter.java:90)
	at org.springframework.security.web.header.HeaderWriterFilter.doFilterInternal(HeaderWriterFilter.java:75)
	at org.springframework.web.filter.OncePerRequestFilter.doFilter(OncePerRequestFilter.java:116)
	at org.springframework.security.web.FilterChainProxy$VirtualFilterChain.doFilter(FilterChainProxy.java:374)
	at org.springframework.security.web.context.SecurityContextHolderFilter.doFilter(SecurityContextHolderFilter.java:82)
	at org.springframework.security.web.context.SecurityContextHolderFilter.doFilter(SecurityContextHolderFilter.java:69)
	at org.springframework.security.web.FilterChainProxy$VirtualFilterChain.doFilter(FilterChainProxy.java:374)
	at org.springframework.security.web.context.request.async.WebAsyncManagerIntegrationFilter.doFilterInternal(WebAsyncManagerIntegrationFilter.java:62)
	at org.springframework.web.filter.OncePerRequestFilter.doFilter(OncePerRequestFilter.java:116)
	at org.springframework.security.web.FilterChainProxy$VirtualFilterChain.doFilter(FilterChainProxy.java:374)
	at org.springframework.security.web.session.DisableEncodeUrlFilter.doFilterInternal(DisableEncodeUrlFilter.java:42)
	at org.springframework.web.filter.OncePerRequestFilter.doFilter(OncePerRequestFilter.java:116)
	at org.springframework.security.web.FilterChainProxy$VirtualFilterChain.doFilter(FilterChainProxy.java:374)
	at org.springframework.security.web.FilterChainProxy.doFilterInternal(FilterChainProxy.java:233)
	at org.springframework.security.web.FilterChainProxy.doFilter(FilterChainProxy.java:191)
	at org.springframework.web.filter.CompositeFilter$VirtualFilterChain.doFilter(CompositeFilter.java:113)
	at org.springframework.web.servlet.handler.HandlerMappingIntrospector.lambda$createCacheFilter$3(HandlerMappingIntrospector.java:195)
	at org.springframework.web.filter.CompositeFilter$VirtualFilterChain.doFilter(CompositeFilter.java:113)
	at org.springframework.web.filter.CompositeFilter.doFilter(CompositeFilter.java:74)
	at org.springframework.security.config.annotation.web.configuration.WebMvcSecurityConfiguration$CompositeFilterChainProxy.doFilter(WebMvcSecurityConfiguration.java:230)
	at org.springframework.web.filter.DelegatingFilterProxy.invokeDelegate(DelegatingFilterProxy.java:352)
	at org.springframework.web.filter.DelegatingFilterProxy.doFilter(DelegatingFilterProxy.java:268)
	at org.apache.catalina.core.ApplicationFilterChain.internalDoFilter(ApplicationFilterChain.java:164)
	at org.apache.catalina.core.ApplicationFilterChain.doFilter(ApplicationFilterChain.java:140)
	at org.springframework.web.filter.RequestContextFilter.doFilterInternal(RequestContextFilter.java:100)
	at org.springframework.web.filter.OncePerRequestFilter.doFilter(OncePerRequestFilter.java:116)
	at org.apache.catalina.core.ApplicationFilterChain.internalDoFilter(ApplicationFilterChain.java:164)
	at org.apache.catalina.core.ApplicationFilterChain.doFilter(ApplicationFilterChain.java:140)
	at org.springframework.web.filter.FormContentFilter.doFilterInternal(FormContentFilter.java:93)
	at org.springframework.web.filter.OncePerRequestFilter.doFilter(OncePerRequestFilter.java:116)
	at org.apache.catalina.core.ApplicationFilterChain.internalDoFilter(ApplicationFilterChain.java:164)
	at org.apache.catalina.core.ApplicationFilterChain.doFilter(ApplicationFilterChain.java:140)
	at org.springframework.web.filter.CharacterEncodingFilter.doFilterInternal(CharacterEncodingFilter.java:201)
	at org.springframework.web.filter.OncePerRequestFilter.doFilter(OncePerRequestFilter.java:116)
	at org.apache.catalina.core.ApplicationFilterChain.internalDoFilter(ApplicationFilterChain.java:164)
	at org.apache.catalina.core.ApplicationFilterChain.doFilter(ApplicationFilterChain.java:140)
	at org.apache.catalina.core.StandardWrapperValve.invoke(StandardWrapperValve.java:167)
	at org.apache.catalina.core.StandardContextValve.invoke(StandardContextValve.java:90)
	at org.apache.catalina.authenticator.AuthenticatorBase.invoke(AuthenticatorBase.java:483)
	at org.apache.catalina.core.StandardHostValve.invoke(StandardHostValve.java:115)
	at org.apache.catalina.valves.ErrorReportValve.invoke(ErrorReportValve.java:93)
	at org.apache.catalina.core.StandardEngineValve.invoke(StandardEngineValve.java:74)
	at org.apache.catalina.connector.CoyoteAdapter.service(CoyoteAdapter.java:344)
	at org.apache.coyote.http11.Http11Processor.service(Http11Processor.java:389)
	at org.apache.coyote.AbstractProcessorLight.process(AbstractProcessorLight.java:63)
	at org.apache.coyote.AbstractProtocol$ConnectionHandler.process(AbstractProtocol.java:904)
	at org.apache.tomcat.util.net.NioEndpoint$SocketProcessor.doRun(NioEndpoint.java:1741)
	at org.apache.tomcat.util.net.SocketProcessorBase.run(SocketProcessorBase.java:52)
	at org.apache.tomcat.util.threads.ThreadPoolExecutor.runWorker(ThreadPoolExecutor.java:1190)
	at org.apache.tomcat.util.threads.ThreadPoolExecutor$Worker.run(ThreadPoolExecutor.java:659)
	at org.apache.tomcat.util.threads.TaskThread$WrappingRunnable.run(TaskThread.java:63)
	at java.base/java.lang.Thread.run(Thread.java:833)
2024-08-13 07:03:41,400 DEBUG o.s.s.w.FilterChainProxy [http-nio-7777-exec-9] Securing GET /error
2024-08-13 07:03:41,434 DEBUG o.s.s.w.a.AnonymousAuthenticationFilter [http-nio-7777-exec-9] Set SecurityContextHolder to anonymous SecurityContext
2024-08-13 07:03:41,445 DEBUG o.s.s.w.a.Http403ForbiddenEntryPoint [http-nio-7777-exec-9] Pre-authenticated entry point called. Rejecting access
2024-08-13 07:03:41,534 DEBUG o.s.s.w.FilterChainProxy [http-nio-7777-exec-6] Securing GET /api/users/email/shaikhaniscoder07@gmail.com
2024-08-13 07:03:41,549 ERROR o.a.j.l.DirectJDKLog [http-nio-7777-exec-6] Servlet.service() for servlet [dispatcherServlet] in context with path [] threw exception
io.jsonwebtoken.ExpiredJwtException: JWT expired at 2024-08-13T01:31:40Z. Current time: 2024-08-13T01:33:41Z, a difference of 121549 milliseconds.  Allowed clock skew: 0 milliseconds.
	at io.jsonwebtoken.impl.DefaultJwtParser.parse(DefaultJwtParser.java:427)
	at io.jsonwebtoken.impl.DefaultJwtParser.parse(DefaultJwtParser.java:529)
	at io.jsonwebtoken.impl.DefaultJwtParser.parseClaimsJws(DefaultJwtParser.java:589)
	at io.jsonwebtoken.impl.ImmutableJwtParser.parseClaimsJws(ImmutableJwtParser.java:173)
	at com.max.quizspring.config.JwtToken.extractAllClaims(JwtToken.java:36)
	at com.max.quizspring.config.JwtToken.extraClaim(JwtToken.java:31)
	at com.max.quizspring.config.JwtToken.extractUsername(JwtToken.java:23)
	at com.max.quizspring.config.JwtAuthenticationFilter.doFilterInternal(JwtAuthenticationFilter.java:41)
	at org.springframework.web.filter.OncePerRequestFilter.doFilter(OncePerRequestFilter.java:116)
	at org.springframework.security.web.FilterChainProxy$VirtualFilterChain.doFilter(FilterChainProxy.java:374)
	at org.springframework.security.web.authentication.logout.LogoutFilter.doFilter(LogoutFilter.java:107)
	at org.springframework.security.web.authentication.logout.LogoutFilter.doFilter(LogoutFilter.java:93)
	at org.springframework.security.web.FilterChainProxy$VirtualFilterChain.doFilter(FilterChainProxy.java:374)
	at org.springframework.web.filter.CorsFilter.doFilterInternal(CorsFilter.java:91)
	at org.springframework.web.filter.OncePerRequestFilter.doFilter(OncePerRequestFilter.java:116)
	at org.springframework.security.web.FilterChainProxy$VirtualFilterChain.doFilter(FilterChainProxy.java:374)
	at org.springframework.security.web.header.HeaderWriterFilter.doHeadersAfter(HeaderWriterFilter.java:90)
	at org.springframework.security.web.header.HeaderWriterFilter.doFilterInternal(HeaderWriterFilter.java:75)
	at org.springframework.web.filter.OncePerRequestFilter.doFilter(OncePerRequestFilter.java:116)
	at org.springframework.security.web.FilterChainProxy$VirtualFilterChain.doFilter(FilterChainProxy.java:374)
	at org.springframework.security.web.context.SecurityContextHolderFilter.doFilter(SecurityContextHolderFilter.java:82)
	at org.springframework.security.web.context.SecurityContextHolderFilter.doFilter(SecurityContextHolderFilter.java:69)
	at org.springframework.security.web.FilterChainProxy$VirtualFilterChain.doFilter(FilterChainProxy.java:374)
	at org.springframework.security.web.context.request.async.WebAsyncManagerIntegrationFilter.doFilterInternal(WebAsyncManagerIntegrationFilter.java:62)
	at org.springframework.web.filter.OncePerRequestFilter.doFilter(OncePerRequestFilter.java:116)
	at org.springframework.security.web.FilterChainProxy$VirtualFilterChain.doFilter(FilterChainProxy.java:374)
	at org.springframework.security.web.session.DisableEncodeUrlFilter.doFilterInternal(DisableEncodeUrlFilter.java:42)
	at org.springframework.web.filter.OncePerRequestFilter.doFilter(OncePerRequestFilter.java:116)
	at org.springframework.security.web.FilterChainProxy$VirtualFilterChain.doFilter(FilterChainProxy.java:374)
	at org.springframework.security.web.FilterChainProxy.doFilterInternal(FilterChainProxy.java:233)
	at org.springframework.security.web.FilterChainProxy.doFilter(FilterChainProxy.java:191)
	at org.springframework.web.filter.CompositeFilter$VirtualFilterChain.doFilter(CompositeFilter.java:113)
	at org.springframework.web.servlet.handler.HandlerMappingIntrospector.lambda$createCacheFilter$3(HandlerMappingIntrospector.java:195)
	at org.springframework.web.filter.CompositeFilter$VirtualFilterChain.doFilter(CompositeFilter.java:113)
	at org.springframework.web.filter.CompositeFilter.doFilter(CompositeFilter.java:74)
	at org.springframework.security.config.annotation.web.configuration.WebMvcSecurityConfiguration$CompositeFilterChainProxy.doFilter(WebMvcSecurityConfiguration.java:230)
	at org.springframework.web.filter.DelegatingFilterProxy.invokeDelegate(DelegatingFilterProxy.java:352)
	at org.springframework.web.filter.DelegatingFilterProxy.doFilter(DelegatingFilterProxy.java:268)
	at org.apache.catalina.core.ApplicationFilterChain.internalDoFilter(ApplicationFilterChain.java:164)
	at org.apache.catalina.core.ApplicationFilterChain.doFilter(ApplicationFilterChain.java:140)
	at org.springframework.web.filter.RequestContextFilter.doFilterInternal(RequestContextFilter.java:100)
	at org.springframework.web.filter.OncePerRequestFilter.doFilter(OncePerRequestFilter.java:116)
	at org.apache.catalina.core.ApplicationFilterChain.internalDoFilter(ApplicationFilterChain.java:164)
	at org.apache.catalina.core.ApplicationFilterChain.doFilter(ApplicationFilterChain.java:140)
	at org.springframework.web.filter.FormContentFilter.doFilterInternal(FormContentFilter.java:93)
	at org.springframework.web.filter.OncePerRequestFilter.doFilter(OncePerRequestFilter.java:116)
	at org.apache.catalina.core.ApplicationFilterChain.internalDoFilter(ApplicationFilterChain.java:164)
	at org.apache.catalina.core.ApplicationFilterChain.doFilter(ApplicationFilterChain.java:140)
	at org.springframework.web.filter.CharacterEncodingFilter.doFilterInternal(CharacterEncodingFilter.java:201)
	at org.springframework.web.filter.OncePerRequestFilter.doFilter(OncePerRequestFilter.java:116)
	at org.apache.catalina.core.ApplicationFilterChain.internalDoFilter(ApplicationFilterChain.java:164)
	at org.apache.catalina.core.ApplicationFilterChain.doFilter(ApplicationFilterChain.java:140)
	at org.apache.catalina.core.StandardWrapperValve.invoke(StandardWrapperValve.java:167)
	at org.apache.catalina.core.StandardContextValve.invoke(StandardContextValve.java:90)
	at org.apache.catalina.authenticator.AuthenticatorBase.invoke(AuthenticatorBase.java:483)
	at org.apache.catalina.core.StandardHostValve.invoke(StandardHostValve.java:115)
	at org.apache.catalina.valves.ErrorReportValve.invoke(ErrorReportValve.java:93)
	at org.apache.catalina.core.StandardEngineValve.invoke(StandardEngineValve.java:74)
	at org.apache.catalina.connector.CoyoteAdapter.service(CoyoteAdapter.java:344)
	at org.apache.coyote.http11.Http11Processor.service(Http11Processor.java:389)
	at org.apache.coyote.AbstractProcessorLight.process(AbstractProcessorLight.java:63)
	at org.apache.coyote.AbstractProtocol$ConnectionHandler.process(AbstractProtocol.java:904)
	at org.apache.tomcat.util.net.NioEndpoint$SocketProcessor.doRun(NioEndpoint.java:1741)
	at org.apache.tomcat.util.net.SocketProcessorBase.run(SocketProcessorBase.java:52)
	at org.apache.tomcat.util.threads.ThreadPoolExecutor.runWorker(ThreadPoolExecutor.java:1190)
	at org.apache.tomcat.util.threads.ThreadPoolExecutor$Worker.run(ThreadPoolExecutor.java:659)
	at org.apache.tomcat.util.threads.TaskThread$WrappingRunnable.run(TaskThread.java:63)
	at java.base/java.lang.Thread.run(Thread.java:833)
2024-08-13 07:03:41,579 DEBUG o.s.s.w.FilterChainProxy [http-nio-7777-exec-6] Securing GET /error
2024-08-13 07:03:41,603 DEBUG o.s.s.w.a.AnonymousAuthenticationFilter [http-nio-7777-exec-6] Set SecurityContextHolder to anonymous SecurityContext
2024-08-13 07:03:41,603 DEBUG o.s.s.w.a.Http403ForbiddenEntryPoint [http-nio-7777-exec-6] Pre-authenticated entry point called. Rejecting access
2024-08-13 07:03:47,868 DEBUG o.s.s.w.FilterChainProxy [http-nio-7777-exec-4] Securing OPTIONS /api/auth/login
2024-08-13 07:03:47,986 DEBUG o.s.s.w.FilterChainProxy [http-nio-7777-exec-4] Securing POST /api/auth/login
2024-08-13 07:03:48,064 DEBUG o.s.s.w.a.AnonymousAuthenticationFilter [http-nio-7777-exec-4] Set SecurityContextHolder to anonymous SecurityContext
2024-08-13 07:03:48,142 DEBUG o.s.s.w.FilterChainProxy [http-nio-7777-exec-4] Secured POST /api/auth/login
2024-08-13 07:03:48,836 DEBUG o.s.s.a.d.AbstractUserDetailsAuthenticationProvider [http-nio-7777-exec-4] Authenticated user
2024-08-13 07:03:55,895 DEBUG o.s.s.w.FilterChainProxy [http-nio-7777-exec-2] Securing OPTIONS /api/user/companies
2024-08-13 07:03:55,895 DEBUG o.s.s.w.FilterChainProxy [http-nio-7777-exec-1] Securing OPTIONS /api/user/companies
2024-08-13 07:03:55,919 DEBUG o.s.s.w.FilterChainProxy [http-nio-7777-exec-7] Securing GET /api/user/companies
2024-08-13 07:03:56,014 DEBUG o.s.s.w.FilterChainProxy [http-nio-7777-exec-7] Secured GET /api/user/companies
2024-08-13 07:03:56,069 DEBUG o.s.s.w.FilterChainProxy [http-nio-7777-exec-8] Securing GET /api/user/companies
2024-08-13 07:03:56,130 DEBUG o.s.s.w.FilterChainProxy [http-nio-7777-exec-8] Secured GET /api/user/companies
2024-08-13 07:04:03,304 DEBUG o.s.s.w.FilterChainProxy [http-nio-7777-exec-9] Securing OPTIONS /api/user/companies/3
2024-08-13 07:04:03,310 DEBUG o.s.s.w.FilterChainProxy [http-nio-7777-exec-6] Securing DELETE /api/user/companies/3
2024-08-13 07:04:03,355 DEBUG o.s.s.w.FilterChainProxy [http-nio-7777-exec-6] Secured DELETE /api/user/companies/3
2024-08-13 07:04:03,433 DEBUG o.s.s.w.FilterChainProxy [http-nio-7777-exec-5] Securing OPTIONS /api/user/companies
2024-08-13 07:04:03,433 DEBUG o.s.s.w.FilterChainProxy [http-nio-7777-exec-10] Securing GET /api/user/companies
2024-08-13 07:04:03,464 DEBUG o.s.s.w.FilterChainProxy [http-nio-7777-exec-10] Secured GET /api/user/companies
2024-08-13 07:05:00,268 DEBUG o.s.s.w.FilterChainProxy [http-nio-7777-exec-2] Securing OPTIONS /api/user/companies
2024-08-13 07:05:00,469 DEBUG o.s.s.w.FilterChainProxy [http-nio-7777-exec-1] Securing GET /api/user/companies
2024-08-13 07:05:03,285 DEBUG o.s.s.w.FilterChainProxy [http-nio-7777-exec-1] Secured GET /api/user/companies
2024-08-13 07:05:05,084 DEBUG o.s.s.w.FilterChainProxy [http-nio-7777-exec-7] Securing GET /api/user/companies
2024-08-13 07:05:05,415 DEBUG o.s.s.w.FilterChainProxy [http-nio-7777-exec-7] Secured GET /api/user/companies
2024-08-13 07:05:05,604 DEBUG o.s.s.w.FilterChainProxy [http-nio-7777-exec-9] Securing GET /api/user/companies
2024-08-13 07:05:05,685 DEBUG o.s.s.w.FilterChainProxy [http-nio-7777-exec-9] Secured GET /api/user/companies
2024-08-13 07:05:23,861 DEBUG o.s.s.w.FilterChainProxy [http-nio-7777-exec-5] Securing OPTIONS /api/user/companies
2024-08-13 07:05:24,065 DEBUG o.s.s.w.FilterChainProxy [http-nio-7777-exec-10] Securing GET /api/user/companies
2024-08-13 07:05:24,189 DEBUG o.s.s.w.FilterChainProxy [http-nio-7777-exec-10] Secured GET /api/user/companies
2024-08-13 07:05:25,426 DEBUG o.s.s.w.FilterChainProxy [http-nio-7777-exec-3] Securing GET /api/user/companies
2024-08-13 07:05:25,482 DEBUG o.s.s.w.FilterChainProxy [http-nio-7777-exec-3] Secured GET /api/user/companies
2024-08-13 07:05:25,608 DEBUG o.s.s.w.FilterChainProxy [http-nio-7777-exec-4] Securing GET /api/user/companies
2024-08-13 07:05:25,708 DEBUG o.s.s.w.FilterChainProxy [http-nio-7777-exec-4] Secured GET /api/user/companies
2024-08-13 07:05:41,812 DEBUG o.s.s.w.FilterChainProxy [http-nio-7777-exec-1] Securing OPTIONS /api/user/companies
2024-08-13 07:05:41,824 DEBUG o.s.s.w.FilterChainProxy [http-nio-7777-exec-7] Securing OPTIONS /api/user/companies
2024-08-13 07:05:41,913 DEBUG o.s.s.w.FilterChainProxy [http-nio-7777-exec-8] Securing GET /api/user/companies
2024-08-13 07:05:42,012 DEBUG o.s.s.w.FilterChainProxy [http-nio-7777-exec-8] Secured GET /api/user/companies
2024-08-13 07:05:42,255 DEBUG o.s.s.w.FilterChainProxy [http-nio-7777-exec-9] Securing GET /api/user/companies
2024-08-13 07:05:42,471 DEBUG o.s.s.w.FilterChainProxy [http-nio-7777-exec-9] Secured GET /api/user/companies
2024-08-13 07:05:44,769 DEBUG o.s.s.w.FilterChainProxy [http-nio-7777-exec-6] Securing OPTIONS /api/user/jobs/company/6
2024-08-13 07:05:44,805 DEBUG o.s.s.w.FilterChainProxy [http-nio-7777-exec-5] Securing GET /api/user/jobs/company/6
2024-08-13 07:05:44,867 DEBUG o.s.s.w.FilterChainProxy [http-nio-7777-exec-5] Secured GET /api/user/jobs/company/6
2024-08-13 07:06:01,872 DEBUG o.s.s.w.FilterChainProxy [http-nio-7777-exec-4] Securing OPTIONS /api/user/companies
2024-08-13 07:06:02,189 DEBUG o.s.s.w.FilterChainProxy [http-nio-7777-exec-2] Securing GET /api/user/companies
2024-08-13 07:06:02,419 DEBUG o.s.s.w.FilterChainProxy [http-nio-7777-exec-2] Secured GET /api/user/companies
2024-08-13 07:06:09,358 DEBUG o.s.s.w.FilterChainProxy [http-nio-7777-exec-7] Securing OPTIONS /api/user/companies
2024-08-13 07:06:09,407 DEBUG o.s.s.w.FilterChainProxy [http-nio-7777-exec-8] Securing GET /api/user/companies
2024-08-13 07:06:09,520 DEBUG o.s.s.w.FilterChainProxy [http-nio-7777-exec-8] Secured GET /api/user/companies
2024-08-13 07:06:14,951 DEBUG o.s.s.w.FilterChainProxy [http-nio-7777-exec-6] Securing OPTIONS /api/user/jobs/company/6
2024-08-13 07:06:14,982 DEBUG o.s.s.w.FilterChainProxy [http-nio-7777-exec-5] Securing GET /api/user/jobs/company/6
2024-08-13 07:06:15,037 DEBUG o.s.s.w.FilterChainProxy [http-nio-7777-exec-5] Secured GET /api/user/jobs/company/6
2024-08-13 07:06:28,294 DEBUG o.s.s.w.FilterChainProxy [http-nio-7777-exec-4] Securing OPTIONS /api/user/companies
2024-08-13 07:06:28,294 DEBUG o.s.s.w.FilterChainProxy [http-nio-7777-exec-10] Securing OPTIONS /api/user/companies
2024-08-13 07:06:28,355 DEBUG o.s.s.w.FilterChainProxy [http-nio-7777-exec-2] Securing GET /api/user/companies
2024-08-13 07:06:28,736 DEBUG o.s.s.w.FilterChainProxy [http-nio-7777-exec-2] Secured GET /api/user/companies
2024-08-13 07:06:28,750 DEBUG o.s.s.w.FilterChainProxy [http-nio-7777-exec-1] Securing GET /api/user/companies
2024-08-13 07:06:28,868 DEBUG o.s.s.w.FilterChainProxy [http-nio-7777-exec-1] Secured GET /api/user/companies
2024-08-13 07:06:30,863 DEBUG o.s.s.w.FilterChainProxy [http-nio-7777-exec-9] Securing OPTIONS /api/user/jobs/company/6
2024-08-13 07:06:30,871 DEBUG o.s.s.w.FilterChainProxy [http-nio-7777-exec-6] Securing GET /api/user/jobs/company/6
2024-08-13 07:06:30,934 DEBUG o.s.s.w.FilterChainProxy [http-nio-7777-exec-6] Secured GET /api/user/jobs/company/6
2024-08-13 07:06:49,599 DEBUG o.s.s.w.FilterChainProxy [http-nio-7777-exec-10] Securing OPTIONS /api/user/companies
2024-08-13 07:06:49,599 DEBUG o.s.s.w.FilterChainProxy [http-nio-7777-exec-3] Securing OPTIONS /api/user/companies
2024-08-13 07:06:49,623 DEBUG o.s.s.w.FilterChainProxy [http-nio-7777-exec-4] Securing GET /api/user/companies
2024-08-13 07:06:49,674 DEBUG o.s.s.w.FilterChainProxy [http-nio-7777-exec-4] Secured GET /api/user/companies
2024-08-13 07:06:49,712 DEBUG o.s.s.w.FilterChainProxy [http-nio-7777-exec-2] Securing GET /api/user/companies
2024-08-13 07:06:49,768 DEBUG o.s.s.w.FilterChainProxy [http-nio-7777-exec-2] Secured GET /api/user/companies
2024-08-13 07:07:28,414 DEBUG o.s.s.w.FilterChainProxy [http-nio-7777-exec-8] Securing OPTIONS /api/user/jobs
2024-08-13 07:07:28,443 DEBUG o.s.s.w.FilterChainProxy [http-nio-7777-exec-9] Securing POST /api/user/jobs
2024-08-13 07:07:28,527 DEBUG o.s.s.w.FilterChainProxy [http-nio-7777-exec-9] Secured POST /api/user/jobs
2024-08-13 07:07:29,234 DEBUG o.s.s.w.FilterChainProxy [http-nio-7777-exec-6] Securing OPTIONS /api/user/companies
2024-08-13 07:07:29,238 DEBUG o.s.s.w.FilterChainProxy [http-nio-7777-exec-5] Securing GET /api/user/companies
2024-08-13 07:07:29,276 DEBUG o.s.s.w.FilterChainProxy [http-nio-7777-exec-5] Secured GET /api/user/companies
2024-08-13 07:07:31,236 DEBUG o.s.s.w.FilterChainProxy [http-nio-7777-exec-10] Securing OPTIONS /api/user/jobs/company/6
2024-08-13 07:07:31,242 DEBUG o.s.s.w.FilterChainProxy [http-nio-7777-exec-4] Securing GET /api/user/jobs/company/6
2024-08-13 07:07:31,278 DEBUG o.s.s.w.FilterChainProxy [http-nio-7777-exec-4] Secured GET /api/user/jobs/company/6
2024-08-13 07:16:14,502 DEBUG o.s.s.w.FilterChainProxy [http-nio-7777-exec-1] Securing OPTIONS /api/user/companies
2024-08-13 07:16:14,502 DEBUG o.s.s.w.FilterChainProxy [http-nio-7777-exec-7] Securing OPTIONS /api/user/companies
2024-08-13 07:16:18,027 DEBUG o.s.s.w.FilterChainProxy [http-nio-7777-exec-6] Securing GET /api/user/companies
2024-08-13 07:16:19,627 ERROR o.a.j.l.DirectJDKLog [http-nio-7777-exec-6] Servlet.service() for servlet [dispatcherServlet] in context with path [] threw exception
io.jsonwebtoken.ExpiredJwtException: JWT expired at 2024-08-13T01:43:53Z. Current time: 2024-08-13T01:46:19Z, a difference of 146491 milliseconds.  Allowed clock skew: 0 milliseconds.
	at io.jsonwebtoken.impl.DefaultJwtParser.parse(DefaultJwtParser.java:427)
	at io.jsonwebtoken.impl.DefaultJwtParser.parse(DefaultJwtParser.java:529)
	at io.jsonwebtoken.impl.DefaultJwtParser.parseClaimsJws(DefaultJwtParser.java:589)
	at io.jsonwebtoken.impl.ImmutableJwtParser.parseClaimsJws(ImmutableJwtParser.java:173)
	at com.max.quizspring.config.JwtToken.extractAllClaims(JwtToken.java:36)
	at com.max.quizspring.config.JwtToken.extraClaim(JwtToken.java:31)
	at com.max.quizspring.config.JwtToken.extractUsername(JwtToken.java:23)
	at com.max.quizspring.config.JwtAuthenticationFilter.doFilterInternal(JwtAuthenticationFilter.java:41)
	at org.springframework.web.filter.OncePerRequestFilter.doFilter(OncePerRequestFilter.java:116)
	at org.springframework.security.web.FilterChainProxy$VirtualFilterChain.doFilter(FilterChainProxy.java:374)
	at org.springframework.security.web.authentication.logout.LogoutFilter.doFilter(LogoutFilter.java:107)
	at org.springframework.security.web.authentication.logout.LogoutFilter.doFilter(LogoutFilter.java:93)
	at org.springframework.security.web.FilterChainProxy$VirtualFilterChain.doFilter(FilterChainProxy.java:374)
	at org.springframework.web.filter.CorsFilter.doFilterInternal(CorsFilter.java:91)
	at org.springframework.web.filter.OncePerRequestFilter.doFilter(OncePerRequestFilter.java:116)
	at org.springframework.security.web.FilterChainProxy$VirtualFilterChain.doFilter(FilterChainProxy.java:374)
	at org.springframework.security.web.header.HeaderWriterFilter.doHeadersAfter(HeaderWriterFilter.java:90)
	at org.springframework.security.web.header.HeaderWriterFilter.doFilterInternal(HeaderWriterFilter.java:75)
	at org.springframework.web.filter.OncePerRequestFilter.doFilter(OncePerRequestFilter.java:116)
	at org.springframework.security.web.FilterChainProxy$VirtualFilterChain.doFilter(FilterChainProxy.java:374)
	at org.springframework.security.web.context.SecurityContextHolderFilter.doFilter(SecurityContextHolderFilter.java:82)
	at org.springframework.security.web.context.SecurityContextHolderFilter.doFilter(SecurityContextHolderFilter.java:69)
	at org.springframework.security.web.FilterChainProxy$VirtualFilterChain.doFilter(FilterChainProxy.java:374)
	at org.springframework.security.web.context.request.async.WebAsyncManagerIntegrationFilter.doFilterInternal(WebAsyncManagerIntegrationFilter.java:62)
	at org.springframework.web.filter.OncePerRequestFilter.doFilter(OncePerRequestFilter.java:116)
	at org.springframework.security.web.FilterChainProxy$VirtualFilterChain.doFilter(FilterChainProxy.java:374)
	at org.springframework.security.web.session.DisableEncodeUrlFilter.doFilterInternal(DisableEncodeUrlFilter.java:42)
	at org.springframework.web.filter.OncePerRequestFilter.doFilter(OncePerRequestFilter.java:116)
	at org.springframework.security.web.FilterChainProxy$VirtualFilterChain.doFilter(FilterChainProxy.java:374)
	at org.springframework.security.web.FilterChainProxy.doFilterInternal(FilterChainProxy.java:233)
	at org.springframework.security.web.FilterChainProxy.doFilter(FilterChainProxy.java:191)
	at org.springframework.web.filter.CompositeFilter$VirtualFilterChain.doFilter(CompositeFilter.java:113)
	at org.springframework.web.servlet.handler.HandlerMappingIntrospector.lambda$createCacheFilter$3(HandlerMappingIntrospector.java:195)
	at org.springframework.web.filter.CompositeFilter$VirtualFilterChain.doFilter(CompositeFilter.java:113)
	at org.springframework.web.filter.CompositeFilter.doFilter(CompositeFilter.java:74)
	at org.springframework.security.config.annotation.web.configuration.WebMvcSecurityConfiguration$CompositeFilterChainProxy.doFilter(WebMvcSecurityConfiguration.java:230)
	at org.springframework.web.filter.DelegatingFilterProxy.invokeDelegate(DelegatingFilterProxy.java:352)
	at org.springframework.web.filter.DelegatingFilterProxy.doFilter(DelegatingFilterProxy.java:268)
	at org.apache.catalina.core.ApplicationFilterChain.internalDoFilter(ApplicationFilterChain.java:164)
	at org.apache.catalina.core.ApplicationFilterChain.doFilter(ApplicationFilterChain.java:140)
	at org.springframework.web.filter.RequestContextFilter.doFilterInternal(RequestContextFilter.java:100)
	at org.springframework.web.filter.OncePerRequestFilter.doFilter(OncePerRequestFilter.java:116)
	at org.apache.catalina.core.ApplicationFilterChain.internalDoFilter(ApplicationFilterChain.java:164)
	at org.apache.catalina.core.ApplicationFilterChain.doFilter(ApplicationFilterChain.java:140)
	at org.springframework.web.filter.FormContentFilter.doFilterInternal(FormContentFilter.java:93)
	at org.springframework.web.filter.OncePerRequestFilter.doFilter(OncePerRequestFilter.java:116)
	at org.apache.catalina.core.ApplicationFilterChain.internalDoFilter(ApplicationFilterChain.java:164)
	at org.apache.catalina.core.ApplicationFilterChain.doFilter(ApplicationFilterChain.java:140)
	at org.springframework.web.filter.CharacterEncodingFilter.doFilterInternal(CharacterEncodingFilter.java:201)
	at org.springframework.web.filter.OncePerRequestFilter.doFilter(OncePerRequestFilter.java:116)
	at org.apache.catalina.core.ApplicationFilterChain.internalDoFilter(ApplicationFilterChain.java:164)
	at org.apache.catalina.core.ApplicationFilterChain.doFilter(ApplicationFilterChain.java:140)
	at org.apache.catalina.core.StandardWrapperValve.invoke(StandardWrapperValve.java:167)
	at org.apache.catalina.core.StandardContextValve.invoke(StandardContextValve.java:90)
	at org.apache.catalina.authenticator.AuthenticatorBase.invoke(AuthenticatorBase.java:483)
	at org.apache.catalina.core.StandardHostValve.invoke(StandardHostValve.java:115)
	at org.apache.catalina.valves.ErrorReportValve.invoke(ErrorReportValve.java:93)
	at org.apache.catalina.core.StandardEngineValve.invoke(StandardEngineValve.java:74)
	at org.apache.catalina.connector.CoyoteAdapter.service(CoyoteAdapter.java:344)
	at org.apache.coyote.http11.Http11Processor.service(Http11Processor.java:389)
	at org.apache.coyote.AbstractProcessorLight.process(AbstractProcessorLight.java:63)
	at org.apache.coyote.AbstractProtocol$ConnectionHandler.process(AbstractProtocol.java:904)
	at org.apache.tomcat.util.net.NioEndpoint$SocketProcessor.doRun(NioEndpoint.java:1741)
	at org.apache.tomcat.util.net.SocketProcessorBase.run(SocketProcessorBase.java:52)
	at org.apache.tomcat.util.threads.ThreadPoolExecutor.runWorker(ThreadPoolExecutor.java:1190)
	at org.apache.tomcat.util.threads.ThreadPoolExecutor$Worker.run(ThreadPoolExecutor.java:659)
	at org.apache.tomcat.util.threads.TaskThread$WrappingRunnable.run(TaskThread.java:63)
	at java.base/java.lang.Thread.run(Thread.java:833)
2024-08-13 07:16:20,253 DEBUG o.s.s.w.FilterChainProxy [http-nio-7777-exec-6] Securing GET /error
2024-08-13 07:16:20,493 DEBUG o.s.s.w.a.AnonymousAuthenticationFilter [http-nio-7777-exec-6] Set SecurityContextHolder to anonymous SecurityContext
2024-08-13 07:16:20,669 DEBUG o.s.s.w.a.Http403ForbiddenEntryPoint [http-nio-7777-exec-6] Pre-authenticated entry point called. Rejecting access
2024-08-13 07:16:21,224 DEBUG o.s.s.w.FilterChainProxy [http-nio-7777-exec-5] Securing GET /api/user/companies
2024-08-13 07:16:21,368 ERROR o.a.j.l.DirectJDKLog [http-nio-7777-exec-5] Servlet.service() for servlet [dispatcherServlet] in context with path [] threw exception
io.jsonwebtoken.ExpiredJwtException: JWT expired at 2024-08-13T01:43:53Z. Current time: 2024-08-13T01:46:21Z, a difference of 148368 milliseconds.  Allowed clock skew: 0 milliseconds.
	at io.jsonwebtoken.impl.DefaultJwtParser.parse(DefaultJwtParser.java:427)
	at io.jsonwebtoken.impl.DefaultJwtParser.parse(DefaultJwtParser.java:529)
	at io.jsonwebtoken.impl.DefaultJwtParser.parseClaimsJws(DefaultJwtParser.java:589)
	at io.jsonwebtoken.impl.ImmutableJwtParser.parseClaimsJws(ImmutableJwtParser.java:173)
	at com.max.quizspring.config.JwtToken.extractAllClaims(JwtToken.java:36)
	at com.max.quizspring.config.JwtToken.extraClaim(JwtToken.java:31)
	at com.max.quizspring.config.JwtToken.extractUsername(JwtToken.java:23)
	at com.max.quizspring.config.JwtAuthenticationFilter.doFilterInternal(JwtAuthenticationFilter.java:41)
	at org.springframework.web.filter.OncePerRequestFilter.doFilter(OncePerRequestFilter.java:116)
	at org.springframework.security.web.FilterChainProxy$VirtualFilterChain.doFilter(FilterChainProxy.java:374)
	at org.springframework.security.web.authentication.logout.LogoutFilter.doFilter(LogoutFilter.java:107)
	at org.springframework.security.web.authentication.logout.LogoutFilter.doFilter(LogoutFilter.java:93)
	at org.springframework.security.web.FilterChainProxy$VirtualFilterChain.doFilter(FilterChainProxy.java:374)
	at org.springframework.web.filter.CorsFilter.doFilterInternal(CorsFilter.java:91)
	at org.springframework.web.filter.OncePerRequestFilter.doFilter(OncePerRequestFilter.java:116)
	at org.springframework.security.web.FilterChainProxy$VirtualFilterChain.doFilter(FilterChainProxy.java:374)
	at org.springframework.security.web.header.HeaderWriterFilter.doHeadersAfter(HeaderWriterFilter.java:90)
	at org.springframework.security.web.header.HeaderWriterFilter.doFilterInternal(HeaderWriterFilter.java:75)
	at org.springframework.web.filter.OncePerRequestFilter.doFilter(OncePerRequestFilter.java:116)
	at org.springframework.security.web.FilterChainProxy$VirtualFilterChain.doFilter(FilterChainProxy.java:374)
	at org.springframework.security.web.context.SecurityContextHolderFilter.doFilter(SecurityContextHolderFilter.java:82)
	at org.springframework.security.web.context.SecurityContextHolderFilter.doFilter(SecurityContextHolderFilter.java:69)
	at org.springframework.security.web.FilterChainProxy$VirtualFilterChain.doFilter(FilterChainProxy.java:374)
	at org.springframework.security.web.context.request.async.WebAsyncManagerIntegrationFilter.doFilterInternal(WebAsyncManagerIntegrationFilter.java:62)
	at org.springframework.web.filter.OncePerRequestFilter.doFilter(OncePerRequestFilter.java:116)
	at org.springframework.security.web.FilterChainProxy$VirtualFilterChain.doFilter(FilterChainProxy.java:374)
	at org.springframework.security.web.session.DisableEncodeUrlFilter.doFilterInternal(DisableEncodeUrlFilter.java:42)
	at org.springframework.web.filter.OncePerRequestFilter.doFilter(OncePerRequestFilter.java:116)
	at org.springframework.security.web.FilterChainProxy$VirtualFilterChain.doFilter(FilterChainProxy.java:374)
	at org.springframework.security.web.FilterChainProxy.doFilterInternal(FilterChainProxy.java:233)
	at org.springframework.security.web.FilterChainProxy.doFilter(FilterChainProxy.java:191)
	at org.springframework.web.filter.CompositeFilter$VirtualFilterChain.doFilter(CompositeFilter.java:113)
	at org.springframework.web.servlet.handler.HandlerMappingIntrospector.lambda$createCacheFilter$3(HandlerMappingIntrospector.java:195)
	at org.springframework.web.filter.CompositeFilter$VirtualFilterChain.doFilter(CompositeFilter.java:113)
	at org.springframework.web.filter.CompositeFilter.doFilter(CompositeFilter.java:74)
	at org.springframework.security.config.annotation.web.configuration.WebMvcSecurityConfiguration$CompositeFilterChainProxy.doFilter(WebMvcSecurityConfiguration.java:230)
	at org.springframework.web.filter.DelegatingFilterProxy.invokeDelegate(DelegatingFilterProxy.java:352)
	at org.springframework.web.filter.DelegatingFilterProxy.doFilter(DelegatingFilterProxy.java:268)
	at org.apache.catalina.core.ApplicationFilterChain.internalDoFilter(ApplicationFilterChain.java:164)
	at org.apache.catalina.core.ApplicationFilterChain.doFilter(ApplicationFilterChain.java:140)
	at org.springframework.web.filter.RequestContextFilter.doFilterInternal(RequestContextFilter.java:100)
	at org.springframework.web.filter.OncePerRequestFilter.doFilter(OncePerRequestFilter.java:116)
	at org.apache.catalina.core.ApplicationFilterChain.internalDoFilter(ApplicationFilterChain.java:164)
	at org.apache.catalina.core.ApplicationFilterChain.doFilter(ApplicationFilterChain.java:140)
	at org.springframework.web.filter.FormContentFilter.doFilterInternal(FormContentFilter.java:93)
	at org.springframework.web.filter.OncePerRequestFilter.doFilter(OncePerRequestFilter.java:116)
	at org.apache.catalina.core.ApplicationFilterChain.internalDoFilter(ApplicationFilterChain.java:164)
	at org.apache.catalina.core.ApplicationFilterChain.doFilter(ApplicationFilterChain.java:140)
	at org.springframework.web.filter.CharacterEncodingFilter.doFilterInternal(CharacterEncodingFilter.java:201)
	at org.springframework.web.filter.OncePerRequestFilter.doFilter(OncePerRequestFilter.java:116)
	at org.apache.catalina.core.ApplicationFilterChain.internalDoFilter(ApplicationFilterChain.java:164)
	at org.apache.catalina.core.ApplicationFilterChain.doFilter(ApplicationFilterChain.java:140)
	at org.apache.catalina.core.StandardWrapperValve.invoke(StandardWrapperValve.java:167)
	at org.apache.catalina.core.StandardContextValve.invoke(StandardContextValve.java:90)
	at org.apache.catalina.authenticator.AuthenticatorBase.invoke(AuthenticatorBase.java:483)
	at org.apache.catalina.core.StandardHostValve.invoke(StandardHostValve.java:115)
	at org.apache.catalina.valves.ErrorReportValve.invoke(ErrorReportValve.java:93)
	at org.apache.catalina.core.StandardEngineValve.invoke(StandardEngineValve.java:74)
	at org.apache.catalina.connector.CoyoteAdapter.service(CoyoteAdapter.java:344)
	at org.apache.coyote.http11.Http11Processor.service(Http11Processor.java:389)
	at org.apache.coyote.AbstractProcessorLight.process(AbstractProcessorLight.java:63)
	at org.apache.coyote.AbstractProtocol$ConnectionHandler.process(AbstractProtocol.java:904)
	at org.apache.tomcat.util.net.NioEndpoint$SocketProcessor.doRun(NioEndpoint.java:1741)
	at org.apache.tomcat.util.net.SocketProcessorBase.run(SocketProcessorBase.java:52)
	at org.apache.tomcat.util.threads.ThreadPoolExecutor.runWorker(ThreadPoolExecutor.java:1190)
	at org.apache.tomcat.util.threads.ThreadPoolExecutor$Worker.run(ThreadPoolExecutor.java:659)
	at org.apache.tomcat.util.threads.TaskThread$WrappingRunnable.run(TaskThread.java:63)
	at java.base/java.lang.Thread.run(Thread.java:833)
2024-08-13 07:16:21,496 DEBUG o.s.s.w.FilterChainProxy [http-nio-7777-exec-5] Securing GET /error
2024-08-13 07:16:21,496 DEBUG o.s.s.w.a.AnonymousAuthenticationFilter [http-nio-7777-exec-5] Set SecurityContextHolder to anonymous SecurityContext
2024-08-13 07:16:21,496 DEBUG o.s.s.w.a.Http403ForbiddenEntryPoint [http-nio-7777-exec-5] Pre-authenticated entry point called. Rejecting access
2024-08-13 07:16:24,869 DEBUG o.s.s.w.FilterChainProxy [http-nio-7777-exec-4] Securing OPTIONS /api/user/companies
2024-08-13 07:16:24,940 DEBUG o.s.s.w.FilterChainProxy [http-nio-7777-exec-2] Securing GET /api/user/companies
2024-08-13 07:16:24,954 DEBUG o.s.s.w.FilterChainProxy [http-nio-7777-exec-10] Securing OPTIONS /api/user/companies
2024-08-13 07:16:24,973 ERROR o.a.j.l.DirectJDKLog [http-nio-7777-exec-2] Servlet.service() for servlet [dispatcherServlet] in context with path [] threw exception
io.jsonwebtoken.ExpiredJwtException: JWT expired at 2024-08-13T01:43:53Z. Current time: 2024-08-13T01:46:24Z, a difference of 151973 milliseconds.  Allowed clock skew: 0 milliseconds.
	at io.jsonwebtoken.impl.DefaultJwtParser.parse(DefaultJwtParser.java:427)
	at io.jsonwebtoken.impl.DefaultJwtParser.parse(DefaultJwtParser.java:529)
	at io.jsonwebtoken.impl.DefaultJwtParser.parseClaimsJws(DefaultJwtParser.java:589)
	at io.jsonwebtoken.impl.ImmutableJwtParser.parseClaimsJws(ImmutableJwtParser.java:173)
	at com.max.quizspring.config.JwtToken.extractAllClaims(JwtToken.java:36)
	at com.max.quizspring.config.JwtToken.extraClaim(JwtToken.java:31)
	at com.max.quizspring.config.JwtToken.extractUsername(JwtToken.java:23)
	at com.max.quizspring.config.JwtAuthenticationFilter.doFilterInternal(JwtAuthenticationFilter.java:41)
	at org.springframework.web.filter.OncePerRequestFilter.doFilter(OncePerRequestFilter.java:116)
	at org.springframework.security.web.FilterChainProxy$VirtualFilterChain.doFilter(FilterChainProxy.java:374)
	at org.springframework.security.web.authentication.logout.LogoutFilter.doFilter(LogoutFilter.java:107)
	at org.springframework.security.web.authentication.logout.LogoutFilter.doFilter(LogoutFilter.java:93)
	at org.springframework.security.web.FilterChainProxy$VirtualFilterChain.doFilter(FilterChainProxy.java:374)
	at org.springframework.web.filter.CorsFilter.doFilterInternal(CorsFilter.java:91)
	at org.springframework.web.filter.OncePerRequestFilter.doFilter(OncePerRequestFilter.java:116)
	at org.springframework.security.web.FilterChainProxy$VirtualFilterChain.doFilter(FilterChainProxy.java:374)
	at org.springframework.security.web.header.HeaderWriterFilter.doHeadersAfter(HeaderWriterFilter.java:90)
	at org.springframework.security.web.header.HeaderWriterFilter.doFilterInternal(HeaderWriterFilter.java:75)
	at org.springframework.web.filter.OncePerRequestFilter.doFilter(OncePerRequestFilter.java:116)
	at org.springframework.security.web.FilterChainProxy$VirtualFilterChain.doFilter(FilterChainProxy.java:374)
	at org.springframework.security.web.context.SecurityContextHolderFilter.doFilter(SecurityContextHolderFilter.java:82)
	at org.springframework.security.web.context.SecurityContextHolderFilter.doFilter(SecurityContextHolderFilter.java:69)
	at org.springframework.security.web.FilterChainProxy$VirtualFilterChain.doFilter(FilterChainProxy.java:374)
	at org.springframework.security.web.context.request.async.WebAsyncManagerIntegrationFilter.doFilterInternal(WebAsyncManagerIntegrationFilter.java:62)
	at org.springframework.web.filter.OncePerRequestFilter.doFilter(OncePerRequestFilter.java:116)
	at org.springframework.security.web.FilterChainProxy$VirtualFilterChain.doFilter(FilterChainProxy.java:374)
	at org.springframework.security.web.session.DisableEncodeUrlFilter.doFilterInternal(DisableEncodeUrlFilter.java:42)
	at org.springframework.web.filter.OncePerRequestFilter.doFilter(OncePerRequestFilter.java:116)
	at org.springframework.security.web.FilterChainProxy$VirtualFilterChain.doFilter(FilterChainProxy.java:374)
	at org.springframework.security.web.FilterChainProxy.doFilterInternal(FilterChainProxy.java:233)
	at org.springframework.security.web.FilterChainProxy.doFilter(FilterChainProxy.java:191)
	at org.springframework.web.filter.CompositeFilter$VirtualFilterChain.doFilter(CompositeFilter.java:113)
	at org.springframework.web.servlet.handler.HandlerMappingIntrospector.lambda$createCacheFilter$3(HandlerMappingIntrospector.java:195)
	at org.springframework.web.filter.CompositeFilter$VirtualFilterChain.doFilter(CompositeFilter.java:113)
	at org.springframework.web.filter.CompositeFilter.doFilter(CompositeFilter.java:74)
	at org.springframework.security.config.annotation.web.configuration.WebMvcSecurityConfiguration$CompositeFilterChainProxy.doFilter(WebMvcSecurityConfiguration.java:230)
	at org.springframework.web.filter.DelegatingFilterProxy.invokeDelegate(DelegatingFilterProxy.java:352)
	at org.springframework.web.filter.DelegatingFilterProxy.doFilter(DelegatingFilterProxy.java:268)
	at org.apache.catalina.core.ApplicationFilterChain.internalDoFilter(ApplicationFilterChain.java:164)
	at org.apache.catalina.core.ApplicationFilterChain.doFilter(ApplicationFilterChain.java:140)
	at org.springframework.web.filter.RequestContextFilter.doFilterInternal(RequestContextFilter.java:100)
	at org.springframework.web.filter.OncePerRequestFilter.doFilter(OncePerRequestFilter.java:116)
	at org.apache.catalina.core.ApplicationFilterChain.internalDoFilter(ApplicationFilterChain.java:164)
	at org.apache.catalina.core.ApplicationFilterChain.doFilter(ApplicationFilterChain.java:140)
	at org.springframework.web.filter.FormContentFilter.doFilterInternal(FormContentFilter.java:93)
	at org.springframework.web.filter.OncePerRequestFilter.doFilter(OncePerRequestFilter.java:116)
	at org.apache.catalina.core.ApplicationFilterChain.internalDoFilter(ApplicationFilterChain.java:164)
	at org.apache.catalina.core.ApplicationFilterChain.doFilter(ApplicationFilterChain.java:140)
	at org.springframework.web.filter.CharacterEncodingFilter.doFilterInternal(CharacterEncodingFilter.java:201)
	at org.springframework.web.filter.OncePerRequestFilter.doFilter(OncePerRequestFilter.java:116)
	at org.apache.catalina.core.ApplicationFilterChain.internalDoFilter(ApplicationFilterChain.java:164)
	at org.apache.catalina.core.ApplicationFilterChain.doFilter(ApplicationFilterChain.java:140)
	at org.apache.catalina.core.StandardWrapperValve.invoke(StandardWrapperValve.java:167)
	at org.apache.catalina.core.StandardContextValve.invoke(StandardContextValve.java:90)
	at org.apache.catalina.authenticator.AuthenticatorBase.invoke(AuthenticatorBase.java:483)
	at org.apache.catalina.core.StandardHostValve.invoke(StandardHostValve.java:115)
	at org.apache.catalina.valves.ErrorReportValve.invoke(ErrorReportValve.java:93)
	at org.apache.catalina.core.StandardEngineValve.invoke(StandardEngineValve.java:74)
	at org.apache.catalina.connector.CoyoteAdapter.service(CoyoteAdapter.java:344)
	at org.apache.coyote.http11.Http11Processor.service(Http11Processor.java:389)
	at org.apache.coyote.AbstractProcessorLight.process(AbstractProcessorLight.java:63)
	at org.apache.coyote.AbstractProtocol$ConnectionHandler.process(AbstractProtocol.java:904)
	at org.apache.tomcat.util.net.NioEndpoint$SocketProcessor.doRun(NioEndpoint.java:1741)
	at org.apache.tomcat.util.net.SocketProcessorBase.run(SocketProcessorBase.java:52)
	at org.apache.tomcat.util.threads.ThreadPoolExecutor.runWorker(ThreadPoolExecutor.java:1190)
	at org.apache.tomcat.util.threads.ThreadPoolExecutor$Worker.run(ThreadPoolExecutor.java:659)
	at org.apache.tomcat.util.threads.TaskThread$WrappingRunnable.run(TaskThread.java:63)
	at java.base/java.lang.Thread.run(Thread.java:833)
2024-08-13 07:16:25,044 DEBUG o.s.s.w.FilterChainProxy [http-nio-7777-exec-2] Securing GET /error
2024-08-13 07:16:25,044 DEBUG o.s.s.w.a.AnonymousAuthenticationFilter [http-nio-7777-exec-2] Set SecurityContextHolder to anonymous SecurityContext
2024-08-13 07:16:25,044 DEBUG o.s.s.w.a.Http403ForbiddenEntryPoint [http-nio-7777-exec-2] Pre-authenticated entry point called. Rejecting access
2024-08-13 07:16:25,052 DEBUG o.s.s.w.FilterChainProxy [http-nio-7777-exec-1] Securing GET /api/user/companies
2024-08-13 07:16:25,068 ERROR o.a.j.l.DirectJDKLog [http-nio-7777-exec-1] Servlet.service() for servlet [dispatcherServlet] in context with path [] threw exception
io.jsonwebtoken.ExpiredJwtException: JWT expired at 2024-08-13T01:43:53Z. Current time: 2024-08-13T01:46:25Z, a difference of 152068 milliseconds.  Allowed clock skew: 0 milliseconds.
	at io.jsonwebtoken.impl.DefaultJwtParser.parse(DefaultJwtParser.java:427)
	at io.jsonwebtoken.impl.DefaultJwtParser.parse(DefaultJwtParser.java:529)
	at io.jsonwebtoken.impl.DefaultJwtParser.parseClaimsJws(DefaultJwtParser.java:589)
	at io.jsonwebtoken.impl.ImmutableJwtParser.parseClaimsJws(ImmutableJwtParser.java:173)
	at com.max.quizspring.config.JwtToken.extractAllClaims(JwtToken.java:36)
	at com.max.quizspring.config.JwtToken.extraClaim(JwtToken.java:31)
	at com.max.quizspring.config.JwtToken.extractUsername(JwtToken.java:23)
	at com.max.quizspring.config.JwtAuthenticationFilter.doFilterInternal(JwtAuthenticationFilter.java:41)
	at org.springframework.web.filter.OncePerRequestFilter.doFilter(OncePerRequestFilter.java:116)
	at org.springframework.security.web.FilterChainProxy$VirtualFilterChain.doFilter(FilterChainProxy.java:374)
	at org.springframework.security.web.authentication.logout.LogoutFilter.doFilter(LogoutFilter.java:107)
	at org.springframework.security.web.authentication.logout.LogoutFilter.doFilter(LogoutFilter.java:93)
	at org.springframework.security.web.FilterChainProxy$VirtualFilterChain.doFilter(FilterChainProxy.java:374)
	at org.springframework.web.filter.CorsFilter.doFilterInternal(CorsFilter.java:91)
	at org.springframework.web.filter.OncePerRequestFilter.doFilter(OncePerRequestFilter.java:116)
	at org.springframework.security.web.FilterChainProxy$VirtualFilterChain.doFilter(FilterChainProxy.java:374)
	at org.springframework.security.web.header.HeaderWriterFilter.doHeadersAfter(HeaderWriterFilter.java:90)
	at org.springframework.security.web.header.HeaderWriterFilter.doFilterInternal(HeaderWriterFilter.java:75)
	at org.springframework.web.filter.OncePerRequestFilter.doFilter(OncePerRequestFilter.java:116)
	at org.springframework.security.web.FilterChainProxy$VirtualFilterChain.doFilter(FilterChainProxy.java:374)
	at org.springframework.security.web.context.SecurityContextHolderFilter.doFilter(SecurityContextHolderFilter.java:82)
	at org.springframework.security.web.context.SecurityContextHolderFilter.doFilter(SecurityContextHolderFilter.java:69)
	at org.springframework.security.web.FilterChainProxy$VirtualFilterChain.doFilter(FilterChainProxy.java:374)
	at org.springframework.security.web.context.request.async.WebAsyncManagerIntegrationFilter.doFilterInternal(WebAsyncManagerIntegrationFilter.java:62)
	at org.springframework.web.filter.OncePerRequestFilter.doFilter(OncePerRequestFilter.java:116)
	at org.springframework.security.web.FilterChainProxy$VirtualFilterChain.doFilter(FilterChainProxy.java:374)
	at org.springframework.security.web.session.DisableEncodeUrlFilter.doFilterInternal(DisableEncodeUrlFilter.java:42)
	at org.springframework.web.filter.OncePerRequestFilter.doFilter(OncePerRequestFilter.java:116)
	at org.springframework.security.web.FilterChainProxy$VirtualFilterChain.doFilter(FilterChainProxy.java:374)
	at org.springframework.security.web.FilterChainProxy.doFilterInternal(FilterChainProxy.java:233)
	at org.springframework.security.web.FilterChainProxy.doFilter(FilterChainProxy.java:191)
	at org.springframework.web.filter.CompositeFilter$VirtualFilterChain.doFilter(CompositeFilter.java:113)
	at org.springframework.web.servlet.handler.HandlerMappingIntrospector.lambda$createCacheFilter$3(HandlerMappingIntrospector.java:195)
	at org.springframework.web.filter.CompositeFilter$VirtualFilterChain.doFilter(CompositeFilter.java:113)
	at org.springframework.web.filter.CompositeFilter.doFilter(CompositeFilter.java:74)
	at org.springframework.security.config.annotation.web.configuration.WebMvcSecurityConfiguration$CompositeFilterChainProxy.doFilter(WebMvcSecurityConfiguration.java:230)
	at org.springframework.web.filter.DelegatingFilterProxy.invokeDelegate(DelegatingFilterProxy.java:352)
	at org.springframework.web.filter.DelegatingFilterProxy.doFilter(DelegatingFilterProxy.java:268)
	at org.apache.catalina.core.ApplicationFilterChain.internalDoFilter(ApplicationFilterChain.java:164)
	at org.apache.catalina.core.ApplicationFilterChain.doFilter(ApplicationFilterChain.java:140)
	at org.springframework.web.filter.RequestContextFilter.doFilterInternal(RequestContextFilter.java:100)
	at org.springframework.web.filter.OncePerRequestFilter.doFilter(OncePerRequestFilter.java:116)
	at org.apache.catalina.core.ApplicationFilterChain.internalDoFilter(ApplicationFilterChain.java:164)
	at org.apache.catalina.core.ApplicationFilterChain.doFilter(ApplicationFilterChain.java:140)
	at org.springframework.web.filter.FormContentFilter.doFilterInternal(FormContentFilter.java:93)
	at org.springframework.web.filter.OncePerRequestFilter.doFilter(OncePerRequestFilter.java:116)
	at org.apache.catalina.core.ApplicationFilterChain.internalDoFilter(ApplicationFilterChain.java:164)
	at org.apache.catalina.core.ApplicationFilterChain.doFilter(ApplicationFilterChain.java:140)
	at org.springframework.web.filter.CharacterEncodingFilter.doFilterInternal(CharacterEncodingFilter.java:201)
	at org.springframework.web.filter.OncePerRequestFilter.doFilter(OncePerRequestFilter.java:116)
	at org.apache.catalina.core.ApplicationFilterChain.internalDoFilter(ApplicationFilterChain.java:164)
	at org.apache.catalina.core.ApplicationFilterChain.doFilter(ApplicationFilterChain.java:140)
	at org.apache.catalina.core.StandardWrapperValve.invoke(StandardWrapperValve.java:167)
	at org.apache.catalina.core.StandardContextValve.invoke(StandardContextValve.java:90)
	at org.apache.catalina.authenticator.AuthenticatorBase.invoke(AuthenticatorBase.java:483)
	at org.apache.catalina.core.StandardHostValve.invoke(StandardHostValve.java:115)
	at org.apache.catalina.valves.ErrorReportValve.invoke(ErrorReportValve.java:93)
	at org.apache.catalina.core.StandardEngineValve.invoke(StandardEngineValve.java:74)
	at org.apache.catalina.connector.CoyoteAdapter.service(CoyoteAdapter.java:344)
	at org.apache.coyote.http11.Http11Processor.service(Http11Processor.java:389)
	at org.apache.coyote.AbstractProcessorLight.process(AbstractProcessorLight.java:63)
	at org.apache.coyote.AbstractProtocol$ConnectionHandler.process(AbstractProtocol.java:904)
	at org.apache.tomcat.util.net.NioEndpoint$SocketProcessor.doRun(NioEndpoint.java:1741)
	at org.apache.tomcat.util.net.SocketProcessorBase.run(SocketProcessorBase.java:52)
	at org.apache.tomcat.util.threads.ThreadPoolExecutor.runWorker(ThreadPoolExecutor.java:1190)
	at org.apache.tomcat.util.threads.ThreadPoolExecutor$Worker.run(ThreadPoolExecutor.java:659)
	at org.apache.tomcat.util.threads.TaskThread$WrappingRunnable.run(TaskThread.java:63)
	at java.base/java.lang.Thread.run(Thread.java:833)
2024-08-13 07:16:25,156 DEBUG o.s.s.w.FilterChainProxy [http-nio-7777-exec-1] Securing GET /error
2024-08-13 07:16:25,156 DEBUG o.s.s.w.a.AnonymousAuthenticationFilter [http-nio-7777-exec-1] Set SecurityContextHolder to anonymous SecurityContext
2024-08-13 07:16:25,165 DEBUG o.s.s.w.a.Http403ForbiddenEntryPoint [http-nio-7777-exec-1] Pre-authenticated entry point called. Rejecting access
2024-08-13 07:16:37,432 DEBUG o.s.s.w.FilterChainProxy [http-nio-7777-exec-9] Securing OPTIONS /api/users/email/shaikhaniscoder07@gmail.com
2024-08-13 07:16:37,432 DEBUG o.s.s.w.FilterChainProxy [http-nio-7777-exec-6] Securing OPTIONS /api/users/email/shaikhaniscoder07@gmail.com
2024-08-13 07:16:37,449 DEBUG o.s.s.w.FilterChainProxy [http-nio-7777-exec-5] Securing GET /api/users/email/shaikhaniscoder07@gmail.com
2024-08-13 07:16:37,523 ERROR o.a.j.l.DirectJDKLog [http-nio-7777-exec-5] Servlet.service() for servlet [dispatcherServlet] in context with path [] threw exception
io.jsonwebtoken.ExpiredJwtException: JWT expired at 2024-08-13T01:43:53Z. Current time: 2024-08-13T01:46:37Z, a difference of 164523 milliseconds.  Allowed clock skew: 0 milliseconds.
	at io.jsonwebtoken.impl.DefaultJwtParser.parse(DefaultJwtParser.java:427)
	at io.jsonwebtoken.impl.DefaultJwtParser.parse(DefaultJwtParser.java:529)
	at io.jsonwebtoken.impl.DefaultJwtParser.parseClaimsJws(DefaultJwtParser.java:589)
	at io.jsonwebtoken.impl.ImmutableJwtParser.parseClaimsJws(ImmutableJwtParser.java:173)
	at com.max.quizspring.config.JwtToken.extractAllClaims(JwtToken.java:36)
	at com.max.quizspring.config.JwtToken.extraClaim(JwtToken.java:31)
	at com.max.quizspring.config.JwtToken.extractUsername(JwtToken.java:23)
	at com.max.quizspring.config.JwtAuthenticationFilter.doFilterInternal(JwtAuthenticationFilter.java:41)
	at org.springframework.web.filter.OncePerRequestFilter.doFilter(OncePerRequestFilter.java:116)
	at org.springframework.security.web.FilterChainProxy$VirtualFilterChain.doFilter(FilterChainProxy.java:374)
	at org.springframework.security.web.authentication.logout.LogoutFilter.doFilter(LogoutFilter.java:107)
	at org.springframework.security.web.authentication.logout.LogoutFilter.doFilter(LogoutFilter.java:93)
	at org.springframework.security.web.FilterChainProxy$VirtualFilterChain.doFilter(FilterChainProxy.java:374)
	at org.springframework.web.filter.CorsFilter.doFilterInternal(CorsFilter.java:91)
	at org.springframework.web.filter.OncePerRequestFilter.doFilter(OncePerRequestFilter.java:116)
	at org.springframework.security.web.FilterChainProxy$VirtualFilterChain.doFilter(FilterChainProxy.java:374)
	at org.springframework.security.web.header.HeaderWriterFilter.doHeadersAfter(HeaderWriterFilter.java:90)
	at org.springframework.security.web.header.HeaderWriterFilter.doFilterInternal(HeaderWriterFilter.java:75)
	at org.springframework.web.filter.OncePerRequestFilter.doFilter(OncePerRequestFilter.java:116)
	at org.springframework.security.web.FilterChainProxy$VirtualFilterChain.doFilter(FilterChainProxy.java:374)
	at org.springframework.security.web.context.SecurityContextHolderFilter.doFilter(SecurityContextHolderFilter.java:82)
	at org.springframework.security.web.context.SecurityContextHolderFilter.doFilter(SecurityContextHolderFilter.java:69)
	at org.springframework.security.web.FilterChainProxy$VirtualFilterChain.doFilter(FilterChainProxy.java:374)
	at org.springframework.security.web.context.request.async.WebAsyncManagerIntegrationFilter.doFilterInternal(WebAsyncManagerIntegrationFilter.java:62)
	at org.springframework.web.filter.OncePerRequestFilter.doFilter(OncePerRequestFilter.java:116)
	at org.springframework.security.web.FilterChainProxy$VirtualFilterChain.doFilter(FilterChainProxy.java:374)
	at org.springframework.security.web.session.DisableEncodeUrlFilter.doFilterInternal(DisableEncodeUrlFilter.java:42)
	at org.springframework.web.filter.OncePerRequestFilter.doFilter(OncePerRequestFilter.java:116)
	at org.springframework.security.web.FilterChainProxy$VirtualFilterChain.doFilter(FilterChainProxy.java:374)
	at org.springframework.security.web.FilterChainProxy.doFilterInternal(FilterChainProxy.java:233)
	at org.springframework.security.web.FilterChainProxy.doFilter(FilterChainProxy.java:191)
	at org.springframework.web.filter.CompositeFilter$VirtualFilterChain.doFilter(CompositeFilter.java:113)
	at org.springframework.web.servlet.handler.HandlerMappingIntrospector.lambda$createCacheFilter$3(HandlerMappingIntrospector.java:195)
	at org.springframework.web.filter.CompositeFilter$VirtualFilterChain.doFilter(CompositeFilter.java:113)
	at org.springframework.web.filter.CompositeFilter.doFilter(CompositeFilter.java:74)
	at org.springframework.security.config.annotation.web.configuration.WebMvcSecurityConfiguration$CompositeFilterChainProxy.doFilter(WebMvcSecurityConfiguration.java:230)
	at org.springframework.web.filter.DelegatingFilterProxy.invokeDelegate(DelegatingFilterProxy.java:352)
	at org.springframework.web.filter.DelegatingFilterProxy.doFilter(DelegatingFilterProxy.java:268)
	at org.apache.catalina.core.ApplicationFilterChain.internalDoFilter(ApplicationFilterChain.java:164)
	at org.apache.catalina.core.ApplicationFilterChain.doFilter(ApplicationFilterChain.java:140)
	at org.springframework.web.filter.RequestContextFilter.doFilterInternal(RequestContextFilter.java:100)
	at org.springframework.web.filter.OncePerRequestFilter.doFilter(OncePerRequestFilter.java:116)
	at org.apache.catalina.core.ApplicationFilterChain.internalDoFilter(ApplicationFilterChain.java:164)
	at org.apache.catalina.core.ApplicationFilterChain.doFilter(ApplicationFilterChain.java:140)
	at org.springframework.web.filter.FormContentFilter.doFilterInternal(FormContentFilter.java:93)
	at org.springframework.web.filter.OncePerRequestFilter.doFilter(OncePerRequestFilter.java:116)
	at org.apache.catalina.core.ApplicationFilterChain.internalDoFilter(ApplicationFilterChain.java:164)
	at org.apache.catalina.core.ApplicationFilterChain.doFilter(ApplicationFilterChain.java:140)
	at org.springframework.web.filter.CharacterEncodingFilter.doFilterInternal(CharacterEncodingFilter.java:201)
	at org.springframework.web.filter.OncePerRequestFilter.doFilter(OncePerRequestFilter.java:116)
	at org.apache.catalina.core.ApplicationFilterChain.internalDoFilter(ApplicationFilterChain.java:164)
	at org.apache.catalina.core.ApplicationFilterChain.doFilter(ApplicationFilterChain.java:140)
	at org.apache.catalina.core.StandardWrapperValve.invoke(StandardWrapperValve.java:167)
	at org.apache.catalina.core.StandardContextValve.invoke(StandardContextValve.java:90)
	at org.apache.catalina.authenticator.AuthenticatorBase.invoke(AuthenticatorBase.java:483)
	at org.apache.catalina.core.StandardHostValve.invoke(StandardHostValve.java:115)
	at org.apache.catalina.valves.ErrorReportValve.invoke(ErrorReportValve.java:93)
	at org.apache.catalina.core.StandardEngineValve.invoke(StandardEngineValve.java:74)
	at org.apache.catalina.connector.CoyoteAdapter.service(CoyoteAdapter.java:344)
	at org.apache.coyote.http11.Http11Processor.service(Http11Processor.java:389)
	at org.apache.coyote.AbstractProcessorLight.process(AbstractProcessorLight.java:63)
	at org.apache.coyote.AbstractProtocol$ConnectionHandler.process(AbstractProtocol.java:904)
	at org.apache.tomcat.util.net.NioEndpoint$SocketProcessor.doRun(NioEndpoint.java:1741)
	at org.apache.tomcat.util.net.SocketProcessorBase.run(SocketProcessorBase.java:52)
	at org.apache.tomcat.util.threads.ThreadPoolExecutor.runWorker(ThreadPoolExecutor.java:1190)
	at org.apache.tomcat.util.threads.ThreadPoolExecutor$Worker.run(ThreadPoolExecutor.java:659)
	at org.apache.tomcat.util.threads.TaskThread$WrappingRunnable.run(TaskThread.java:63)
	at java.base/java.lang.Thread.run(Thread.java:833)
2024-08-13 07:16:37,627 DEBUG o.s.s.w.FilterChainProxy [http-nio-7777-exec-5] Securing GET /error
2024-08-13 07:16:37,646 DEBUG o.s.s.w.a.AnonymousAuthenticationFilter [http-nio-7777-exec-5] Set SecurityContextHolder to anonymous SecurityContext
2024-08-13 07:16:37,681 DEBUG o.s.s.w.a.Http403ForbiddenEntryPoint [http-nio-7777-exec-5] Pre-authenticated entry point called. Rejecting access
2024-08-13 07:16:37,717 DEBUG o.s.s.w.FilterChainProxy [http-nio-7777-exec-3] Securing GET /api/users/email/shaikhaniscoder07@gmail.com
2024-08-13 07:16:37,728 ERROR o.a.j.l.DirectJDKLog [http-nio-7777-exec-3] Servlet.service() for servlet [dispatcherServlet] in context with path [] threw exception
io.jsonwebtoken.ExpiredJwtException: JWT expired at 2024-08-13T01:43:53Z. Current time: 2024-08-13T01:46:37Z, a difference of 164728 milliseconds.  Allowed clock skew: 0 milliseconds.
	at io.jsonwebtoken.impl.DefaultJwtParser.parse(DefaultJwtParser.java:427)
	at io.jsonwebtoken.impl.DefaultJwtParser.parse(DefaultJwtParser.java:529)
	at io.jsonwebtoken.impl.DefaultJwtParser.parseClaimsJws(DefaultJwtParser.java:589)
	at io.jsonwebtoken.impl.ImmutableJwtParser.parseClaimsJws(ImmutableJwtParser.java:173)
	at com.max.quizspring.config.JwtToken.extractAllClaims(JwtToken.java:36)
	at com.max.quizspring.config.JwtToken.extraClaim(JwtToken.java:31)
	at com.max.quizspring.config.JwtToken.extractUsername(JwtToken.java:23)
	at com.max.quizspring.config.JwtAuthenticationFilter.doFilterInternal(JwtAuthenticationFilter.java:41)
	at org.springframework.web.filter.OncePerRequestFilter.doFilter(OncePerRequestFilter.java:116)
	at org.springframework.security.web.FilterChainProxy$VirtualFilterChain.doFilter(FilterChainProxy.java:374)
	at org.springframework.security.web.authentication.logout.LogoutFilter.doFilter(LogoutFilter.java:107)
	at org.springframework.security.web.authentication.logout.LogoutFilter.doFilter(LogoutFilter.java:93)
	at org.springframework.security.web.FilterChainProxy$VirtualFilterChain.doFilter(FilterChainProxy.java:374)
	at org.springframework.web.filter.CorsFilter.doFilterInternal(CorsFilter.java:91)
	at org.springframework.web.filter.OncePerRequestFilter.doFilter(OncePerRequestFilter.java:116)
	at org.springframework.security.web.FilterChainProxy$VirtualFilterChain.doFilter(FilterChainProxy.java:374)
	at org.springframework.security.web.header.HeaderWriterFilter.doHeadersAfter(HeaderWriterFilter.java:90)
	at org.springframework.security.web.header.HeaderWriterFilter.doFilterInternal(HeaderWriterFilter.java:75)
	at org.springframework.web.filter.OncePerRequestFilter.doFilter(OncePerRequestFilter.java:116)
	at org.springframework.security.web.FilterChainProxy$VirtualFilterChain.doFilter(FilterChainProxy.java:374)
	at org.springframework.security.web.context.SecurityContextHolderFilter.doFilter(SecurityContextHolderFilter.java:82)
	at org.springframework.security.web.context.SecurityContextHolderFilter.doFilter(SecurityContextHolderFilter.java:69)
	at org.springframework.security.web.FilterChainProxy$VirtualFilterChain.doFilter(FilterChainProxy.java:374)
	at org.springframework.security.web.context.request.async.WebAsyncManagerIntegrationFilter.doFilterInternal(WebAsyncManagerIntegrationFilter.java:62)
	at org.springframework.web.filter.OncePerRequestFilter.doFilter(OncePerRequestFilter.java:116)
	at org.springframework.security.web.FilterChainProxy$VirtualFilterChain.doFilter(FilterChainProxy.java:374)
	at org.springframework.security.web.session.DisableEncodeUrlFilter.doFilterInternal(DisableEncodeUrlFilter.java:42)
	at org.springframework.web.filter.OncePerRequestFilter.doFilter(OncePerRequestFilter.java:116)
	at org.springframework.security.web.FilterChainProxy$VirtualFilterChain.doFilter(FilterChainProxy.java:374)
	at org.springframework.security.web.FilterChainProxy.doFilterInternal(FilterChainProxy.java:233)
	at org.springframework.security.web.FilterChainProxy.doFilter(FilterChainProxy.java:191)
	at org.springframework.web.filter.CompositeFilter$VirtualFilterChain.doFilter(CompositeFilter.java:113)
	at org.springframework.web.servlet.handler.HandlerMappingIntrospector.lambda$createCacheFilter$3(HandlerMappingIntrospector.java:195)
	at org.springframework.web.filter.CompositeFilter$VirtualFilterChain.doFilter(CompositeFilter.java:113)
	at org.springframework.web.filter.CompositeFilter.doFilter(CompositeFilter.java:74)
	at org.springframework.security.config.annotation.web.configuration.WebMvcSecurityConfiguration$CompositeFilterChainProxy.doFilter(WebMvcSecurityConfiguration.java:230)
	at org.springframework.web.filter.DelegatingFilterProxy.invokeDelegate(DelegatingFilterProxy.java:352)
	at org.springframework.web.filter.DelegatingFilterProxy.doFilter(DelegatingFilterProxy.java:268)
	at org.apache.catalina.core.ApplicationFilterChain.internalDoFilter(ApplicationFilterChain.java:164)
	at org.apache.catalina.core.ApplicationFilterChain.doFilter(ApplicationFilterChain.java:140)
	at org.springframework.web.filter.RequestContextFilter.doFilterInternal(RequestContextFilter.java:100)
	at org.springframework.web.filter.OncePerRequestFilter.doFilter(OncePerRequestFilter.java:116)
	at org.apache.catalina.core.ApplicationFilterChain.internalDoFilter(ApplicationFilterChain.java:164)
	at org.apache.catalina.core.ApplicationFilterChain.doFilter(ApplicationFilterChain.java:140)
	at org.springframework.web.filter.FormContentFilter.doFilterInternal(FormContentFilter.java:93)
	at org.springframework.web.filter.OncePerRequestFilter.doFilter(OncePerRequestFilter.java:116)
	at org.apache.catalina.core.ApplicationFilterChain.internalDoFilter(ApplicationFilterChain.java:164)
	at org.apache.catalina.core.ApplicationFilterChain.doFilter(ApplicationFilterChain.java:140)
	at org.springframework.web.filter.CharacterEncodingFilter.doFilterInternal(CharacterEncodingFilter.java:201)
	at org.springframework.web.filter.OncePerRequestFilter.doFilter(OncePerRequestFilter.java:116)
	at org.apache.catalina.core.ApplicationFilterChain.internalDoFilter(ApplicationFilterChain.java:164)
	at org.apache.catalina.core.ApplicationFilterChain.doFilter(ApplicationFilterChain.java:140)
	at org.apache.catalina.core.StandardWrapperValve.invoke(StandardWrapperValve.java:167)
	at org.apache.catalina.core.StandardContextValve.invoke(StandardContextValve.java:90)
	at org.apache.catalina.authenticator.AuthenticatorBase.invoke(AuthenticatorBase.java:483)
	at org.apache.catalina.core.StandardHostValve.invoke(StandardHostValve.java:115)
	at org.apache.catalina.valves.ErrorReportValve.invoke(ErrorReportValve.java:93)
	at org.apache.catalina.core.StandardEngineValve.invoke(StandardEngineValve.java:74)
	at org.apache.catalina.connector.CoyoteAdapter.service(CoyoteAdapter.java:344)
	at org.apache.coyote.http11.Http11Processor.service(Http11Processor.java:389)
	at org.apache.coyote.AbstractProcessorLight.process(AbstractProcessorLight.java:63)
	at org.apache.coyote.AbstractProtocol$ConnectionHandler.process(AbstractProtocol.java:904)
	at org.apache.tomcat.util.net.NioEndpoint$SocketProcessor.doRun(NioEndpoint.java:1741)
	at org.apache.tomcat.util.net.SocketProcessorBase.run(SocketProcessorBase.java:52)
	at org.apache.tomcat.util.threads.ThreadPoolExecutor.runWorker(ThreadPoolExecutor.java:1190)
	at org.apache.tomcat.util.threads.ThreadPoolExecutor$Worker.run(ThreadPoolExecutor.java:659)
	at org.apache.tomcat.util.threads.TaskThread$WrappingRunnable.run(TaskThread.java:63)
	at java.base/java.lang.Thread.run(Thread.java:833)
2024-08-13 07:16:37,778 DEBUG o.s.s.w.FilterChainProxy [http-nio-7777-exec-3] Securing GET /error
2024-08-13 07:16:37,789 DEBUG o.s.s.w.a.AnonymousAuthenticationFilter [http-nio-7777-exec-3] Set SecurityContextHolder to anonymous SecurityContext
2024-08-13 07:16:37,797 DEBUG o.s.s.w.a.Http403ForbiddenEntryPoint [http-nio-7777-exec-3] Pre-authenticated entry point called. Rejecting access
2024-08-13 07:16:44,086 DEBUG o.s.s.w.FilterChainProxy [http-nio-7777-exec-2] Securing OPTIONS /api/auth/login
2024-08-13 07:16:44,107 DEBUG o.s.s.w.FilterChainProxy [http-nio-7777-exec-1] Securing POST /api/auth/login
2024-08-13 07:16:44,133 DEBUG o.s.s.w.a.AnonymousAuthenticationFilter [http-nio-7777-exec-1] Set SecurityContextHolder to anonymous SecurityContext
2024-08-13 07:16:44,149 DEBUG o.s.s.w.FilterChainProxy [http-nio-7777-exec-1] Secured POST /api/auth/login
2024-08-13 07:16:45,612 DEBUG o.s.s.a.d.AbstractUserDetailsAuthenticationProvider [http-nio-7777-exec-1] Authenticated user
2024-08-13 07:16:46,460 DEBUG o.s.s.w.FilterChainProxy [http-nio-7777-exec-8] Securing OPTIONS /api/users/email/shaikhaniscoder07@gmail.com
2024-08-13 07:16:46,474 DEBUG o.s.s.w.FilterChainProxy [http-nio-7777-exec-7] Securing OPTIONS /api/users/email/shaikhaniscoder07@gmail.com
2024-08-13 07:16:46,479 DEBUG o.s.s.w.FilterChainProxy [http-nio-7777-exec-6] Securing GET /api/users/email/shaikhaniscoder07@gmail.com
2024-08-13 07:16:46,589 DEBUG o.s.s.w.FilterChainProxy [http-nio-7777-exec-6] Secured GET /api/users/email/shaikhaniscoder07@gmail.com
2024-08-13 07:16:46,724 DEBUG o.s.s.w.FilterChainProxy [http-nio-7777-exec-9] Securing GET /api/users/email/shaikhaniscoder07@gmail.com
2024-08-13 07:16:46,776 DEBUG o.s.s.w.FilterChainProxy [http-nio-7777-exec-9] Secured GET /api/users/email/shaikhaniscoder07@gmail.com
2024-08-13 07:16:47,600 DEBUG o.s.s.w.FilterChainProxy [http-nio-7777-exec-4] Securing OPTIONS /api/users/all
2024-08-13 07:16:47,608 DEBUG o.s.s.w.FilterChainProxy [http-nio-7777-exec-3] Securing OPTIONS /api/users/all
2024-08-13 07:16:47,665 DEBUG o.s.s.w.FilterChainProxy [http-nio-7777-exec-10] Securing GET /api/users/all
2024-08-13 07:16:47,859 DEBUG o.s.s.w.FilterChainProxy [http-nio-7777-exec-10] Secured GET /api/users/all
2024-08-13 07:16:48,030 WARN o.s.w.s.h.AbstractHandlerExceptionResolver [http-nio-7777-exec-10] Resolved [org.springframework.http.converter.HttpMessageNotWritableException: Could not write JSON: Cannot invoke "com.max.quizspring.model.User$Role.name()" because "this.role" is null]
2024-08-13 07:16:48,038 DEBUG o.s.s.w.FilterChainProxy [http-nio-7777-exec-10] Securing GET /error
2024-08-13 07:16:48,038 DEBUG o.s.s.w.a.AnonymousAuthenticationFilter [http-nio-7777-exec-10] Set SecurityContextHolder to anonymous SecurityContext
2024-08-13 07:16:48,038 DEBUG o.s.s.w.a.Http403ForbiddenEntryPoint [http-nio-7777-exec-10] Pre-authenticated entry point called. Rejecting access
2024-08-13 07:16:48,046 DEBUG o.s.s.w.FilterChainProxy [http-nio-7777-exec-2] Securing GET /api/users/all
2024-08-13 07:16:48,070 DEBUG o.s.s.w.FilterChainProxy [http-nio-7777-exec-2] Secured GET /api/users/all
2024-08-13 07:16:48,163 WARN o.s.w.s.h.AbstractHandlerExceptionResolver [http-nio-7777-exec-2] Resolved [org.springframework.http.converter.HttpMessageNotWritableException: Could not write JSON: Cannot invoke "com.max.quizspring.model.User$Role.name()" because "this.role" is null]
2024-08-13 07:16:48,179 DEBUG o.s.s.w.FilterChainProxy [http-nio-7777-exec-2] Securing GET /error
2024-08-13 07:16:48,179 DEBUG o.s.s.w.a.AnonymousAuthenticationFilter [http-nio-7777-exec-2] Set SecurityContextHolder to anonymous SecurityContext
2024-08-13 07:16:48,179 DEBUG o.s.s.w.a.Http403ForbiddenEntryPoint [http-nio-7777-exec-2] Pre-authenticated entry point called. Rejecting access
2024-08-13 07:16:51,042 DEBUG o.s.s.w.FilterChainProxy [http-nio-7777-exec-1] Securing OPTIONS /api/user/companies
2024-08-13 07:16:51,051 DEBUG o.s.s.w.FilterChainProxy [http-nio-7777-exec-8] Securing OPTIONS /api/user/companies
2024-08-13 07:16:51,081 DEBUG o.s.s.w.FilterChainProxy [http-nio-7777-exec-7] Securing GET /api/user/companies
2024-08-13 07:16:51,113 DEBUG o.s.s.w.FilterChainProxy [http-nio-7777-exec-7] Secured GET /api/user/companies
2024-08-13 07:16:51,145 DEBUG o.s.s.w.FilterChainProxy [http-nio-7777-exec-6] Securing GET /api/user/companies
2024-08-13 07:16:51,214 DEBUG o.s.s.w.FilterChainProxy [http-nio-7777-exec-6] Secured GET /api/user/companies
2024-08-13 07:17:07,501 DEBUG o.s.s.w.FilterChainProxy [http-nio-7777-exec-4] Securing OPTIONS /api/user/companies
2024-08-13 07:17:07,511 DEBUG o.s.s.w.FilterChainProxy [http-nio-7777-exec-3] Securing POST /api/user/companies
2024-08-13 07:17:07,549 DEBUG o.s.s.w.FilterChainProxy [http-nio-7777-exec-3] Secured POST /api/user/companies
2024-08-13 07:17:07,661 DEBUG o.s.s.w.FilterChainProxy [http-nio-7777-exec-10] Securing GET /api/user/companies
2024-08-13 07:17:07,695 DEBUG o.s.s.w.FilterChainProxy [http-nio-7777-exec-10] Secured GET /api/user/companies
2024-08-13 07:17:10,239 DEBUG o.s.s.w.FilterChainProxy [http-nio-7777-exec-2] Securing OPTIONS /api/user/companies/6
2024-08-13 07:17:10,364 DEBUG o.s.s.w.FilterChainProxy [http-nio-7777-exec-8] Securing DELETE /api/user/companies/6
2024-08-13 07:17:10,536 DEBUG o.s.s.w.FilterChainProxy [http-nio-7777-exec-8] Secured DELETE /api/user/companies/6
2024-08-13 07:17:10,896 DEBUG o.s.s.w.FilterChainProxy [http-nio-7777-exec-1] Securing GET /api/user/companies
2024-08-13 07:17:10,958 DEBUG o.s.s.w.FilterChainProxy [http-nio-7777-exec-1] Secured GET /api/user/companies
2024-08-13 07:21:09,100 DEBUG o.s.s.w.FilterChainProxy [http-nio-7777-exec-6] Securing OPTIONS /api/user/companies
2024-08-13 07:21:09,133 DEBUG o.s.s.w.FilterChainProxy [http-nio-7777-exec-5] Securing OPTIONS /api/user/companies
2024-08-13 07:21:09,411 DEBUG o.s.s.w.FilterChainProxy [http-nio-7777-exec-9] Securing GET /api/user/companies
2024-08-13 07:21:10,257 DEBUG o.s.s.w.FilterChainProxy [http-nio-7777-exec-9] Secured GET /api/user/companies
2024-08-13 07:21:11,172 DEBUG o.s.s.w.FilterChainProxy [http-nio-7777-exec-4] Securing GET /api/user/companies
2024-08-13 07:21:11,223 DEBUG o.s.s.w.FilterChainProxy [http-nio-7777-exec-4] Secured GET /api/user/companies
2024-08-13 07:21:11,607 DEBUG o.s.s.w.FilterChainProxy [http-nio-7777-exec-3] Securing OPTIONS /api/users/all
2024-08-13 07:21:11,620 DEBUG o.s.s.w.FilterChainProxy [http-nio-7777-exec-3] Securing OPTIONS /api/users/all
2024-08-13 07:21:11,676 DEBUG o.s.s.w.FilterChainProxy [http-nio-7777-exec-2] Securing GET /api/users/all
2024-08-13 07:21:11,791 DEBUG o.s.s.w.FilterChainProxy [http-nio-7777-exec-2] Secured GET /api/users/all
2024-08-13 07:21:12,411 WARN o.s.w.s.h.AbstractHandlerExceptionResolver [http-nio-7777-exec-2] Resolved [org.springframework.http.converter.HttpMessageNotWritableException: Could not write JSON: Cannot invoke "com.max.quizspring.model.User$Role.name()" because "this.role" is null]
2024-08-13 07:21:12,590 DEBUG o.s.s.w.FilterChainProxy [http-nio-7777-exec-2] Securing GET /error
2024-08-13 07:21:12,665 DEBUG o.s.s.w.a.AnonymousAuthenticationFilter [http-nio-7777-exec-2] Set SecurityContextHolder to anonymous SecurityContext
2024-08-13 07:21:12,878 DEBUG o.s.s.w.FilterChainProxy [http-nio-7777-exec-1] Securing GET /api/user/companies
2024-08-13 07:21:13,002 DEBUG o.s.s.w.FilterChainProxy [http-nio-7777-exec-1] Secured GET /api/user/companies
2024-08-13 07:21:13,321 DEBUG o.s.s.w.a.Http403ForbiddenEntryPoint [http-nio-7777-exec-2] Pre-authenticated entry point called. Rejecting access
2024-08-13 07:21:13,439 DEBUG o.s.s.w.FilterChainProxy [http-nio-7777-exec-7] Securing GET /api/user/companies
2024-08-13 07:21:13,570 DEBUG o.s.s.w.FilterChainProxy [http-nio-7777-exec-7] Secured GET /api/user/companies
2024-08-13 07:21:13,755 DEBUG o.s.s.w.FilterChainProxy [http-nio-7777-exec-5] Securing GET /api/users/all
2024-08-13 07:21:13,797 DEBUG o.s.s.w.FilterChainProxy [http-nio-7777-exec-5] Secured GET /api/users/all
2024-08-13 07:21:13,869 WARN o.s.w.s.h.AbstractHandlerExceptionResolver [http-nio-7777-exec-5] Resolved [org.springframework.http.converter.HttpMessageNotWritableException: Could not write JSON: Cannot invoke "com.max.quizspring.model.User$Role.name()" because "this.role" is null]
2024-08-13 07:21:13,869 DEBUG o.s.s.w.FilterChainProxy [http-nio-7777-exec-5] Securing GET /error
2024-08-13 07:21:13,869 DEBUG o.s.s.w.a.AnonymousAuthenticationFilter [http-nio-7777-exec-5] Set SecurityContextHolder to anonymous SecurityContext
2024-08-13 07:21:13,877 DEBUG o.s.s.w.a.Http403ForbiddenEntryPoint [http-nio-7777-exec-5] Pre-authenticated entry point called. Rejecting access
2024-08-13 07:21:41,468 DEBUG o.s.s.w.FilterChainProxy [http-nio-7777-exec-9] Securing OPTIONS /api/user/jobs
2024-08-13 07:21:41,515 DEBUG o.s.s.w.FilterChainProxy [http-nio-7777-exec-9] Securing POST /api/user/jobs
2024-08-13 07:21:41,687 DEBUG o.s.s.w.FilterChainProxy [http-nio-7777-exec-9] Secured POST /api/user/jobs
2024-08-13 07:21:42,205 DEBUG o.s.s.w.FilterChainProxy [http-nio-7777-exec-10] Securing OPTIONS /api/user/companies
2024-08-13 07:21:42,210 DEBUG o.s.s.w.FilterChainProxy [http-nio-7777-exec-3] Securing GET /api/user/companies
2024-08-13 07:21:42,259 DEBUG o.s.s.w.FilterChainProxy [http-nio-7777-exec-3] Secured GET /api/user/companies
2024-08-13 07:21:43,775 DEBUG o.s.s.w.FilterChainProxy [http-nio-7777-exec-8] Securing OPTIONS /api/user/jobs/company/7
2024-08-13 07:21:43,783 DEBUG o.s.s.w.FilterChainProxy [http-nio-7777-exec-1] Securing GET /api/user/jobs/company/7
2024-08-13 07:21:43,815 DEBUG o.s.s.w.FilterChainProxy [http-nio-7777-exec-1] Secured GET /api/user/jobs/company/7
2024-08-13 07:22:14,846 DEBUG o.s.s.w.FilterChainProxy [http-nio-7777-exec-7] Securing OPTIONS /api/user/companies
2024-08-13 07:22:14,867 DEBUG o.s.s.w.FilterChainProxy [http-nio-7777-exec-5] Securing POST /api/user/companies
2024-08-13 07:22:14,925 DEBUG o.s.s.w.FilterChainProxy [http-nio-7777-exec-5] Secured POST /api/user/companies
2024-08-13 07:22:15,052 DEBUG o.s.s.w.FilterChainProxy [http-nio-7777-exec-6] Securing GET /api/user/companies
2024-08-13 07:22:15,084 DEBUG o.s.s.w.FilterChainProxy [http-nio-7777-exec-6] Secured GET /api/user/companies
2024-08-13 07:22:18,644 DEBUG o.s.s.w.FilterChainProxy [http-nio-7777-exec-9] Securing OPTIONS /api/user/jobs/company/7
2024-08-13 07:22:18,650 DEBUG o.s.s.w.FilterChainProxy [http-nio-7777-exec-10] Securing GET /api/user/jobs/company/7
2024-08-13 07:22:18,692 DEBUG o.s.s.w.FilterChainProxy [http-nio-7777-exec-10] Secured GET /api/user/jobs/company/7
2024-08-13 07:24:07,013 DEBUG o.s.s.w.FilterChainProxy [http-nio-7777-exec-1] Securing OPTIONS /api/user/companies
2024-08-13 07:24:07,013 DEBUG o.s.s.w.FilterChainProxy [http-nio-7777-exec-8] Securing OPTIONS /api/user/companies
2024-08-13 07:24:07,082 DEBUG o.s.s.w.FilterChainProxy [http-nio-7777-exec-2] Securing GET /api/user/companies
2024-08-13 07:24:07,260 DEBUG o.s.s.w.FilterChainProxy [http-nio-7777-exec-2] Secured GET /api/user/companies
2024-08-13 07:24:07,516 DEBUG o.s.s.w.FilterChainProxy [http-nio-7777-exec-5] Securing GET /api/user/companies
2024-08-13 07:24:07,563 DEBUG o.s.s.w.FilterChainProxy [http-nio-7777-exec-5] Secured GET /api/user/companies
2024-08-13 07:24:11,192 DEBUG o.s.s.w.FilterChainProxy [http-nio-7777-exec-6] Securing OPTIONS /api/user/jobs/company/8
2024-08-13 07:24:11,207 DEBUG o.s.s.w.FilterChainProxy [http-nio-7777-exec-4] Securing GET /api/user/jobs/company/8
2024-08-13 07:24:11,317 DEBUG o.s.s.w.FilterChainProxy [http-nio-7777-exec-4] Secured GET /api/user/jobs/company/8
2024-08-13 07:24:12,052 DEBUG o.s.s.w.FilterChainProxy [http-nio-7777-exec-9] Securing GET /api/user/jobs/company/8
2024-08-13 07:24:12,088 DEBUG o.s.s.w.FilterChainProxy [http-nio-7777-exec-9] Secured GET /api/user/jobs/company/8
2024-08-13 07:24:13,473 DEBUG o.s.s.w.FilterChainProxy [http-nio-7777-exec-3] Securing GET /api/user/jobs/company/8
2024-08-13 07:24:13,522 DEBUG o.s.s.w.FilterChainProxy [http-nio-7777-exec-3] Secured GET /api/user/jobs/company/8
2024-08-13 07:24:16,548 DEBUG o.s.s.w.FilterChainProxy [http-nio-7777-exec-8] Securing OPTIONS /api/user/jobs/company/8
2024-08-13 07:24:16,558 DEBUG o.s.s.w.FilterChainProxy [http-nio-7777-exec-1] Securing GET /api/user/jobs/company/8
2024-08-13 07:24:16,587 DEBUG o.s.s.w.FilterChainProxy [http-nio-7777-exec-1] Secured GET /api/user/jobs/company/8
2024-08-13 07:24:17,610 DEBUG o.s.s.w.FilterChainProxy [http-nio-7777-exec-7] Securing OPTIONS /api/user/jobs/company/7
2024-08-13 07:24:17,610 DEBUG o.s.s.w.FilterChainProxy [http-nio-7777-exec-2] Securing GET /api/user/jobs/company/7
2024-08-13 07:24:17,649 DEBUG o.s.s.w.FilterChainProxy [http-nio-7777-exec-2] Secured GET /api/user/jobs/company/7
2024-08-13 07:24:24,047 DEBUG o.s.s.w.FilterChainProxy [http-nio-7777-exec-6] Securing OPTIONS /api/user/jobs/company/7
2024-08-13 07:24:24,054 DEBUG o.s.s.w.FilterChainProxy [http-nio-7777-exec-4] Securing GET /api/user/jobs/company/7
2024-08-13 07:24:24,110 DEBUG o.s.s.w.FilterChainProxy [http-nio-7777-exec-4] Secured GET /api/user/jobs/company/7
2024-08-13 07:27:09,119 DEBUG o.s.s.w.FilterChainProxy [http-nio-7777-exec-10] Securing OPTIONS /api/user/companies
2024-08-13 07:27:09,659 DEBUG o.s.s.w.FilterChainProxy [http-nio-7777-exec-3] Securing GET /api/user/companies
2024-08-13 07:27:11,437 ERROR o.a.j.l.DirectJDKLog [http-nio-7777-exec-3] Servlet.service() for servlet [dispatcherServlet] in context with path [] threw exception
io.jsonwebtoken.ExpiredJwtException: JWT expired at 2024-08-13T01:56:50Z. Current time: 2024-08-13T01:57:10Z, a difference of 20289 milliseconds.  Allowed clock skew: 0 milliseconds.
	at io.jsonwebtoken.impl.DefaultJwtParser.parse(DefaultJwtParser.java:427)
	at io.jsonwebtoken.impl.DefaultJwtParser.parse(DefaultJwtParser.java:529)
	at io.jsonwebtoken.impl.DefaultJwtParser.parseClaimsJws(DefaultJwtParser.java:589)
	at io.jsonwebtoken.impl.ImmutableJwtParser.parseClaimsJws(ImmutableJwtParser.java:173)
	at com.max.quizspring.config.JwtToken.extractAllClaims(JwtToken.java:36)
	at com.max.quizspring.config.JwtToken.extraClaim(JwtToken.java:31)
	at com.max.quizspring.config.JwtToken.extractUsername(JwtToken.java:23)
	at com.max.quizspring.config.JwtAuthenticationFilter.doFilterInternal(JwtAuthenticationFilter.java:41)
	at org.springframework.web.filter.OncePerRequestFilter.doFilter(OncePerRequestFilter.java:116)
	at org.springframework.security.web.FilterChainProxy$VirtualFilterChain.doFilter(FilterChainProxy.java:374)
	at org.springframework.security.web.authentication.logout.LogoutFilter.doFilter(LogoutFilter.java:107)
	at org.springframework.security.web.authentication.logout.LogoutFilter.doFilter(LogoutFilter.java:93)
	at org.springframework.security.web.FilterChainProxy$VirtualFilterChain.doFilter(FilterChainProxy.java:374)
	at org.springframework.web.filter.CorsFilter.doFilterInternal(CorsFilter.java:91)
	at org.springframework.web.filter.OncePerRequestFilter.doFilter(OncePerRequestFilter.java:116)
	at org.springframework.security.web.FilterChainProxy$VirtualFilterChain.doFilter(FilterChainProxy.java:374)
	at org.springframework.security.web.header.HeaderWriterFilter.doHeadersAfter(HeaderWriterFilter.java:90)
	at org.springframework.security.web.header.HeaderWriterFilter.doFilterInternal(HeaderWriterFilter.java:75)
	at org.springframework.web.filter.OncePerRequestFilter.doFilter(OncePerRequestFilter.java:116)
	at org.springframework.security.web.FilterChainProxy$VirtualFilterChain.doFilter(FilterChainProxy.java:374)
	at org.springframework.security.web.context.SecurityContextHolderFilter.doFilter(SecurityContextHolderFilter.java:82)
	at org.springframework.security.web.context.SecurityContextHolderFilter.doFilter(SecurityContextHolderFilter.java:69)
	at org.springframework.security.web.FilterChainProxy$VirtualFilterChain.doFilter(FilterChainProxy.java:374)
	at org.springframework.security.web.context.request.async.WebAsyncManagerIntegrationFilter.doFilterInternal(WebAsyncManagerIntegrationFilter.java:62)
	at org.springframework.web.filter.OncePerRequestFilter.doFilter(OncePerRequestFilter.java:116)
	at org.springframework.security.web.FilterChainProxy$VirtualFilterChain.doFilter(FilterChainProxy.java:374)
	at org.springframework.security.web.session.DisableEncodeUrlFilter.doFilterInternal(DisableEncodeUrlFilter.java:42)
	at org.springframework.web.filter.OncePerRequestFilter.doFilter(OncePerRequestFilter.java:116)
	at org.springframework.security.web.FilterChainProxy$VirtualFilterChain.doFilter(FilterChainProxy.java:374)
	at org.springframework.security.web.FilterChainProxy.doFilterInternal(FilterChainProxy.java:233)
	at org.springframework.security.web.FilterChainProxy.doFilter(FilterChainProxy.java:191)
	at org.springframework.web.filter.CompositeFilter$VirtualFilterChain.doFilter(CompositeFilter.java:113)
	at org.springframework.web.servlet.handler.HandlerMappingIntrospector.lambda$createCacheFilter$3(HandlerMappingIntrospector.java:195)
	at org.springframework.web.filter.CompositeFilter$VirtualFilterChain.doFilter(CompositeFilter.java:113)
	at org.springframework.web.filter.CompositeFilter.doFilter(CompositeFilter.java:74)
	at org.springframework.security.config.annotation.web.configuration.WebMvcSecurityConfiguration$CompositeFilterChainProxy.doFilter(WebMvcSecurityConfiguration.java:230)
	at org.springframework.web.filter.DelegatingFilterProxy.invokeDelegate(DelegatingFilterProxy.java:352)
	at org.springframework.web.filter.DelegatingFilterProxy.doFilter(DelegatingFilterProxy.java:268)
	at org.apache.catalina.core.ApplicationFilterChain.internalDoFilter(ApplicationFilterChain.java:164)
	at org.apache.catalina.core.ApplicationFilterChain.doFilter(ApplicationFilterChain.java:140)
	at org.springframework.web.filter.RequestContextFilter.doFilterInternal(RequestContextFilter.java:100)
	at org.springframework.web.filter.OncePerRequestFilter.doFilter(OncePerRequestFilter.java:116)
	at org.apache.catalina.core.ApplicationFilterChain.internalDoFilter(ApplicationFilterChain.java:164)
	at org.apache.catalina.core.ApplicationFilterChain.doFilter(ApplicationFilterChain.java:140)
	at org.springframework.web.filter.FormContentFilter.doFilterInternal(FormContentFilter.java:93)
	at org.springframework.web.filter.OncePerRequestFilter.doFilter(OncePerRequestFilter.java:116)
	at org.apache.catalina.core.ApplicationFilterChain.internalDoFilter(ApplicationFilterChain.java:164)
	at org.apache.catalina.core.ApplicationFilterChain.doFilter(ApplicationFilterChain.java:140)
	at org.springframework.web.filter.CharacterEncodingFilter.doFilterInternal(CharacterEncodingFilter.java:201)
	at org.springframework.web.filter.OncePerRequestFilter.doFilter(OncePerRequestFilter.java:116)
	at org.apache.catalina.core.ApplicationFilterChain.internalDoFilter(ApplicationFilterChain.java:164)
	at org.apache.catalina.core.ApplicationFilterChain.doFilter(ApplicationFilterChain.java:140)
	at org.apache.catalina.core.StandardWrapperValve.invoke(StandardWrapperValve.java:167)
	at org.apache.catalina.core.StandardContextValve.invoke(StandardContextValve.java:90)
	at org.apache.catalina.authenticator.AuthenticatorBase.invoke(AuthenticatorBase.java:483)
	at org.apache.catalina.core.StandardHostValve.invoke(StandardHostValve.java:115)
	at org.apache.catalina.valves.ErrorReportValve.invoke(ErrorReportValve.java:93)
	at org.apache.catalina.core.StandardEngineValve.invoke(StandardEngineValve.java:74)
	at org.apache.catalina.connector.CoyoteAdapter.service(CoyoteAdapter.java:344)
	at org.apache.coyote.http11.Http11Processor.service(Http11Processor.java:389)
	at org.apache.coyote.AbstractProcessorLight.process(AbstractProcessorLight.java:63)
	at org.apache.coyote.AbstractProtocol$ConnectionHandler.process(AbstractProtocol.java:904)
	at org.apache.tomcat.util.net.NioEndpoint$SocketProcessor.doRun(NioEndpoint.java:1741)
	at org.apache.tomcat.util.net.SocketProcessorBase.run(SocketProcessorBase.java:52)
	at org.apache.tomcat.util.threads.ThreadPoolExecutor.runWorker(ThreadPoolExecutor.java:1190)
	at org.apache.tomcat.util.threads.ThreadPoolExecutor$Worker.run(ThreadPoolExecutor.java:659)
	at org.apache.tomcat.util.threads.TaskThread$WrappingRunnable.run(TaskThread.java:63)
	at java.base/java.lang.Thread.run(Thread.java:833)
2024-08-13 07:27:11,765 DEBUG o.s.s.w.FilterChainProxy [http-nio-7777-exec-3] Securing GET /error
2024-08-13 07:27:11,812 DEBUG o.s.s.w.a.AnonymousAuthenticationFilter [http-nio-7777-exec-3] Set SecurityContextHolder to anonymous SecurityContext
2024-08-13 07:27:11,859 DEBUG o.s.s.w.a.Http403ForbiddenEntryPoint [http-nio-7777-exec-3] Pre-authenticated entry point called. Rejecting access
2024-08-13 07:27:26,057 DEBUG o.s.s.w.FilterChainProxy [http-nio-7777-exec-1] Securing OPTIONS /api/user/companies
2024-08-13 07:27:26,065 DEBUG o.s.s.w.FilterChainProxy [http-nio-7777-exec-7] Securing OPTIONS /api/user/companies
2024-08-13 07:27:26,073 DEBUG o.s.s.w.FilterChainProxy [http-nio-7777-exec-2] Securing GET /api/user/companies
2024-08-13 07:27:26,097 ERROR o.a.j.l.DirectJDKLog [http-nio-7777-exec-2] Servlet.service() for servlet [dispatcherServlet] in context with path [] threw exception
io.jsonwebtoken.ExpiredJwtException: JWT expired at 2024-08-13T01:56:50Z. Current time: 2024-08-13T01:57:26Z, a difference of 36097 milliseconds.  Allowed clock skew: 0 milliseconds.
	at io.jsonwebtoken.impl.DefaultJwtParser.parse(DefaultJwtParser.java:427)
	at io.jsonwebtoken.impl.DefaultJwtParser.parse(DefaultJwtParser.java:529)
	at io.jsonwebtoken.impl.DefaultJwtParser.parseClaimsJws(DefaultJwtParser.java:589)
	at io.jsonwebtoken.impl.ImmutableJwtParser.parseClaimsJws(ImmutableJwtParser.java:173)
	at com.max.quizspring.config.JwtToken.extractAllClaims(JwtToken.java:36)
	at com.max.quizspring.config.JwtToken.extraClaim(JwtToken.java:31)
	at com.max.quizspring.config.JwtToken.extractUsername(JwtToken.java:23)
	at com.max.quizspring.config.JwtAuthenticationFilter.doFilterInternal(JwtAuthenticationFilter.java:41)
	at org.springframework.web.filter.OncePerRequestFilter.doFilter(OncePerRequestFilter.java:116)
	at org.springframework.security.web.FilterChainProxy$VirtualFilterChain.doFilter(FilterChainProxy.java:374)
	at org.springframework.security.web.authentication.logout.LogoutFilter.doFilter(LogoutFilter.java:107)
	at org.springframework.security.web.authentication.logout.LogoutFilter.doFilter(LogoutFilter.java:93)
	at org.springframework.security.web.FilterChainProxy$VirtualFilterChain.doFilter(FilterChainProxy.java:374)
	at org.springframework.web.filter.CorsFilter.doFilterInternal(CorsFilter.java:91)
	at org.springframework.web.filter.OncePerRequestFilter.doFilter(OncePerRequestFilter.java:116)
	at org.springframework.security.web.FilterChainProxy$VirtualFilterChain.doFilter(FilterChainProxy.java:374)
	at org.springframework.security.web.header.HeaderWriterFilter.doHeadersAfter(HeaderWriterFilter.java:90)
	at org.springframework.security.web.header.HeaderWriterFilter.doFilterInternal(HeaderWriterFilter.java:75)
	at org.springframework.web.filter.OncePerRequestFilter.doFilter(OncePerRequestFilter.java:116)
	at org.springframework.security.web.FilterChainProxy$VirtualFilterChain.doFilter(FilterChainProxy.java:374)
	at org.springframework.security.web.context.SecurityContextHolderFilter.doFilter(SecurityContextHolderFilter.java:82)
	at org.springframework.security.web.context.SecurityContextHolderFilter.doFilter(SecurityContextHolderFilter.java:69)
	at org.springframework.security.web.FilterChainProxy$VirtualFilterChain.doFilter(FilterChainProxy.java:374)
	at org.springframework.security.web.context.request.async.WebAsyncManagerIntegrationFilter.doFilterInternal(WebAsyncManagerIntegrationFilter.java:62)
	at org.springframework.web.filter.OncePerRequestFilter.doFilter(OncePerRequestFilter.java:116)
	at org.springframework.security.web.FilterChainProxy$VirtualFilterChain.doFilter(FilterChainProxy.java:374)
	at org.springframework.security.web.session.DisableEncodeUrlFilter.doFilterInternal(DisableEncodeUrlFilter.java:42)
	at org.springframework.web.filter.OncePerRequestFilter.doFilter(OncePerRequestFilter.java:116)
	at org.springframework.security.web.FilterChainProxy$VirtualFilterChain.doFilter(FilterChainProxy.java:374)
	at org.springframework.security.web.FilterChainProxy.doFilterInternal(FilterChainProxy.java:233)
	at org.springframework.security.web.FilterChainProxy.doFilter(FilterChainProxy.java:191)
	at org.springframework.web.filter.CompositeFilter$VirtualFilterChain.doFilter(CompositeFilter.java:113)
	at org.springframework.web.servlet.handler.HandlerMappingIntrospector.lambda$createCacheFilter$3(HandlerMappingIntrospector.java:195)
	at org.springframework.web.filter.CompositeFilter$VirtualFilterChain.doFilter(CompositeFilter.java:113)
	at org.springframework.web.filter.CompositeFilter.doFilter(CompositeFilter.java:74)
	at org.springframework.security.config.annotation.web.configuration.WebMvcSecurityConfiguration$CompositeFilterChainProxy.doFilter(WebMvcSecurityConfiguration.java:230)
	at org.springframework.web.filter.DelegatingFilterProxy.invokeDelegate(DelegatingFilterProxy.java:352)
	at org.springframework.web.filter.DelegatingFilterProxy.doFilter(DelegatingFilterProxy.java:268)
	at org.apache.catalina.core.ApplicationFilterChain.internalDoFilter(ApplicationFilterChain.java:164)
	at org.apache.catalina.core.ApplicationFilterChain.doFilter(ApplicationFilterChain.java:140)
	at org.springframework.web.filter.RequestContextFilter.doFilterInternal(RequestContextFilter.java:100)
	at org.springframework.web.filter.OncePerRequestFilter.doFilter(OncePerRequestFilter.java:116)
	at org.apache.catalina.core.ApplicationFilterChain.internalDoFilter(ApplicationFilterChain.java:164)
	at org.apache.catalina.core.ApplicationFilterChain.doFilter(ApplicationFilterChain.java:140)
	at org.springframework.web.filter.FormContentFilter.doFilterInternal(FormContentFilter.java:93)
	at org.springframework.web.filter.OncePerRequestFilter.doFilter(OncePerRequestFilter.java:116)
	at org.apache.catalina.core.ApplicationFilterChain.internalDoFilter(ApplicationFilterChain.java:164)
	at org.apache.catalina.core.ApplicationFilterChain.doFilter(ApplicationFilterChain.java:140)
	at org.springframework.web.filter.CharacterEncodingFilter.doFilterInternal(CharacterEncodingFilter.java:201)
	at org.springframework.web.filter.OncePerRequestFilter.doFilter(OncePerRequestFilter.java:116)
	at org.apache.catalina.core.ApplicationFilterChain.internalDoFilter(ApplicationFilterChain.java:164)
	at org.apache.catalina.core.ApplicationFilterChain.doFilter(ApplicationFilterChain.java:140)
	at org.apache.catalina.core.StandardWrapperValve.invoke(StandardWrapperValve.java:167)
	at org.apache.catalina.core.StandardContextValve.invoke(StandardContextValve.java:90)
	at org.apache.catalina.authenticator.AuthenticatorBase.invoke(AuthenticatorBase.java:483)
	at org.apache.catalina.core.StandardHostValve.invoke(StandardHostValve.java:115)
	at org.apache.catalina.valves.ErrorReportValve.invoke(ErrorReportValve.java:93)
	at org.apache.catalina.core.StandardEngineValve.invoke(StandardEngineValve.java:74)
	at org.apache.catalina.connector.CoyoteAdapter.service(CoyoteAdapter.java:344)
	at org.apache.coyote.http11.Http11Processor.service(Http11Processor.java:389)
	at org.apache.coyote.AbstractProcessorLight.process(AbstractProcessorLight.java:63)
	at org.apache.coyote.AbstractProtocol$ConnectionHandler.process(AbstractProtocol.java:904)
	at org.apache.tomcat.util.net.NioEndpoint$SocketProcessor.doRun(NioEndpoint.java:1741)
	at org.apache.tomcat.util.net.SocketProcessorBase.run(SocketProcessorBase.java:52)
	at org.apache.tomcat.util.threads.ThreadPoolExecutor.runWorker(ThreadPoolExecutor.java:1190)
	at org.apache.tomcat.util.threads.ThreadPoolExecutor$Worker.run(ThreadPoolExecutor.java:659)
	at org.apache.tomcat.util.threads.TaskThread$WrappingRunnable.run(TaskThread.java:63)
	at java.base/java.lang.Thread.run(Thread.java:833)
2024-08-13 07:27:26,203 DEBUG o.s.s.w.FilterChainProxy [http-nio-7777-exec-2] Securing GET /error
2024-08-13 07:27:26,216 DEBUG o.s.s.w.a.AnonymousAuthenticationFilter [http-nio-7777-exec-2] Set SecurityContextHolder to anonymous SecurityContext
2024-08-13 07:27:26,252 DEBUG o.s.s.w.a.Http403ForbiddenEntryPoint [http-nio-7777-exec-2] Pre-authenticated entry point called. Rejecting access
2024-08-13 07:27:26,287 DEBUG o.s.s.w.FilterChainProxy [http-nio-7777-exec-5] Securing GET /api/user/companies
2024-08-13 07:27:26,311 ERROR o.a.j.l.DirectJDKLog [http-nio-7777-exec-5] Servlet.service() for servlet [dispatcherServlet] in context with path [] threw exception
io.jsonwebtoken.ExpiredJwtException: JWT expired at 2024-08-13T01:56:50Z. Current time: 2024-08-13T01:57:26Z, a difference of 36301 milliseconds.  Allowed clock skew: 0 milliseconds.
	at io.jsonwebtoken.impl.DefaultJwtParser.parse(DefaultJwtParser.java:427)
	at io.jsonwebtoken.impl.DefaultJwtParser.parse(DefaultJwtParser.java:529)
	at io.jsonwebtoken.impl.DefaultJwtParser.parseClaimsJws(DefaultJwtParser.java:589)
	at io.jsonwebtoken.impl.ImmutableJwtParser.parseClaimsJws(ImmutableJwtParser.java:173)
	at com.max.quizspring.config.JwtToken.extractAllClaims(JwtToken.java:36)
	at com.max.quizspring.config.JwtToken.extraClaim(JwtToken.java:31)
	at com.max.quizspring.config.JwtToken.extractUsername(JwtToken.java:23)
	at com.max.quizspring.config.JwtAuthenticationFilter.doFilterInternal(JwtAuthenticationFilter.java:41)
	at org.springframework.web.filter.OncePerRequestFilter.doFilter(OncePerRequestFilter.java:116)
	at org.springframework.security.web.FilterChainProxy$VirtualFilterChain.doFilter(FilterChainProxy.java:374)
	at org.springframework.security.web.authentication.logout.LogoutFilter.doFilter(LogoutFilter.java:107)
	at org.springframework.security.web.authentication.logout.LogoutFilter.doFilter(LogoutFilter.java:93)
	at org.springframework.security.web.FilterChainProxy$VirtualFilterChain.doFilter(FilterChainProxy.java:374)
	at org.springframework.web.filter.CorsFilter.doFilterInternal(CorsFilter.java:91)
	at org.springframework.web.filter.OncePerRequestFilter.doFilter(OncePerRequestFilter.java:116)
	at org.springframework.security.web.FilterChainProxy$VirtualFilterChain.doFilter(FilterChainProxy.java:374)
	at org.springframework.security.web.header.HeaderWriterFilter.doHeadersAfter(HeaderWriterFilter.java:90)
	at org.springframework.security.web.header.HeaderWriterFilter.doFilterInternal(HeaderWriterFilter.java:75)
	at org.springframework.web.filter.OncePerRequestFilter.doFilter(OncePerRequestFilter.java:116)
	at org.springframework.security.web.FilterChainProxy$VirtualFilterChain.doFilter(FilterChainProxy.java:374)
	at org.springframework.security.web.context.SecurityContextHolderFilter.doFilter(SecurityContextHolderFilter.java:82)
	at org.springframework.security.web.context.SecurityContextHolderFilter.doFilter(SecurityContextHolderFilter.java:69)
	at org.springframework.security.web.FilterChainProxy$VirtualFilterChain.doFilter(FilterChainProxy.java:374)
	at org.springframework.security.web.context.request.async.WebAsyncManagerIntegrationFilter.doFilterInternal(WebAsyncManagerIntegrationFilter.java:62)
	at org.springframework.web.filter.OncePerRequestFilter.doFilter(OncePerRequestFilter.java:116)
	at org.springframework.security.web.FilterChainProxy$VirtualFilterChain.doFilter(FilterChainProxy.java:374)
	at org.springframework.security.web.session.DisableEncodeUrlFilter.doFilterInternal(DisableEncodeUrlFilter.java:42)
	at org.springframework.web.filter.OncePerRequestFilter.doFilter(OncePerRequestFilter.java:116)
	at org.springframework.security.web.FilterChainProxy$VirtualFilterChain.doFilter(FilterChainProxy.java:374)
	at org.springframework.security.web.FilterChainProxy.doFilterInternal(FilterChainProxy.java:233)
	at org.springframework.security.web.FilterChainProxy.doFilter(FilterChainProxy.java:191)
	at org.springframework.web.filter.CompositeFilter$VirtualFilterChain.doFilter(CompositeFilter.java:113)
	at org.springframework.web.servlet.handler.HandlerMappingIntrospector.lambda$createCacheFilter$3(HandlerMappingIntrospector.java:195)
	at org.springframework.web.filter.CompositeFilter$VirtualFilterChain.doFilter(CompositeFilter.java:113)
	at org.springframework.web.filter.CompositeFilter.doFilter(CompositeFilter.java:74)
	at org.springframework.security.config.annotation.web.configuration.WebMvcSecurityConfiguration$CompositeFilterChainProxy.doFilter(WebMvcSecurityConfiguration.java:230)
	at org.springframework.web.filter.DelegatingFilterProxy.invokeDelegate(DelegatingFilterProxy.java:352)
	at org.springframework.web.filter.DelegatingFilterProxy.doFilter(DelegatingFilterProxy.java:268)
	at org.apache.catalina.core.ApplicationFilterChain.internalDoFilter(ApplicationFilterChain.java:164)
	at org.apache.catalina.core.ApplicationFilterChain.doFilter(ApplicationFilterChain.java:140)
	at org.springframework.web.filter.RequestContextFilter.doFilterInternal(RequestContextFilter.java:100)
	at org.springframework.web.filter.OncePerRequestFilter.doFilter(OncePerRequestFilter.java:116)
	at org.apache.catalina.core.ApplicationFilterChain.internalDoFilter(ApplicationFilterChain.java:164)
	at org.apache.catalina.core.ApplicationFilterChain.doFilter(ApplicationFilterChain.java:140)
	at org.springframework.web.filter.FormContentFilter.doFilterInternal(FormContentFilter.java:93)
	at org.springframework.web.filter.OncePerRequestFilter.doFilter(OncePerRequestFilter.java:116)
	at org.apache.catalina.core.ApplicationFilterChain.internalDoFilter(ApplicationFilterChain.java:164)
	at org.apache.catalina.core.ApplicationFilterChain.doFilter(ApplicationFilterChain.java:140)
	at org.springframework.web.filter.CharacterEncodingFilter.doFilterInternal(CharacterEncodingFilter.java:201)
	at org.springframework.web.filter.OncePerRequestFilter.doFilter(OncePerRequestFilter.java:116)
	at org.apache.catalina.core.ApplicationFilterChain.internalDoFilter(ApplicationFilterChain.java:164)
	at org.apache.catalina.core.ApplicationFilterChain.doFilter(ApplicationFilterChain.java:140)
	at org.apache.catalina.core.StandardWrapperValve.invoke(StandardWrapperValve.java:167)
	at org.apache.catalina.core.StandardContextValve.invoke(StandardContextValve.java:90)
	at org.apache.catalina.authenticator.AuthenticatorBase.invoke(AuthenticatorBase.java:483)
	at org.apache.catalina.core.StandardHostValve.invoke(StandardHostValve.java:115)
	at org.apache.catalina.valves.ErrorReportValve.invoke(ErrorReportValve.java:93)
	at org.apache.catalina.core.StandardEngineValve.invoke(StandardEngineValve.java:74)
	at org.apache.catalina.connector.CoyoteAdapter.service(CoyoteAdapter.java:344)
	at org.apache.coyote.http11.Http11Processor.service(Http11Processor.java:389)
	at org.apache.coyote.AbstractProcessorLight.process(AbstractProcessorLight.java:63)
	at org.apache.coyote.AbstractProtocol$ConnectionHandler.process(AbstractProtocol.java:904)
	at org.apache.tomcat.util.net.NioEndpoint$SocketProcessor.doRun(NioEndpoint.java:1741)
	at org.apache.tomcat.util.net.SocketProcessorBase.run(SocketProcessorBase.java:52)
	at org.apache.tomcat.util.threads.ThreadPoolExecutor.runWorker(ThreadPoolExecutor.java:1190)
	at org.apache.tomcat.util.threads.ThreadPoolExecutor$Worker.run(ThreadPoolExecutor.java:659)
	at org.apache.tomcat.util.threads.TaskThread$WrappingRunnable.run(TaskThread.java:63)
	at java.base/java.lang.Thread.run(Thread.java:833)
2024-08-13 07:27:26,368 DEBUG o.s.s.w.FilterChainProxy [http-nio-7777-exec-5] Securing GET /error
2024-08-13 07:27:26,368 DEBUG o.s.s.w.a.AnonymousAuthenticationFilter [http-nio-7777-exec-5] Set SecurityContextHolder to anonymous SecurityContext
2024-08-13 07:27:26,384 DEBUG o.s.s.w.a.Http403ForbiddenEntryPoint [http-nio-7777-exec-5] Pre-authenticated entry point called. Rejecting access
2024-08-13 07:27:30,254 DEBUG o.s.s.w.FilterChainProxy [http-nio-7777-exec-10] Securing OPTIONS /api/users/all
2024-08-13 07:27:30,270 DEBUG o.s.s.w.FilterChainProxy [http-nio-7777-exec-3] Securing GET /api/users/all
2024-08-13 07:27:30,270 DEBUG o.s.s.w.FilterChainProxy [http-nio-7777-exec-9] Securing OPTIONS /api/users/all
2024-08-13 07:27:30,318 ERROR o.a.j.l.DirectJDKLog [http-nio-7777-exec-3] Servlet.service() for servlet [dispatcherServlet] in context with path [] threw exception
io.jsonwebtoken.ExpiredJwtException: JWT expired at 2024-08-13T01:56:50Z. Current time: 2024-08-13T01:57:30Z, a difference of 40307 milliseconds.  Allowed clock skew: 0 milliseconds.
	at io.jsonwebtoken.impl.DefaultJwtParser.parse(DefaultJwtParser.java:427)
	at io.jsonwebtoken.impl.DefaultJwtParser.parse(DefaultJwtParser.java:529)
	at io.jsonwebtoken.impl.DefaultJwtParser.parseClaimsJws(DefaultJwtParser.java:589)
	at io.jsonwebtoken.impl.ImmutableJwtParser.parseClaimsJws(ImmutableJwtParser.java:173)
	at com.max.quizspring.config.JwtToken.extractAllClaims(JwtToken.java:36)
	at com.max.quizspring.config.JwtToken.extraClaim(JwtToken.java:31)
	at com.max.quizspring.config.JwtToken.extractUsername(JwtToken.java:23)
	at com.max.quizspring.config.JwtAuthenticationFilter.doFilterInternal(JwtAuthenticationFilter.java:41)
	at org.springframework.web.filter.OncePerRequestFilter.doFilter(OncePerRequestFilter.java:116)
	at org.springframework.security.web.FilterChainProxy$VirtualFilterChain.doFilter(FilterChainProxy.java:374)
	at org.springframework.security.web.authentication.logout.LogoutFilter.doFilter(LogoutFilter.java:107)
	at org.springframework.security.web.authentication.logout.LogoutFilter.doFilter(LogoutFilter.java:93)
	at org.springframework.security.web.FilterChainProxy$VirtualFilterChain.doFilter(FilterChainProxy.java:374)
	at org.springframework.web.filter.CorsFilter.doFilterInternal(CorsFilter.java:91)
	at org.springframework.web.filter.OncePerRequestFilter.doFilter(OncePerRequestFilter.java:116)
	at org.springframework.security.web.FilterChainProxy$VirtualFilterChain.doFilter(FilterChainProxy.java:374)
	at org.springframework.security.web.header.HeaderWriterFilter.doHeadersAfter(HeaderWriterFilter.java:90)
	at org.springframework.security.web.header.HeaderWriterFilter.doFilterInternal(HeaderWriterFilter.java:75)
	at org.springframework.web.filter.OncePerRequestFilter.doFilter(OncePerRequestFilter.java:116)
	at org.springframework.security.web.FilterChainProxy$VirtualFilterChain.doFilter(FilterChainProxy.java:374)
	at org.springframework.security.web.context.SecurityContextHolderFilter.doFilter(SecurityContextHolderFilter.java:82)
	at org.springframework.security.web.context.SecurityContextHolderFilter.doFilter(SecurityContextHolderFilter.java:69)
	at org.springframework.security.web.FilterChainProxy$VirtualFilterChain.doFilter(FilterChainProxy.java:374)
	at org.springframework.security.web.context.request.async.WebAsyncManagerIntegrationFilter.doFilterInternal(WebAsyncManagerIntegrationFilter.java:62)
	at org.springframework.web.filter.OncePerRequestFilter.doFilter(OncePerRequestFilter.java:116)
	at org.springframework.security.web.FilterChainProxy$VirtualFilterChain.doFilter(FilterChainProxy.java:374)
	at org.springframework.security.web.session.DisableEncodeUrlFilter.doFilterInternal(DisableEncodeUrlFilter.java:42)
	at org.springframework.web.filter.OncePerRequestFilter.doFilter(OncePerRequestFilter.java:116)
	at org.springframework.security.web.FilterChainProxy$VirtualFilterChain.doFilter(FilterChainProxy.java:374)
	at org.springframework.security.web.FilterChainProxy.doFilterInternal(FilterChainProxy.java:233)
	at org.springframework.security.web.FilterChainProxy.doFilter(FilterChainProxy.java:191)
	at org.springframework.web.filter.CompositeFilter$VirtualFilterChain.doFilter(CompositeFilter.java:113)
	at org.springframework.web.servlet.handler.HandlerMappingIntrospector.lambda$createCacheFilter$3(HandlerMappingIntrospector.java:195)
	at org.springframework.web.filter.CompositeFilter$VirtualFilterChain.doFilter(CompositeFilter.java:113)
	at org.springframework.web.filter.CompositeFilter.doFilter(CompositeFilter.java:74)
	at org.springframework.security.config.annotation.web.configuration.WebMvcSecurityConfiguration$CompositeFilterChainProxy.doFilter(WebMvcSecurityConfiguration.java:230)
	at org.springframework.web.filter.DelegatingFilterProxy.invokeDelegate(DelegatingFilterProxy.java:352)
	at org.springframework.web.filter.DelegatingFilterProxy.doFilter(DelegatingFilterProxy.java:268)
	at org.apache.catalina.core.ApplicationFilterChain.internalDoFilter(ApplicationFilterChain.java:164)
	at org.apache.catalina.core.ApplicationFilterChain.doFilter(ApplicationFilterChain.java:140)
	at org.springframework.web.filter.RequestContextFilter.doFilterInternal(RequestContextFilter.java:100)
	at org.springframework.web.filter.OncePerRequestFilter.doFilter(OncePerRequestFilter.java:116)
	at org.apache.catalina.core.ApplicationFilterChain.internalDoFilter(ApplicationFilterChain.java:164)
	at org.apache.catalina.core.ApplicationFilterChain.doFilter(ApplicationFilterChain.java:140)
	at org.springframework.web.filter.FormContentFilter.doFilterInternal(FormContentFilter.java:93)
	at org.springframework.web.filter.OncePerRequestFilter.doFilter(OncePerRequestFilter.java:116)
	at org.apache.catalina.core.ApplicationFilterChain.internalDoFilter(ApplicationFilterChain.java:164)
	at org.apache.catalina.core.ApplicationFilterChain.doFilter(ApplicationFilterChain.java:140)
	at org.springframework.web.filter.CharacterEncodingFilter.doFilterInternal(CharacterEncodingFilter.java:201)
	at org.springframework.web.filter.OncePerRequestFilter.doFilter(OncePerRequestFilter.java:116)
	at org.apache.catalina.core.ApplicationFilterChain.internalDoFilter(ApplicationFilterChain.java:164)
	at org.apache.catalina.core.ApplicationFilterChain.doFilter(ApplicationFilterChain.java:140)
	at org.apache.catalina.core.StandardWrapperValve.invoke(StandardWrapperValve.java:167)
	at org.apache.catalina.core.StandardContextValve.invoke(StandardContextValve.java:90)
	at org.apache.catalina.authenticator.AuthenticatorBase.invoke(AuthenticatorBase.java:483)
	at org.apache.catalina.core.StandardHostValve.invoke(StandardHostValve.java:115)
	at org.apache.catalina.valves.ErrorReportValve.invoke(ErrorReportValve.java:93)
	at org.apache.catalina.core.StandardEngineValve.invoke(StandardEngineValve.java:74)
	at org.apache.catalina.connector.CoyoteAdapter.service(CoyoteAdapter.java:344)
	at org.apache.coyote.http11.Http11Processor.service(Http11Processor.java:389)
	at org.apache.coyote.AbstractProcessorLight.process(AbstractProcessorLight.java:63)
	at org.apache.coyote.AbstractProtocol$ConnectionHandler.process(AbstractProtocol.java:904)
	at org.apache.tomcat.util.net.NioEndpoint$SocketProcessor.doRun(NioEndpoint.java:1741)
	at org.apache.tomcat.util.net.SocketProcessorBase.run(SocketProcessorBase.java:52)
	at org.apache.tomcat.util.threads.ThreadPoolExecutor.runWorker(ThreadPoolExecutor.java:1190)
	at org.apache.tomcat.util.threads.ThreadPoolExecutor$Worker.run(ThreadPoolExecutor.java:659)
	at org.apache.tomcat.util.threads.TaskThread$WrappingRunnable.run(TaskThread.java:63)
	at java.base/java.lang.Thread.run(Thread.java:833)
2024-08-13 07:27:30,365 DEBUG o.s.s.w.FilterChainProxy [http-nio-7777-exec-3] Securing GET /error
2024-08-13 07:27:30,365 DEBUG o.s.s.w.a.AnonymousAuthenticationFilter [http-nio-7777-exec-3] Set SecurityContextHolder to anonymous SecurityContext
2024-08-13 07:27:30,376 DEBUG o.s.s.w.a.Http403ForbiddenEntryPoint [http-nio-7777-exec-3] Pre-authenticated entry point called. Rejecting access
2024-08-13 07:27:30,386 DEBUG o.s.s.w.FilterChainProxy [http-nio-7777-exec-8] Securing GET /api/users/all
2024-08-13 07:27:30,480 ERROR o.a.j.l.DirectJDKLog [http-nio-7777-exec-8] Servlet.service() for servlet [dispatcherServlet] in context with path [] threw exception
io.jsonwebtoken.ExpiredJwtException: JWT expired at 2024-08-13T01:56:50Z. Current time: 2024-08-13T01:57:30Z, a difference of 40415 milliseconds.  Allowed clock skew: 0 milliseconds.
	at io.jsonwebtoken.impl.DefaultJwtParser.parse(DefaultJwtParser.java:427)
	at io.jsonwebtoken.impl.DefaultJwtParser.parse(DefaultJwtParser.java:529)
	at io.jsonwebtoken.impl.DefaultJwtParser.parseClaimsJws(DefaultJwtParser.java:589)
	at io.jsonwebtoken.impl.ImmutableJwtParser.parseClaimsJws(ImmutableJwtParser.java:173)
	at com.max.quizspring.config.JwtToken.extractAllClaims(JwtToken.java:36)
	at com.max.quizspring.config.JwtToken.extraClaim(JwtToken.java:31)
	at com.max.quizspring.config.JwtToken.extractUsername(JwtToken.java:23)
	at com.max.quizspring.config.JwtAuthenticationFilter.doFilterInternal(JwtAuthenticationFilter.java:41)
	at org.springframework.web.filter.OncePerRequestFilter.doFilter(OncePerRequestFilter.java:116)
	at org.springframework.security.web.FilterChainProxy$VirtualFilterChain.doFilter(FilterChainProxy.java:374)
	at org.springframework.security.web.authentication.logout.LogoutFilter.doFilter(LogoutFilter.java:107)
	at org.springframework.security.web.authentication.logout.LogoutFilter.doFilter(LogoutFilter.java:93)
	at org.springframework.security.web.FilterChainProxy$VirtualFilterChain.doFilter(FilterChainProxy.java:374)
	at org.springframework.web.filter.CorsFilter.doFilterInternal(CorsFilter.java:91)
	at org.springframework.web.filter.OncePerRequestFilter.doFilter(OncePerRequestFilter.java:116)
	at org.springframework.security.web.FilterChainProxy$VirtualFilterChain.doFilter(FilterChainProxy.java:374)
	at org.springframework.security.web.header.HeaderWriterFilter.doHeadersAfter(HeaderWriterFilter.java:90)
	at org.springframework.security.web.header.HeaderWriterFilter.doFilterInternal(HeaderWriterFilter.java:75)
	at org.springframework.web.filter.OncePerRequestFilter.doFilter(OncePerRequestFilter.java:116)
	at org.springframework.security.web.FilterChainProxy$VirtualFilterChain.doFilter(FilterChainProxy.java:374)
	at org.springframework.security.web.context.SecurityContextHolderFilter.doFilter(SecurityContextHolderFilter.java:82)
	at org.springframework.security.web.context.SecurityContextHolderFilter.doFilter(SecurityContextHolderFilter.java:69)
	at org.springframework.security.web.FilterChainProxy$VirtualFilterChain.doFilter(FilterChainProxy.java:374)
	at org.springframework.security.web.context.request.async.WebAsyncManagerIntegrationFilter.doFilterInternal(WebAsyncManagerIntegrationFilter.java:62)
	at org.springframework.web.filter.OncePerRequestFilter.doFilter(OncePerRequestFilter.java:116)
	at org.springframework.security.web.FilterChainProxy$VirtualFilterChain.doFilter(FilterChainProxy.java:374)
	at org.springframework.security.web.session.DisableEncodeUrlFilter.doFilterInternal(DisableEncodeUrlFilter.java:42)
	at org.springframework.web.filter.OncePerRequestFilter.doFilter(OncePerRequestFilter.java:116)
	at org.springframework.security.web.FilterChainProxy$VirtualFilterChain.doFilter(FilterChainProxy.java:374)
	at org.springframework.security.web.FilterChainProxy.doFilterInternal(FilterChainProxy.java:233)
	at org.springframework.security.web.FilterChainProxy.doFilter(FilterChainProxy.java:191)
	at org.springframework.web.filter.CompositeFilter$VirtualFilterChain.doFilter(CompositeFilter.java:113)
	at org.springframework.web.servlet.handler.HandlerMappingIntrospector.lambda$createCacheFilter$3(HandlerMappingIntrospector.java:195)
	at org.springframework.web.filter.CompositeFilter$VirtualFilterChain.doFilter(CompositeFilter.java:113)
	at org.springframework.web.filter.CompositeFilter.doFilter(CompositeFilter.java:74)
	at org.springframework.security.config.annotation.web.configuration.WebMvcSecurityConfiguration$CompositeFilterChainProxy.doFilter(WebMvcSecurityConfiguration.java:230)
	at org.springframework.web.filter.DelegatingFilterProxy.invokeDelegate(DelegatingFilterProxy.java:352)
	at org.springframework.web.filter.DelegatingFilterProxy.doFilter(DelegatingFilterProxy.java:268)
	at org.apache.catalina.core.ApplicationFilterChain.internalDoFilter(ApplicationFilterChain.java:164)
	at org.apache.catalina.core.ApplicationFilterChain.doFilter(ApplicationFilterChain.java:140)
	at org.springframework.web.filter.RequestContextFilter.doFilterInternal(RequestContextFilter.java:100)
	at org.springframework.web.filter.OncePerRequestFilter.doFilter(OncePerRequestFilter.java:116)
	at org.apache.catalina.core.ApplicationFilterChain.internalDoFilter(ApplicationFilterChain.java:164)
	at org.apache.catalina.core.ApplicationFilterChain.doFilter(ApplicationFilterChain.java:140)
	at org.springframework.web.filter.FormContentFilter.doFilterInternal(FormContentFilter.java:93)
	at org.springframework.web.filter.OncePerRequestFilter.doFilter(OncePerRequestFilter.java:116)
	at org.apache.catalina.core.ApplicationFilterChain.internalDoFilter(ApplicationFilterChain.java:164)
	at org.apache.catalina.core.ApplicationFilterChain.doFilter(ApplicationFilterChain.java:140)
	at org.springframework.web.filter.CharacterEncodingFilter.doFilterInternal(CharacterEncodingFilter.java:201)
	at org.springframework.web.filter.OncePerRequestFilter.doFilter(OncePerRequestFilter.java:116)
	at org.apache.catalina.core.ApplicationFilterChain.internalDoFilter(ApplicationFilterChain.java:164)
	at org.apache.catalina.core.ApplicationFilterChain.doFilter(ApplicationFilterChain.java:140)
	at org.apache.catalina.core.StandardWrapperValve.invoke(StandardWrapperValve.java:167)
	at org.apache.catalina.core.StandardContextValve.invoke(StandardContextValve.java:90)
	at org.apache.catalina.authenticator.AuthenticatorBase.invoke(AuthenticatorBase.java:483)
	at org.apache.catalina.core.StandardHostValve.invoke(StandardHostValve.java:115)
	at org.apache.catalina.valves.ErrorReportValve.invoke(ErrorReportValve.java:93)
	at org.apache.catalina.core.StandardEngineValve.invoke(StandardEngineValve.java:74)
	at org.apache.catalina.connector.CoyoteAdapter.service(CoyoteAdapter.java:344)
	at org.apache.coyote.http11.Http11Processor.service(Http11Processor.java:389)
	at org.apache.coyote.AbstractProcessorLight.process(AbstractProcessorLight.java:63)
	at org.apache.coyote.AbstractProtocol$ConnectionHandler.process(AbstractProtocol.java:904)
	at org.apache.tomcat.util.net.NioEndpoint$SocketProcessor.doRun(NioEndpoint.java:1741)
	at org.apache.tomcat.util.net.SocketProcessorBase.run(SocketProcessorBase.java:52)
	at org.apache.tomcat.util.threads.ThreadPoolExecutor.runWorker(ThreadPoolExecutor.java:1190)
	at org.apache.tomcat.util.threads.ThreadPoolExecutor$Worker.run(ThreadPoolExecutor.java:659)
	at org.apache.tomcat.util.threads.TaskThread$WrappingRunnable.run(TaskThread.java:63)
	at java.base/java.lang.Thread.run(Thread.java:833)
2024-08-13 07:27:30,514 DEBUG o.s.s.w.FilterChainProxy [http-nio-7777-exec-8] Securing GET /error
2024-08-13 07:27:30,514 DEBUG o.s.s.w.a.AnonymousAuthenticationFilter [http-nio-7777-exec-8] Set SecurityContextHolder to anonymous SecurityContext
2024-08-13 07:27:30,514 DEBUG o.s.s.w.a.Http403ForbiddenEntryPoint [http-nio-7777-exec-8] Pre-authenticated entry point called. Rejecting access
2024-08-13 07:27:31,158 DEBUG o.s.s.w.FilterChainProxy [http-nio-7777-exec-1] Securing OPTIONS /api/user/companies
2024-08-13 07:27:31,172 DEBUG o.s.s.w.FilterChainProxy [http-nio-7777-exec-7] Securing OPTIONS /api/user/companies
2024-08-13 07:27:31,183 DEBUG o.s.s.w.FilterChainProxy [http-nio-7777-exec-2] Securing GET /api/user/companies
2024-08-13 07:27:31,198 ERROR o.a.j.l.DirectJDKLog [http-nio-7777-exec-2] Servlet.service() for servlet [dispatcherServlet] in context with path [] threw exception
io.jsonwebtoken.ExpiredJwtException: JWT expired at 2024-08-13T01:56:50Z. Current time: 2024-08-13T01:57:31Z, a difference of 41198 milliseconds.  Allowed clock skew: 0 milliseconds.
	at io.jsonwebtoken.impl.DefaultJwtParser.parse(DefaultJwtParser.java:427)
	at io.jsonwebtoken.impl.DefaultJwtParser.parse(DefaultJwtParser.java:529)
	at io.jsonwebtoken.impl.DefaultJwtParser.parseClaimsJws(DefaultJwtParser.java:589)
	at io.jsonwebtoken.impl.ImmutableJwtParser.parseClaimsJws(ImmutableJwtParser.java:173)
	at com.max.quizspring.config.JwtToken.extractAllClaims(JwtToken.java:36)
	at com.max.quizspring.config.JwtToken.extraClaim(JwtToken.java:31)
	at com.max.quizspring.config.JwtToken.extractUsername(JwtToken.java:23)
	at com.max.quizspring.config.JwtAuthenticationFilter.doFilterInternal(JwtAuthenticationFilter.java:41)
	at org.springframework.web.filter.OncePerRequestFilter.doFilter(OncePerRequestFilter.java:116)
	at org.springframework.security.web.FilterChainProxy$VirtualFilterChain.doFilter(FilterChainProxy.java:374)
	at org.springframework.security.web.authentication.logout.LogoutFilter.doFilter(LogoutFilter.java:107)
	at org.springframework.security.web.authentication.logout.LogoutFilter.doFilter(LogoutFilter.java:93)
	at org.springframework.security.web.FilterChainProxy$VirtualFilterChain.doFilter(FilterChainProxy.java:374)
	at org.springframework.web.filter.CorsFilter.doFilterInternal(CorsFilter.java:91)
	at org.springframework.web.filter.OncePerRequestFilter.doFilter(OncePerRequestFilter.java:116)
	at org.springframework.security.web.FilterChainProxy$VirtualFilterChain.doFilter(FilterChainProxy.java:374)
	at org.springframework.security.web.header.HeaderWriterFilter.doHeadersAfter(HeaderWriterFilter.java:90)
	at org.springframework.security.web.header.HeaderWriterFilter.doFilterInternal(HeaderWriterFilter.java:75)
	at org.springframework.web.filter.OncePerRequestFilter.doFilter(OncePerRequestFilter.java:116)
	at org.springframework.security.web.FilterChainProxy$VirtualFilterChain.doFilter(FilterChainProxy.java:374)
	at org.springframework.security.web.context.SecurityContextHolderFilter.doFilter(SecurityContextHolderFilter.java:82)
	at org.springframework.security.web.context.SecurityContextHolderFilter.doFilter(SecurityContextHolderFilter.java:69)
	at org.springframework.security.web.FilterChainProxy$VirtualFilterChain.doFilter(FilterChainProxy.java:374)
	at org.springframework.security.web.context.request.async.WebAsyncManagerIntegrationFilter.doFilterInternal(WebAsyncManagerIntegrationFilter.java:62)
	at org.springframework.web.filter.OncePerRequestFilter.doFilter(OncePerRequestFilter.java:116)
	at org.springframework.security.web.FilterChainProxy$VirtualFilterChain.doFilter(FilterChainProxy.java:374)
	at org.springframework.security.web.session.DisableEncodeUrlFilter.doFilterInternal(DisableEncodeUrlFilter.java:42)
	at org.springframework.web.filter.OncePerRequestFilter.doFilter(OncePerRequestFilter.java:116)
	at org.springframework.security.web.FilterChainProxy$VirtualFilterChain.doFilter(FilterChainProxy.java:374)
	at org.springframework.security.web.FilterChainProxy.doFilterInternal(FilterChainProxy.java:233)
	at org.springframework.security.web.FilterChainProxy.doFilter(FilterChainProxy.java:191)
	at org.springframework.web.filter.CompositeFilter$VirtualFilterChain.doFilter(CompositeFilter.java:113)
	at org.springframework.web.servlet.handler.HandlerMappingIntrospector.lambda$createCacheFilter$3(HandlerMappingIntrospector.java:195)
	at org.springframework.web.filter.CompositeFilter$VirtualFilterChain.doFilter(CompositeFilter.java:113)
	at org.springframework.web.filter.CompositeFilter.doFilter(CompositeFilter.java:74)
	at org.springframework.security.config.annotation.web.configuration.WebMvcSecurityConfiguration$CompositeFilterChainProxy.doFilter(WebMvcSecurityConfiguration.java:230)
	at org.springframework.web.filter.DelegatingFilterProxy.invokeDelegate(DelegatingFilterProxy.java:352)
	at org.springframework.web.filter.DelegatingFilterProxy.doFilter(DelegatingFilterProxy.java:268)
	at org.apache.catalina.core.ApplicationFilterChain.internalDoFilter(ApplicationFilterChain.java:164)
	at org.apache.catalina.core.ApplicationFilterChain.doFilter(ApplicationFilterChain.java:140)
	at org.springframework.web.filter.RequestContextFilter.doFilterInternal(RequestContextFilter.java:100)
	at org.springframework.web.filter.OncePerRequestFilter.doFilter(OncePerRequestFilter.java:116)
	at org.apache.catalina.core.ApplicationFilterChain.internalDoFilter(ApplicationFilterChain.java:164)
	at org.apache.catalina.core.ApplicationFilterChain.doFilter(ApplicationFilterChain.java:140)
	at org.springframework.web.filter.FormContentFilter.doFilterInternal(FormContentFilter.java:93)
	at org.springframework.web.filter.OncePerRequestFilter.doFilter(OncePerRequestFilter.java:116)
	at org.apache.catalina.core.ApplicationFilterChain.internalDoFilter(ApplicationFilterChain.java:164)
	at org.apache.catalina.core.ApplicationFilterChain.doFilter(ApplicationFilterChain.java:140)
	at org.springframework.web.filter.CharacterEncodingFilter.doFilterInternal(CharacterEncodingFilter.java:201)
	at org.springframework.web.filter.OncePerRequestFilter.doFilter(OncePerRequestFilter.java:116)
	at org.apache.catalina.core.ApplicationFilterChain.internalDoFilter(ApplicationFilterChain.java:164)
	at org.apache.catalina.core.ApplicationFilterChain.doFilter(ApplicationFilterChain.java:140)
	at org.apache.catalina.core.StandardWrapperValve.invoke(StandardWrapperValve.java:167)
	at org.apache.catalina.core.StandardContextValve.invoke(StandardContextValve.java:90)
	at org.apache.catalina.authenticator.AuthenticatorBase.invoke(AuthenticatorBase.java:483)
	at org.apache.catalina.core.StandardHostValve.invoke(StandardHostValve.java:115)
	at org.apache.catalina.valves.ErrorReportValve.invoke(ErrorReportValve.java:93)
	at org.apache.catalina.core.StandardEngineValve.invoke(StandardEngineValve.java:74)
	at org.apache.catalina.connector.CoyoteAdapter.service(CoyoteAdapter.java:344)
	at org.apache.coyote.http11.Http11Processor.service(Http11Processor.java:389)
	at org.apache.coyote.AbstractProcessorLight.process(AbstractProcessorLight.java:63)
	at org.apache.coyote.AbstractProtocol$ConnectionHandler.process(AbstractProtocol.java:904)
	at org.apache.tomcat.util.net.NioEndpoint$SocketProcessor.doRun(NioEndpoint.java:1741)
	at org.apache.tomcat.util.net.SocketProcessorBase.run(SocketProcessorBase.java:52)
	at org.apache.tomcat.util.threads.ThreadPoolExecutor.runWorker(ThreadPoolExecutor.java:1190)
	at org.apache.tomcat.util.threads.ThreadPoolExecutor$Worker.run(ThreadPoolExecutor.java:659)
	at org.apache.tomcat.util.threads.TaskThread$WrappingRunnable.run(TaskThread.java:63)
	at java.base/java.lang.Thread.run(Thread.java:833)
2024-08-13 07:27:31,265 DEBUG o.s.s.w.FilterChainProxy [http-nio-7777-exec-2] Securing GET /error
2024-08-13 07:27:31,280 DEBUG o.s.s.w.a.AnonymousAuthenticationFilter [http-nio-7777-exec-2] Set SecurityContextHolder to anonymous SecurityContext
2024-08-13 07:27:31,280 DEBUG o.s.s.w.a.Http403ForbiddenEntryPoint [http-nio-7777-exec-2] Pre-authenticated entry point called. Rejecting access
2024-08-13 07:27:31,319 DEBUG o.s.s.w.FilterChainProxy [http-nio-7777-exec-5] Securing GET /api/user/companies
2024-08-13 07:27:31,335 ERROR o.a.j.l.DirectJDKLog [http-nio-7777-exec-5] Servlet.service() for servlet [dispatcherServlet] in context with path [] threw exception
io.jsonwebtoken.ExpiredJwtException: JWT expired at 2024-08-13T01:56:50Z. Current time: 2024-08-13T01:57:31Z, a difference of 41327 milliseconds.  Allowed clock skew: 0 milliseconds.
	at io.jsonwebtoken.impl.DefaultJwtParser.parse(DefaultJwtParser.java:427)
	at io.jsonwebtoken.impl.DefaultJwtParser.parse(DefaultJwtParser.java:529)
	at io.jsonwebtoken.impl.DefaultJwtParser.parseClaimsJws(DefaultJwtParser.java:589)
	at io.jsonwebtoken.impl.ImmutableJwtParser.parseClaimsJws(ImmutableJwtParser.java:173)
	at com.max.quizspring.config.JwtToken.extractAllClaims(JwtToken.java:36)
	at com.max.quizspring.config.JwtToken.extraClaim(JwtToken.java:31)
	at com.max.quizspring.config.JwtToken.extractUsername(JwtToken.java:23)
	at com.max.quizspring.config.JwtAuthenticationFilter.doFilterInternal(JwtAuthenticationFilter.java:41)
	at org.springframework.web.filter.OncePerRequestFilter.doFilter(OncePerRequestFilter.java:116)
	at org.springframework.security.web.FilterChainProxy$VirtualFilterChain.doFilter(FilterChainProxy.java:374)
	at org.springframework.security.web.authentication.logout.LogoutFilter.doFilter(LogoutFilter.java:107)
	at org.springframework.security.web.authentication.logout.LogoutFilter.doFilter(LogoutFilter.java:93)
	at org.springframework.security.web.FilterChainProxy$VirtualFilterChain.doFilter(FilterChainProxy.java:374)
	at org.springframework.web.filter.CorsFilter.doFilterInternal(CorsFilter.java:91)
	at org.springframework.web.filter.OncePerRequestFilter.doFilter(OncePerRequestFilter.java:116)
	at org.springframework.security.web.FilterChainProxy$VirtualFilterChain.doFilter(FilterChainProxy.java:374)
	at org.springframework.security.web.header.HeaderWriterFilter.doHeadersAfter(HeaderWriterFilter.java:90)
	at org.springframework.security.web.header.HeaderWriterFilter.doFilterInternal(HeaderWriterFilter.java:75)
	at org.springframework.web.filter.OncePerRequestFilter.doFilter(OncePerRequestFilter.java:116)
	at org.springframework.security.web.FilterChainProxy$VirtualFilterChain.doFilter(FilterChainProxy.java:374)
	at org.springframework.security.web.context.SecurityContextHolderFilter.doFilter(SecurityContextHolderFilter.java:82)
	at org.springframework.security.web.context.SecurityContextHolderFilter.doFilter(SecurityContextHolderFilter.java:69)
	at org.springframework.security.web.FilterChainProxy$VirtualFilterChain.doFilter(FilterChainProxy.java:374)
	at org.springframework.security.web.context.request.async.WebAsyncManagerIntegrationFilter.doFilterInternal(WebAsyncManagerIntegrationFilter.java:62)
	at org.springframework.web.filter.OncePerRequestFilter.doFilter(OncePerRequestFilter.java:116)
	at org.springframework.security.web.FilterChainProxy$VirtualFilterChain.doFilter(FilterChainProxy.java:374)
	at org.springframework.security.web.session.DisableEncodeUrlFilter.doFilterInternal(DisableEncodeUrlFilter.java:42)
	at org.springframework.web.filter.OncePerRequestFilter.doFilter(OncePerRequestFilter.java:116)
	at org.springframework.security.web.FilterChainProxy$VirtualFilterChain.doFilter(FilterChainProxy.java:374)
	at org.springframework.security.web.FilterChainProxy.doFilterInternal(FilterChainProxy.java:233)
	at org.springframework.security.web.FilterChainProxy.doFilter(FilterChainProxy.java:191)
	at org.springframework.web.filter.CompositeFilter$VirtualFilterChain.doFilter(CompositeFilter.java:113)
	at org.springframework.web.servlet.handler.HandlerMappingIntrospector.lambda$createCacheFilter$3(HandlerMappingIntrospector.java:195)
	at org.springframework.web.filter.CompositeFilter$VirtualFilterChain.doFilter(CompositeFilter.java:113)
	at org.springframework.web.filter.CompositeFilter.doFilter(CompositeFilter.java:74)
	at org.springframework.security.config.annotation.web.configuration.WebMvcSecurityConfiguration$CompositeFilterChainProxy.doFilter(WebMvcSecurityConfiguration.java:230)
	at org.springframework.web.filter.DelegatingFilterProxy.invokeDelegate(DelegatingFilterProxy.java:352)
	at org.springframework.web.filter.DelegatingFilterProxy.doFilter(DelegatingFilterProxy.java:268)
	at org.apache.catalina.core.ApplicationFilterChain.internalDoFilter(ApplicationFilterChain.java:164)
	at org.apache.catalina.core.ApplicationFilterChain.doFilter(ApplicationFilterChain.java:140)
	at org.springframework.web.filter.RequestContextFilter.doFilterInternal(RequestContextFilter.java:100)
	at org.springframework.web.filter.OncePerRequestFilter.doFilter(OncePerRequestFilter.java:116)
	at org.apache.catalina.core.ApplicationFilterChain.internalDoFilter(ApplicationFilterChain.java:164)
	at org.apache.catalina.core.ApplicationFilterChain.doFilter(ApplicationFilterChain.java:140)
	at org.springframework.web.filter.FormContentFilter.doFilterInternal(FormContentFilter.java:93)
	at org.springframework.web.filter.OncePerRequestFilter.doFilter(OncePerRequestFilter.java:116)
	at org.apache.catalina.core.ApplicationFilterChain.internalDoFilter(ApplicationFilterChain.java:164)
	at org.apache.catalina.core.ApplicationFilterChain.doFilter(ApplicationFilterChain.java:140)
	at org.springframework.web.filter.CharacterEncodingFilter.doFilterInternal(CharacterEncodingFilter.java:201)
	at org.springframework.web.filter.OncePerRequestFilter.doFilter(OncePerRequestFilter.java:116)
	at org.apache.catalina.core.ApplicationFilterChain.internalDoFilter(ApplicationFilterChain.java:164)
	at org.apache.catalina.core.ApplicationFilterChain.doFilter(ApplicationFilterChain.java:140)
	at org.apache.catalina.core.StandardWrapperValve.invoke(StandardWrapperValve.java:167)
	at org.apache.catalina.core.StandardContextValve.invoke(StandardContextValve.java:90)
	at org.apache.catalina.authenticator.AuthenticatorBase.invoke(AuthenticatorBase.java:483)
	at org.apache.catalina.core.StandardHostValve.invoke(StandardHostValve.java:115)
	at org.apache.catalina.valves.ErrorReportValve.invoke(ErrorReportValve.java:93)
	at org.apache.catalina.core.StandardEngineValve.invoke(StandardEngineValve.java:74)
	at org.apache.catalina.connector.CoyoteAdapter.service(CoyoteAdapter.java:344)
	at org.apache.coyote.http11.Http11Processor.service(Http11Processor.java:389)
	at org.apache.coyote.AbstractProcessorLight.process(AbstractProcessorLight.java:63)
	at org.apache.coyote.AbstractProtocol$ConnectionHandler.process(AbstractProtocol.java:904)
	at org.apache.tomcat.util.net.NioEndpoint$SocketProcessor.doRun(NioEndpoint.java:1741)
	at org.apache.tomcat.util.net.SocketProcessorBase.run(SocketProcessorBase.java:52)
	at org.apache.tomcat.util.threads.ThreadPoolExecutor.runWorker(ThreadPoolExecutor.java:1190)
	at org.apache.tomcat.util.threads.ThreadPoolExecutor$Worker.run(ThreadPoolExecutor.java:659)
	at org.apache.tomcat.util.threads.TaskThread$WrappingRunnable.run(TaskThread.java:63)
	at java.base/java.lang.Thread.run(Thread.java:833)
2024-08-13 07:27:31,386 DEBUG o.s.s.w.FilterChainProxy [http-nio-7777-exec-5] Securing GET /error
2024-08-13 07:27:31,386 DEBUG o.s.s.w.a.AnonymousAuthenticationFilter [http-nio-7777-exec-5] Set SecurityContextHolder to anonymous SecurityContext
2024-08-13 07:27:31,410 DEBUG o.s.s.w.a.Http403ForbiddenEntryPoint [http-nio-7777-exec-5] Pre-authenticated entry point called. Rejecting access
2024-08-13 07:27:34,134 DEBUG o.s.s.w.FilterChainProxy [http-nio-7777-exec-10] Securing GET /api/users/all
2024-08-13 07:27:34,153 ERROR o.a.j.l.DirectJDKLog [http-nio-7777-exec-10] Servlet.service() for servlet [dispatcherServlet] in context with path [] threw exception
io.jsonwebtoken.ExpiredJwtException: JWT expired at 2024-08-13T01:56:50Z. Current time: 2024-08-13T01:57:34Z, a difference of 44153 milliseconds.  Allowed clock skew: 0 milliseconds.
	at io.jsonwebtoken.impl.DefaultJwtParser.parse(DefaultJwtParser.java:427)
	at io.jsonwebtoken.impl.DefaultJwtParser.parse(DefaultJwtParser.java:529)
	at io.jsonwebtoken.impl.DefaultJwtParser.parseClaimsJws(DefaultJwtParser.java:589)
	at io.jsonwebtoken.impl.ImmutableJwtParser.parseClaimsJws(ImmutableJwtParser.java:173)
	at com.max.quizspring.config.JwtToken.extractAllClaims(JwtToken.java:36)
	at com.max.quizspring.config.JwtToken.extraClaim(JwtToken.java:31)
	at com.max.quizspring.config.JwtToken.extractUsername(JwtToken.java:23)
	at com.max.quizspring.config.JwtAuthenticationFilter.doFilterInternal(JwtAuthenticationFilter.java:41)
	at org.springframework.web.filter.OncePerRequestFilter.doFilter(OncePerRequestFilter.java:116)
	at org.springframework.security.web.FilterChainProxy$VirtualFilterChain.doFilter(FilterChainProxy.java:374)
	at org.springframework.security.web.authentication.logout.LogoutFilter.doFilter(LogoutFilter.java:107)
	at org.springframework.security.web.authentication.logout.LogoutFilter.doFilter(LogoutFilter.java:93)
	at org.springframework.security.web.FilterChainProxy$VirtualFilterChain.doFilter(FilterChainProxy.java:374)
	at org.springframework.web.filter.CorsFilter.doFilterInternal(CorsFilter.java:91)
	at org.springframework.web.filter.OncePerRequestFilter.doFilter(OncePerRequestFilter.java:116)
	at org.springframework.security.web.FilterChainProxy$VirtualFilterChain.doFilter(FilterChainProxy.java:374)
	at org.springframework.security.web.header.HeaderWriterFilter.doHeadersAfter(HeaderWriterFilter.java:90)
	at org.springframework.security.web.header.HeaderWriterFilter.doFilterInternal(HeaderWriterFilter.java:75)
	at org.springframework.web.filter.OncePerRequestFilter.doFilter(OncePerRequestFilter.java:116)
	at org.springframework.security.web.FilterChainProxy$VirtualFilterChain.doFilter(FilterChainProxy.java:374)
	at org.springframework.security.web.context.SecurityContextHolderFilter.doFilter(SecurityContextHolderFilter.java:82)
	at org.springframework.security.web.context.SecurityContextHolderFilter.doFilter(SecurityContextHolderFilter.java:69)
	at org.springframework.security.web.FilterChainProxy$VirtualFilterChain.doFilter(FilterChainProxy.java:374)
	at org.springframework.security.web.context.request.async.WebAsyncManagerIntegrationFilter.doFilterInternal(WebAsyncManagerIntegrationFilter.java:62)
	at org.springframework.web.filter.OncePerRequestFilter.doFilter(OncePerRequestFilter.java:116)
	at org.springframework.security.web.FilterChainProxy$VirtualFilterChain.doFilter(FilterChainProxy.java:374)
	at org.springframework.security.web.session.DisableEncodeUrlFilter.doFilterInternal(DisableEncodeUrlFilter.java:42)
	at org.springframework.web.filter.OncePerRequestFilter.doFilter(OncePerRequestFilter.java:116)
	at org.springframework.security.web.FilterChainProxy$VirtualFilterChain.doFilter(FilterChainProxy.java:374)
	at org.springframework.security.web.FilterChainProxy.doFilterInternal(FilterChainProxy.java:233)
	at org.springframework.security.web.FilterChainProxy.doFilter(FilterChainProxy.java:191)
	at org.springframework.web.filter.CompositeFilter$VirtualFilterChain.doFilter(CompositeFilter.java:113)
	at org.springframework.web.servlet.handler.HandlerMappingIntrospector.lambda$createCacheFilter$3(HandlerMappingIntrospector.java:195)
	at org.springframework.web.filter.CompositeFilter$VirtualFilterChain.doFilter(CompositeFilter.java:113)
	at org.springframework.web.filter.CompositeFilter.doFilter(CompositeFilter.java:74)
	at org.springframework.security.config.annotation.web.configuration.WebMvcSecurityConfiguration$CompositeFilterChainProxy.doFilter(WebMvcSecurityConfiguration.java:230)
	at org.springframework.web.filter.DelegatingFilterProxy.invokeDelegate(DelegatingFilterProxy.java:352)
	at org.springframework.web.filter.DelegatingFilterProxy.doFilter(DelegatingFilterProxy.java:268)
	at org.apache.catalina.core.ApplicationFilterChain.internalDoFilter(ApplicationFilterChain.java:164)
	at org.apache.catalina.core.ApplicationFilterChain.doFilter(ApplicationFilterChain.java:140)
	at org.springframework.web.filter.RequestContextFilter.doFilterInternal(RequestContextFilter.java:100)
	at org.springframework.web.filter.OncePerRequestFilter.doFilter(OncePerRequestFilter.java:116)
	at org.apache.catalina.core.ApplicationFilterChain.internalDoFilter(ApplicationFilterChain.java:164)
	at org.apache.catalina.core.ApplicationFilterChain.doFilter(ApplicationFilterChain.java:140)
	at org.springframework.web.filter.FormContentFilter.doFilterInternal(FormContentFilter.java:93)
	at org.springframework.web.filter.OncePerRequestFilter.doFilter(OncePerRequestFilter.java:116)
	at org.apache.catalina.core.ApplicationFilterChain.internalDoFilter(ApplicationFilterChain.java:164)
	at org.apache.catalina.core.ApplicationFilterChain.doFilter(ApplicationFilterChain.java:140)
	at org.springframework.web.filter.CharacterEncodingFilter.doFilterInternal(CharacterEncodingFilter.java:201)
	at org.springframework.web.filter.OncePerRequestFilter.doFilter(OncePerRequestFilter.java:116)
	at org.apache.catalina.core.ApplicationFilterChain.internalDoFilter(ApplicationFilterChain.java:164)
	at org.apache.catalina.core.ApplicationFilterChain.doFilter(ApplicationFilterChain.java:140)
	at org.apache.catalina.core.StandardWrapperValve.invoke(StandardWrapperValve.java:167)
	at org.apache.catalina.core.StandardContextValve.invoke(StandardContextValve.java:90)
	at org.apache.catalina.authenticator.AuthenticatorBase.invoke(AuthenticatorBase.java:483)
	at org.apache.catalina.core.StandardHostValve.invoke(StandardHostValve.java:115)
	at org.apache.catalina.valves.ErrorReportValve.invoke(ErrorReportValve.java:93)
	at org.apache.catalina.core.StandardEngineValve.invoke(StandardEngineValve.java:74)
	at org.apache.catalina.connector.CoyoteAdapter.service(CoyoteAdapter.java:344)
	at org.apache.coyote.http11.Http11Processor.service(Http11Processor.java:389)
	at org.apache.coyote.AbstractProcessorLight.process(AbstractProcessorLight.java:63)
	at org.apache.coyote.AbstractProtocol$ConnectionHandler.process(AbstractProtocol.java:904)
	at org.apache.tomcat.util.net.NioEndpoint$SocketProcessor.doRun(NioEndpoint.java:1741)
	at org.apache.tomcat.util.net.SocketProcessorBase.run(SocketProcessorBase.java:52)
	at org.apache.tomcat.util.threads.ThreadPoolExecutor.runWorker(ThreadPoolExecutor.java:1190)
	at org.apache.tomcat.util.threads.ThreadPoolExecutor$Worker.run(ThreadPoolExecutor.java:659)
	at org.apache.tomcat.util.threads.TaskThread$WrappingRunnable.run(TaskThread.java:63)
	at java.base/java.lang.Thread.run(Thread.java:833)
2024-08-13 07:27:34,214 DEBUG o.s.s.w.FilterChainProxy [http-nio-7777-exec-10] Securing GET /error
2024-08-13 07:27:34,214 DEBUG o.s.s.w.a.AnonymousAuthenticationFilter [http-nio-7777-exec-10] Set SecurityContextHolder to anonymous SecurityContext
2024-08-13 07:27:34,214 DEBUG o.s.s.w.a.Http403ForbiddenEntryPoint [http-nio-7777-exec-10] Pre-authenticated entry point called. Rejecting access
2024-08-13 07:27:34,233 DEBUG o.s.s.w.FilterChainProxy [http-nio-7777-exec-9] Securing GET /api/users/all
2024-08-13 07:27:34,257 ERROR o.a.j.l.DirectJDKLog [http-nio-7777-exec-9] Servlet.service() for servlet [dispatcherServlet] in context with path [] threw exception
io.jsonwebtoken.ExpiredJwtException: JWT expired at 2024-08-13T01:56:50Z. Current time: 2024-08-13T01:57:34Z, a difference of 44257 milliseconds.  Allowed clock skew: 0 milliseconds.
	at io.jsonwebtoken.impl.DefaultJwtParser.parse(DefaultJwtParser.java:427)
	at io.jsonwebtoken.impl.DefaultJwtParser.parse(DefaultJwtParser.java:529)
	at io.jsonwebtoken.impl.DefaultJwtParser.parseClaimsJws(DefaultJwtParser.java:589)
	at io.jsonwebtoken.impl.ImmutableJwtParser.parseClaimsJws(ImmutableJwtParser.java:173)
	at com.max.quizspring.config.JwtToken.extractAllClaims(JwtToken.java:36)
	at com.max.quizspring.config.JwtToken.extraClaim(JwtToken.java:31)
	at com.max.quizspring.config.JwtToken.extractUsername(JwtToken.java:23)
	at com.max.quizspring.config.JwtAuthenticationFilter.doFilterInternal(JwtAuthenticationFilter.java:41)
	at org.springframework.web.filter.OncePerRequestFilter.doFilter(OncePerRequestFilter.java:116)
	at org.springframework.security.web.FilterChainProxy$VirtualFilterChain.doFilter(FilterChainProxy.java:374)
	at org.springframework.security.web.authentication.logout.LogoutFilter.doFilter(LogoutFilter.java:107)
	at org.springframework.security.web.authentication.logout.LogoutFilter.doFilter(LogoutFilter.java:93)
	at org.springframework.security.web.FilterChainProxy$VirtualFilterChain.doFilter(FilterChainProxy.java:374)
	at org.springframework.web.filter.CorsFilter.doFilterInternal(CorsFilter.java:91)
	at org.springframework.web.filter.OncePerRequestFilter.doFilter(OncePerRequestFilter.java:116)
	at org.springframework.security.web.FilterChainProxy$VirtualFilterChain.doFilter(FilterChainProxy.java:374)
	at org.springframework.security.web.header.HeaderWriterFilter.doHeadersAfter(HeaderWriterFilter.java:90)
	at org.springframework.security.web.header.HeaderWriterFilter.doFilterInternal(HeaderWriterFilter.java:75)
	at org.springframework.web.filter.OncePerRequestFilter.doFilter(OncePerRequestFilter.java:116)
	at org.springframework.security.web.FilterChainProxy$VirtualFilterChain.doFilter(FilterChainProxy.java:374)
	at org.springframework.security.web.context.SecurityContextHolderFilter.doFilter(SecurityContextHolderFilter.java:82)
	at org.springframework.security.web.context.SecurityContextHolderFilter.doFilter(SecurityContextHolderFilter.java:69)
	at org.springframework.security.web.FilterChainProxy$VirtualFilterChain.doFilter(FilterChainProxy.java:374)
	at org.springframework.security.web.context.request.async.WebAsyncManagerIntegrationFilter.doFilterInternal(WebAsyncManagerIntegrationFilter.java:62)
	at org.springframework.web.filter.OncePerRequestFilter.doFilter(OncePerRequestFilter.java:116)
	at org.springframework.security.web.FilterChainProxy$VirtualFilterChain.doFilter(FilterChainProxy.java:374)
	at org.springframework.security.web.session.DisableEncodeUrlFilter.doFilterInternal(DisableEncodeUrlFilter.java:42)
	at org.springframework.web.filter.OncePerRequestFilter.doFilter(OncePerRequestFilter.java:116)
	at org.springframework.security.web.FilterChainProxy$VirtualFilterChain.doFilter(FilterChainProxy.java:374)
	at org.springframework.security.web.FilterChainProxy.doFilterInternal(FilterChainProxy.java:233)
	at org.springframework.security.web.FilterChainProxy.doFilter(FilterChainProxy.java:191)
	at org.springframework.web.filter.CompositeFilter$VirtualFilterChain.doFilter(CompositeFilter.java:113)
	at org.springframework.web.servlet.handler.HandlerMappingIntrospector.lambda$createCacheFilter$3(HandlerMappingIntrospector.java:195)
	at org.springframework.web.filter.CompositeFilter$VirtualFilterChain.doFilter(CompositeFilter.java:113)
	at org.springframework.web.filter.CompositeFilter.doFilter(CompositeFilter.java:74)
	at org.springframework.security.config.annotation.web.configuration.WebMvcSecurityConfiguration$CompositeFilterChainProxy.doFilter(WebMvcSecurityConfiguration.java:230)
	at org.springframework.web.filter.DelegatingFilterProxy.invokeDelegate(DelegatingFilterProxy.java:352)
	at org.springframework.web.filter.DelegatingFilterProxy.doFilter(DelegatingFilterProxy.java:268)
	at org.apache.catalina.core.ApplicationFilterChain.internalDoFilter(ApplicationFilterChain.java:164)
	at org.apache.catalina.core.ApplicationFilterChain.doFilter(ApplicationFilterChain.java:140)
	at org.springframework.web.filter.RequestContextFilter.doFilterInternal(RequestContextFilter.java:100)
	at org.springframework.web.filter.OncePerRequestFilter.doFilter(OncePerRequestFilter.java:116)
	at org.apache.catalina.core.ApplicationFilterChain.internalDoFilter(ApplicationFilterChain.java:164)
	at org.apache.catalina.core.ApplicationFilterChain.doFilter(ApplicationFilterChain.java:140)
	at org.springframework.web.filter.FormContentFilter.doFilterInternal(FormContentFilter.java:93)
	at org.springframework.web.filter.OncePerRequestFilter.doFilter(OncePerRequestFilter.java:116)
	at org.apache.catalina.core.ApplicationFilterChain.internalDoFilter(ApplicationFilterChain.java:164)
	at org.apache.catalina.core.ApplicationFilterChain.doFilter(ApplicationFilterChain.java:140)
	at org.springframework.web.filter.CharacterEncodingFilter.doFilterInternal(CharacterEncodingFilter.java:201)
	at org.springframework.web.filter.OncePerRequestFilter.doFilter(OncePerRequestFilter.java:116)
	at org.apache.catalina.core.ApplicationFilterChain.internalDoFilter(ApplicationFilterChain.java:164)
	at org.apache.catalina.core.ApplicationFilterChain.doFilter(ApplicationFilterChain.java:140)
	at org.apache.catalina.core.StandardWrapperValve.invoke(StandardWrapperValve.java:167)
	at org.apache.catalina.core.StandardContextValve.invoke(StandardContextValve.java:90)
	at org.apache.catalina.authenticator.AuthenticatorBase.invoke(AuthenticatorBase.java:483)
	at org.apache.catalina.core.StandardHostValve.invoke(StandardHostValve.java:115)
	at org.apache.catalina.valves.ErrorReportValve.invoke(ErrorReportValve.java:93)
	at org.apache.catalina.core.StandardEngineValve.invoke(StandardEngineValve.java:74)
	at org.apache.catalina.connector.CoyoteAdapter.service(CoyoteAdapter.java:344)
	at org.apache.coyote.http11.Http11Processor.service(Http11Processor.java:389)
	at org.apache.coyote.AbstractProcessorLight.process(AbstractProcessorLight.java:63)
	at org.apache.coyote.AbstractProtocol$ConnectionHandler.process(AbstractProtocol.java:904)
	at org.apache.tomcat.util.net.NioEndpoint$SocketProcessor.doRun(NioEndpoint.java:1741)
	at org.apache.tomcat.util.net.SocketProcessorBase.run(SocketProcessorBase.java:52)
	at org.apache.tomcat.util.threads.ThreadPoolExecutor.runWorker(ThreadPoolExecutor.java:1190)
	at org.apache.tomcat.util.threads.ThreadPoolExecutor$Worker.run(ThreadPoolExecutor.java:659)
	at org.apache.tomcat.util.threads.TaskThread$WrappingRunnable.run(TaskThread.java:63)
	at java.base/java.lang.Thread.run(Thread.java:833)
2024-08-13 07:27:34,313 DEBUG o.s.s.w.FilterChainProxy [http-nio-7777-exec-9] Securing GET /error
2024-08-13 07:27:34,321 DEBUG o.s.s.w.a.AnonymousAuthenticationFilter [http-nio-7777-exec-9] Set SecurityContextHolder to anonymous SecurityContext
2024-08-13 07:27:34,321 DEBUG o.s.s.w.a.Http403ForbiddenEntryPoint [http-nio-7777-exec-9] Pre-authenticated entry point called. Rejecting access
2024-08-13 07:27:36,665 DEBUG o.s.s.w.FilterChainProxy [http-nio-7777-exec-3] Securing OPTIONS /api/user/companies
2024-08-13 07:27:36,676 DEBUG o.s.s.w.FilterChainProxy [http-nio-7777-exec-8] Securing OPTIONS /api/user/companies
2024-08-13 07:27:36,764 DEBUG o.s.s.w.FilterChainProxy [http-nio-7777-exec-1] Securing GET /api/user/companies
2024-08-13 07:27:36,780 ERROR o.a.j.l.DirectJDKLog [http-nio-7777-exec-1] Servlet.service() for servlet [dispatcherServlet] in context with path [] threw exception
io.jsonwebtoken.ExpiredJwtException: JWT expired at 2024-08-13T01:56:50Z. Current time: 2024-08-13T01:57:36Z, a difference of 46764 milliseconds.  Allowed clock skew: 0 milliseconds.
	at io.jsonwebtoken.impl.DefaultJwtParser.parse(DefaultJwtParser.java:427)
	at io.jsonwebtoken.impl.DefaultJwtParser.parse(DefaultJwtParser.java:529)
	at io.jsonwebtoken.impl.DefaultJwtParser.parseClaimsJws(DefaultJwtParser.java:589)
	at io.jsonwebtoken.impl.ImmutableJwtParser.parseClaimsJws(ImmutableJwtParser.java:173)
	at com.max.quizspring.config.JwtToken.extractAllClaims(JwtToken.java:36)
	at com.max.quizspring.config.JwtToken.extraClaim(JwtToken.java:31)
	at com.max.quizspring.config.JwtToken.extractUsername(JwtToken.java:23)
	at com.max.quizspring.config.JwtAuthenticationFilter.doFilterInternal(JwtAuthenticationFilter.java:41)
	at org.springframework.web.filter.OncePerRequestFilter.doFilter(OncePerRequestFilter.java:116)
	at org.springframework.security.web.FilterChainProxy$VirtualFilterChain.doFilter(FilterChainProxy.java:374)
	at org.springframework.security.web.authentication.logout.LogoutFilter.doFilter(LogoutFilter.java:107)
	at org.springframework.security.web.authentication.logout.LogoutFilter.doFilter(LogoutFilter.java:93)
	at org.springframework.security.web.FilterChainProxy$VirtualFilterChain.doFilter(FilterChainProxy.java:374)
	at org.springframework.web.filter.CorsFilter.doFilterInternal(CorsFilter.java:91)
	at org.springframework.web.filter.OncePerRequestFilter.doFilter(OncePerRequestFilter.java:116)
	at org.springframework.security.web.FilterChainProxy$VirtualFilterChain.doFilter(FilterChainProxy.java:374)
	at org.springframework.security.web.header.HeaderWriterFilter.doHeadersAfter(HeaderWriterFilter.java:90)
	at org.springframework.security.web.header.HeaderWriterFilter.doFilterInternal(HeaderWriterFilter.java:75)
	at org.springframework.web.filter.OncePerRequestFilter.doFilter(OncePerRequestFilter.java:116)
	at org.springframework.security.web.FilterChainProxy$VirtualFilterChain.doFilter(FilterChainProxy.java:374)
	at org.springframework.security.web.context.SecurityContextHolderFilter.doFilter(SecurityContextHolderFilter.java:82)
	at org.springframework.security.web.context.SecurityContextHolderFilter.doFilter(SecurityContextHolderFilter.java:69)
	at org.springframework.security.web.FilterChainProxy$VirtualFilterChain.doFilter(FilterChainProxy.java:374)
	at org.springframework.security.web.context.request.async.WebAsyncManagerIntegrationFilter.doFilterInternal(WebAsyncManagerIntegrationFilter.java:62)
	at org.springframework.web.filter.OncePerRequestFilter.doFilter(OncePerRequestFilter.java:116)
	at org.springframework.security.web.FilterChainProxy$VirtualFilterChain.doFilter(FilterChainProxy.java:374)
	at org.springframework.security.web.session.DisableEncodeUrlFilter.doFilterInternal(DisableEncodeUrlFilter.java:42)
	at org.springframework.web.filter.OncePerRequestFilter.doFilter(OncePerRequestFilter.java:116)
	at org.springframework.security.web.FilterChainProxy$VirtualFilterChain.doFilter(FilterChainProxy.java:374)
	at org.springframework.security.web.FilterChainProxy.doFilterInternal(FilterChainProxy.java:233)
	at org.springframework.security.web.FilterChainProxy.doFilter(FilterChainProxy.java:191)
	at org.springframework.web.filter.CompositeFilter$VirtualFilterChain.doFilter(CompositeFilter.java:113)
	at org.springframework.web.servlet.handler.HandlerMappingIntrospector.lambda$createCacheFilter$3(HandlerMappingIntrospector.java:195)
	at org.springframework.web.filter.CompositeFilter$VirtualFilterChain.doFilter(CompositeFilter.java:113)
	at org.springframework.web.filter.CompositeFilter.doFilter(CompositeFilter.java:74)
	at org.springframework.security.config.annotation.web.configuration.WebMvcSecurityConfiguration$CompositeFilterChainProxy.doFilter(WebMvcSecurityConfiguration.java:230)
	at org.springframework.web.filter.DelegatingFilterProxy.invokeDelegate(DelegatingFilterProxy.java:352)
	at org.springframework.web.filter.DelegatingFilterProxy.doFilter(DelegatingFilterProxy.java:268)
	at org.apache.catalina.core.ApplicationFilterChain.internalDoFilter(ApplicationFilterChain.java:164)
	at org.apache.catalina.core.ApplicationFilterChain.doFilter(ApplicationFilterChain.java:140)
	at org.springframework.web.filter.RequestContextFilter.doFilterInternal(RequestContextFilter.java:100)
	at org.springframework.web.filter.OncePerRequestFilter.doFilter(OncePerRequestFilter.java:116)
	at org.apache.catalina.core.ApplicationFilterChain.internalDoFilter(ApplicationFilterChain.java:164)
	at org.apache.catalina.core.ApplicationFilterChain.doFilter(ApplicationFilterChain.java:140)
	at org.springframework.web.filter.FormContentFilter.doFilterInternal(FormContentFilter.java:93)
	at org.springframework.web.filter.OncePerRequestFilter.doFilter(OncePerRequestFilter.java:116)
	at org.apache.catalina.core.ApplicationFilterChain.internalDoFilter(ApplicationFilterChain.java:164)
	at org.apache.catalina.core.ApplicationFilterChain.doFilter(ApplicationFilterChain.java:140)
	at org.springframework.web.filter.CharacterEncodingFilter.doFilterInternal(CharacterEncodingFilter.java:201)
	at org.springframework.web.filter.OncePerRequestFilter.doFilter(OncePerRequestFilter.java:116)
	at org.apache.catalina.core.ApplicationFilterChain.internalDoFilter(ApplicationFilterChain.java:164)
	at org.apache.catalina.core.ApplicationFilterChain.doFilter(ApplicationFilterChain.java:140)
	at org.apache.catalina.core.StandardWrapperValve.invoke(StandardWrapperValve.java:167)
	at org.apache.catalina.core.StandardContextValve.invoke(StandardContextValve.java:90)
	at org.apache.catalina.authenticator.AuthenticatorBase.invoke(AuthenticatorBase.java:483)
	at org.apache.catalina.core.StandardHostValve.invoke(StandardHostValve.java:115)
	at org.apache.catalina.valves.ErrorReportValve.invoke(ErrorReportValve.java:93)
	at org.apache.catalina.core.StandardEngineValve.invoke(StandardEngineValve.java:74)
	at org.apache.catalina.connector.CoyoteAdapter.service(CoyoteAdapter.java:344)
	at org.apache.coyote.http11.Http11Processor.service(Http11Processor.java:389)
	at org.apache.coyote.AbstractProcessorLight.process(AbstractProcessorLight.java:63)
	at org.apache.coyote.AbstractProtocol$ConnectionHandler.process(AbstractProtocol.java:904)
	at org.apache.tomcat.util.net.NioEndpoint$SocketProcessor.doRun(NioEndpoint.java:1741)
	at org.apache.tomcat.util.net.SocketProcessorBase.run(SocketProcessorBase.java:52)
	at org.apache.tomcat.util.threads.ThreadPoolExecutor.runWorker(ThreadPoolExecutor.java:1190)
	at org.apache.tomcat.util.threads.ThreadPoolExecutor$Worker.run(ThreadPoolExecutor.java:659)
	at org.apache.tomcat.util.threads.TaskThread$WrappingRunnable.run(TaskThread.java:63)
	at java.base/java.lang.Thread.run(Thread.java:833)
2024-08-13 07:27:36,880 DEBUG o.s.s.w.FilterChainProxy [http-nio-7777-exec-1] Securing GET /error
2024-08-13 07:27:36,880 DEBUG o.s.s.w.a.AnonymousAuthenticationFilter [http-nio-7777-exec-1] Set SecurityContextHolder to anonymous SecurityContext
2024-08-13 07:27:36,880 DEBUG o.s.s.w.a.Http403ForbiddenEntryPoint [http-nio-7777-exec-1] Pre-authenticated entry point called. Rejecting access
2024-08-13 07:27:36,897 DEBUG o.s.s.w.FilterChainProxy [http-nio-7777-exec-7] Securing GET /api/user/companies
2024-08-13 07:27:36,924 ERROR o.a.j.l.DirectJDKLog [http-nio-7777-exec-7] Servlet.service() for servlet [dispatcherServlet] in context with path [] threw exception
io.jsonwebtoken.ExpiredJwtException: JWT expired at 2024-08-13T01:56:50Z. Current time: 2024-08-13T01:57:36Z, a difference of 46924 milliseconds.  Allowed clock skew: 0 milliseconds.
	at io.jsonwebtoken.impl.DefaultJwtParser.parse(DefaultJwtParser.java:427)
	at io.jsonwebtoken.impl.DefaultJwtParser.parse(DefaultJwtParser.java:529)
	at io.jsonwebtoken.impl.DefaultJwtParser.parseClaimsJws(DefaultJwtParser.java:589)
	at io.jsonwebtoken.impl.ImmutableJwtParser.parseClaimsJws(ImmutableJwtParser.java:173)
	at com.max.quizspring.config.JwtToken.extractAllClaims(JwtToken.java:36)
	at com.max.quizspring.config.JwtToken.extraClaim(JwtToken.java:31)
	at com.max.quizspring.config.JwtToken.extractUsername(JwtToken.java:23)
	at com.max.quizspring.config.JwtAuthenticationFilter.doFilterInternal(JwtAuthenticationFilter.java:41)
	at org.springframework.web.filter.OncePerRequestFilter.doFilter(OncePerRequestFilter.java:116)
	at org.springframework.security.web.FilterChainProxy$VirtualFilterChain.doFilter(FilterChainProxy.java:374)
	at org.springframework.security.web.authentication.logout.LogoutFilter.doFilter(LogoutFilter.java:107)
	at org.springframework.security.web.authentication.logout.LogoutFilter.doFilter(LogoutFilter.java:93)
	at org.springframework.security.web.FilterChainProxy$VirtualFilterChain.doFilter(FilterChainProxy.java:374)
	at org.springframework.web.filter.CorsFilter.doFilterInternal(CorsFilter.java:91)
	at org.springframework.web.filter.OncePerRequestFilter.doFilter(OncePerRequestFilter.java:116)
	at org.springframework.security.web.FilterChainProxy$VirtualFilterChain.doFilter(FilterChainProxy.java:374)
	at org.springframework.security.web.header.HeaderWriterFilter.doHeadersAfter(HeaderWriterFilter.java:90)
	at org.springframework.security.web.header.HeaderWriterFilter.doFilterInternal(HeaderWriterFilter.java:75)
	at org.springframework.web.filter.OncePerRequestFilter.doFilter(OncePerRequestFilter.java:116)
	at org.springframework.security.web.FilterChainProxy$VirtualFilterChain.doFilter(FilterChainProxy.java:374)
	at org.springframework.security.web.context.SecurityContextHolderFilter.doFilter(SecurityContextHolderFilter.java:82)
	at org.springframework.security.web.context.SecurityContextHolderFilter.doFilter(SecurityContextHolderFilter.java:69)
	at org.springframework.security.web.FilterChainProxy$VirtualFilterChain.doFilter(FilterChainProxy.java:374)
	at org.springframework.security.web.context.request.async.WebAsyncManagerIntegrationFilter.doFilterInternal(WebAsyncManagerIntegrationFilter.java:62)
	at org.springframework.web.filter.OncePerRequestFilter.doFilter(OncePerRequestFilter.java:116)
	at org.springframework.security.web.FilterChainProxy$VirtualFilterChain.doFilter(FilterChainProxy.java:374)
	at org.springframework.security.web.session.DisableEncodeUrlFilter.doFilterInternal(DisableEncodeUrlFilter.java:42)
	at org.springframework.web.filter.OncePerRequestFilter.doFilter(OncePerRequestFilter.java:116)
	at org.springframework.security.web.FilterChainProxy$VirtualFilterChain.doFilter(FilterChainProxy.java:374)
	at org.springframework.security.web.FilterChainProxy.doFilterInternal(FilterChainProxy.java:233)
	at org.springframework.security.web.FilterChainProxy.doFilter(FilterChainProxy.java:191)
	at org.springframework.web.filter.CompositeFilter$VirtualFilterChain.doFilter(CompositeFilter.java:113)
	at org.springframework.web.servlet.handler.HandlerMappingIntrospector.lambda$createCacheFilter$3(HandlerMappingIntrospector.java:195)
	at org.springframework.web.filter.CompositeFilter$VirtualFilterChain.doFilter(CompositeFilter.java:113)
	at org.springframework.web.filter.CompositeFilter.doFilter(CompositeFilter.java:74)
	at org.springframework.security.config.annotation.web.configuration.WebMvcSecurityConfiguration$CompositeFilterChainProxy.doFilter(WebMvcSecurityConfiguration.java:230)
	at org.springframework.web.filter.DelegatingFilterProxy.invokeDelegate(DelegatingFilterProxy.java:352)
	at org.springframework.web.filter.DelegatingFilterProxy.doFilter(DelegatingFilterProxy.java:268)
	at org.apache.catalina.core.ApplicationFilterChain.internalDoFilter(ApplicationFilterChain.java:164)
	at org.apache.catalina.core.ApplicationFilterChain.doFilter(ApplicationFilterChain.java:140)
	at org.springframework.web.filter.RequestContextFilter.doFilterInternal(RequestContextFilter.java:100)
	at org.springframework.web.filter.OncePerRequestFilter.doFilter(OncePerRequestFilter.java:116)
	at org.apache.catalina.core.ApplicationFilterChain.internalDoFilter(ApplicationFilterChain.java:164)
	at org.apache.catalina.core.ApplicationFilterChain.doFilter(ApplicationFilterChain.java:140)
	at org.springframework.web.filter.FormContentFilter.doFilterInternal(FormContentFilter.java:93)
	at org.springframework.web.filter.OncePerRequestFilter.doFilter(OncePerRequestFilter.java:116)
	at org.apache.catalina.core.ApplicationFilterChain.internalDoFilter(ApplicationFilterChain.java:164)
	at org.apache.catalina.core.ApplicationFilterChain.doFilter(ApplicationFilterChain.java:140)
	at org.springframework.web.filter.CharacterEncodingFilter.doFilterInternal(CharacterEncodingFilter.java:201)
	at org.springframework.web.filter.OncePerRequestFilter.doFilter(OncePerRequestFilter.java:116)
	at org.apache.catalina.core.ApplicationFilterChain.internalDoFilter(ApplicationFilterChain.java:164)
	at org.apache.catalina.core.ApplicationFilterChain.doFilter(ApplicationFilterChain.java:140)
	at org.apache.catalina.core.StandardWrapperValve.invoke(StandardWrapperValve.java:167)
	at org.apache.catalina.core.StandardContextValve.invoke(StandardContextValve.java:90)
	at org.apache.catalina.authenticator.AuthenticatorBase.invoke(AuthenticatorBase.java:483)
	at org.apache.catalina.core.StandardHostValve.invoke(StandardHostValve.java:115)
	at org.apache.catalina.valves.ErrorReportValve.invoke(ErrorReportValve.java:93)
	at org.apache.catalina.core.StandardEngineValve.invoke(StandardEngineValve.java:74)
	at org.apache.catalina.connector.CoyoteAdapter.service(CoyoteAdapter.java:344)
	at org.apache.coyote.http11.Http11Processor.service(Http11Processor.java:389)
	at org.apache.coyote.AbstractProcessorLight.process(AbstractProcessorLight.java:63)
	at org.apache.coyote.AbstractProtocol$ConnectionHandler.process(AbstractProtocol.java:904)
	at org.apache.tomcat.util.net.NioEndpoint$SocketProcessor.doRun(NioEndpoint.java:1741)
	at org.apache.tomcat.util.net.SocketProcessorBase.run(SocketProcessorBase.java:52)
	at org.apache.tomcat.util.threads.ThreadPoolExecutor.runWorker(ThreadPoolExecutor.java:1190)
	at org.apache.tomcat.util.threads.ThreadPoolExecutor$Worker.run(ThreadPoolExecutor.java:659)
	at org.apache.tomcat.util.threads.TaskThread$WrappingRunnable.run(TaskThread.java:63)
	at java.base/java.lang.Thread.run(Thread.java:833)
2024-08-13 07:27:37,013 DEBUG o.s.s.w.FilterChainProxy [http-nio-7777-exec-7] Securing GET /error
2024-08-13 07:27:37,046 DEBUG o.s.s.w.a.AnonymousAuthenticationFilter [http-nio-7777-exec-7] Set SecurityContextHolder to anonymous SecurityContext
2024-08-13 07:27:37,062 DEBUG o.s.s.w.a.Http403ForbiddenEntryPoint [http-nio-7777-exec-7] Pre-authenticated entry point called. Rejecting access
2024-08-13 07:27:50,475 DEBUG o.s.s.w.FilterChainProxy [http-nio-7777-exec-6] Securing OPTIONS /api/user/companies
2024-08-13 07:27:50,481 DEBUG o.s.s.w.FilterChainProxy [http-nio-7777-exec-4] Securing POST /api/user/companies
2024-08-13 07:27:50,491 ERROR o.a.j.l.DirectJDKLog [http-nio-7777-exec-4] Servlet.service() for servlet [dispatcherServlet] in context with path [] threw exception
io.jsonwebtoken.ExpiredJwtException: JWT expired at 2024-08-13T01:56:50Z. Current time: 2024-08-13T01:57:50Z, a difference of 60491 milliseconds.  Allowed clock skew: 0 milliseconds.
	at io.jsonwebtoken.impl.DefaultJwtParser.parse(DefaultJwtParser.java:427)
	at io.jsonwebtoken.impl.DefaultJwtParser.parse(DefaultJwtParser.java:529)
	at io.jsonwebtoken.impl.DefaultJwtParser.parseClaimsJws(DefaultJwtParser.java:589)
	at io.jsonwebtoken.impl.ImmutableJwtParser.parseClaimsJws(ImmutableJwtParser.java:173)
	at com.max.quizspring.config.JwtToken.extractAllClaims(JwtToken.java:36)
	at com.max.quizspring.config.JwtToken.extraClaim(JwtToken.java:31)
	at com.max.quizspring.config.JwtToken.extractUsername(JwtToken.java:23)
	at com.max.quizspring.config.JwtAuthenticationFilter.doFilterInternal(JwtAuthenticationFilter.java:41)
	at org.springframework.web.filter.OncePerRequestFilter.doFilter(OncePerRequestFilter.java:116)
	at org.springframework.security.web.FilterChainProxy$VirtualFilterChain.doFilter(FilterChainProxy.java:374)
	at org.springframework.security.web.authentication.logout.LogoutFilter.doFilter(LogoutFilter.java:107)
	at org.springframework.security.web.authentication.logout.LogoutFilter.doFilter(LogoutFilter.java:93)
	at org.springframework.security.web.FilterChainProxy$VirtualFilterChain.doFilter(FilterChainProxy.java:374)
	at org.springframework.web.filter.CorsFilter.doFilterInternal(CorsFilter.java:91)
	at org.springframework.web.filter.OncePerRequestFilter.doFilter(OncePerRequestFilter.java:116)
	at org.springframework.security.web.FilterChainProxy$VirtualFilterChain.doFilter(FilterChainProxy.java:374)
	at org.springframework.security.web.header.HeaderWriterFilter.doHeadersAfter(HeaderWriterFilter.java:90)
	at org.springframework.security.web.header.HeaderWriterFilter.doFilterInternal(HeaderWriterFilter.java:75)
	at org.springframework.web.filter.OncePerRequestFilter.doFilter(OncePerRequestFilter.java:116)
	at org.springframework.security.web.FilterChainProxy$VirtualFilterChain.doFilter(FilterChainProxy.java:374)
	at org.springframework.security.web.context.SecurityContextHolderFilter.doFilter(SecurityContextHolderFilter.java:82)
	at org.springframework.security.web.context.SecurityContextHolderFilter.doFilter(SecurityContextHolderFilter.java:69)
	at org.springframework.security.web.FilterChainProxy$VirtualFilterChain.doFilter(FilterChainProxy.java:374)
	at org.springframework.security.web.context.request.async.WebAsyncManagerIntegrationFilter.doFilterInternal(WebAsyncManagerIntegrationFilter.java:62)
	at org.springframework.web.filter.OncePerRequestFilter.doFilter(OncePerRequestFilter.java:116)
	at org.springframework.security.web.FilterChainProxy$VirtualFilterChain.doFilter(FilterChainProxy.java:374)
	at org.springframework.security.web.session.DisableEncodeUrlFilter.doFilterInternal(DisableEncodeUrlFilter.java:42)
	at org.springframework.web.filter.OncePerRequestFilter.doFilter(OncePerRequestFilter.java:116)
	at org.springframework.security.web.FilterChainProxy$VirtualFilterChain.doFilter(FilterChainProxy.java:374)
	at org.springframework.security.web.FilterChainProxy.doFilterInternal(FilterChainProxy.java:233)
	at org.springframework.security.web.FilterChainProxy.doFilter(FilterChainProxy.java:191)
	at org.springframework.web.filter.CompositeFilter$VirtualFilterChain.doFilter(CompositeFilter.java:113)
	at org.springframework.web.servlet.handler.HandlerMappingIntrospector.lambda$createCacheFilter$3(HandlerMappingIntrospector.java:195)
	at org.springframework.web.filter.CompositeFilter$VirtualFilterChain.doFilter(CompositeFilter.java:113)
	at org.springframework.web.filter.CompositeFilter.doFilter(CompositeFilter.java:74)
	at org.springframework.security.config.annotation.web.configuration.WebMvcSecurityConfiguration$CompositeFilterChainProxy.doFilter(WebMvcSecurityConfiguration.java:230)
	at org.springframework.web.filter.DelegatingFilterProxy.invokeDelegate(DelegatingFilterProxy.java:352)
	at org.springframework.web.filter.DelegatingFilterProxy.doFilter(DelegatingFilterProxy.java:268)
	at org.apache.catalina.core.ApplicationFilterChain.internalDoFilter(ApplicationFilterChain.java:164)
	at org.apache.catalina.core.ApplicationFilterChain.doFilter(ApplicationFilterChain.java:140)
	at org.springframework.web.filter.RequestContextFilter.doFilterInternal(RequestContextFilter.java:100)
	at org.springframework.web.filter.OncePerRequestFilter.doFilter(OncePerRequestFilter.java:116)
	at org.apache.catalina.core.ApplicationFilterChain.internalDoFilter(ApplicationFilterChain.java:164)
	at org.apache.catalina.core.ApplicationFilterChain.doFilter(ApplicationFilterChain.java:140)
	at org.springframework.web.filter.FormContentFilter.doFilterInternal(FormContentFilter.java:93)
	at org.springframework.web.filter.OncePerRequestFilter.doFilter(OncePerRequestFilter.java:116)
	at org.apache.catalina.core.ApplicationFilterChain.internalDoFilter(ApplicationFilterChain.java:164)
	at org.apache.catalina.core.ApplicationFilterChain.doFilter(ApplicationFilterChain.java:140)
	at org.springframework.web.filter.CharacterEncodingFilter.doFilterInternal(CharacterEncodingFilter.java:201)
	at org.springframework.web.filter.OncePerRequestFilter.doFilter(OncePerRequestFilter.java:116)
	at org.apache.catalina.core.ApplicationFilterChain.internalDoFilter(ApplicationFilterChain.java:164)
	at org.apache.catalina.core.ApplicationFilterChain.doFilter(ApplicationFilterChain.java:140)
	at org.apache.catalina.core.StandardWrapperValve.invoke(StandardWrapperValve.java:167)
	at org.apache.catalina.core.StandardContextValve.invoke(StandardContextValve.java:90)
	at org.apache.catalina.authenticator.AuthenticatorBase.invoke(AuthenticatorBase.java:483)
	at org.apache.catalina.core.StandardHostValve.invoke(StandardHostValve.java:115)
	at org.apache.catalina.valves.ErrorReportValve.invoke(ErrorReportValve.java:93)
	at org.apache.catalina.core.StandardEngineValve.invoke(StandardEngineValve.java:74)
	at org.apache.catalina.connector.CoyoteAdapter.service(CoyoteAdapter.java:344)
	at org.apache.coyote.http11.Http11Processor.service(Http11Processor.java:389)
	at org.apache.coyote.AbstractProcessorLight.process(AbstractProcessorLight.java:63)
	at org.apache.coyote.AbstractProtocol$ConnectionHandler.process(AbstractProtocol.java:904)
	at org.apache.tomcat.util.net.NioEndpoint$SocketProcessor.doRun(NioEndpoint.java:1741)
	at org.apache.tomcat.util.net.SocketProcessorBase.run(SocketProcessorBase.java:52)
	at org.apache.tomcat.util.threads.ThreadPoolExecutor.runWorker(ThreadPoolExecutor.java:1190)
	at org.apache.tomcat.util.threads.ThreadPoolExecutor$Worker.run(ThreadPoolExecutor.java:659)
	at org.apache.tomcat.util.threads.TaskThread$WrappingRunnable.run(TaskThread.java:63)
	at java.base/java.lang.Thread.run(Thread.java:833)
2024-08-13 07:27:50,536 DEBUG o.s.s.w.FilterChainProxy [http-nio-7777-exec-4] Securing POST /error
2024-08-13 07:27:50,536 DEBUG o.s.s.w.a.AnonymousAuthenticationFilter [http-nio-7777-exec-4] Set SecurityContextHolder to anonymous SecurityContext
2024-08-13 07:27:50,536 DEBUG o.s.s.w.a.Http403ForbiddenEntryPoint [http-nio-7777-exec-4] Pre-authenticated entry point called. Rejecting access
2024-08-13 07:27:51,642 DEBUG o.s.s.w.FilterChainProxy [http-nio-7777-exec-10] Securing POST /api/user/companies
2024-08-13 07:27:51,650 ERROR o.a.j.l.DirectJDKLog [http-nio-7777-exec-10] Servlet.service() for servlet [dispatcherServlet] in context with path [] threw exception
io.jsonwebtoken.ExpiredJwtException: JWT expired at 2024-08-13T01:56:50Z. Current time: 2024-08-13T01:57:51Z, a difference of 61650 milliseconds.  Allowed clock skew: 0 milliseconds.
	at io.jsonwebtoken.impl.DefaultJwtParser.parse(DefaultJwtParser.java:427)
	at io.jsonwebtoken.impl.DefaultJwtParser.parse(DefaultJwtParser.java:529)
	at io.jsonwebtoken.impl.DefaultJwtParser.parseClaimsJws(DefaultJwtParser.java:589)
	at io.jsonwebtoken.impl.ImmutableJwtParser.parseClaimsJws(ImmutableJwtParser.java:173)
	at com.max.quizspring.config.JwtToken.extractAllClaims(JwtToken.java:36)
	at com.max.quizspring.config.JwtToken.extraClaim(JwtToken.java:31)
	at com.max.quizspring.config.JwtToken.extractUsername(JwtToken.java:23)
	at com.max.quizspring.config.JwtAuthenticationFilter.doFilterInternal(JwtAuthenticationFilter.java:41)
	at org.springframework.web.filter.OncePerRequestFilter.doFilter(OncePerRequestFilter.java:116)
	at org.springframework.security.web.FilterChainProxy$VirtualFilterChain.doFilter(FilterChainProxy.java:374)
	at org.springframework.security.web.authentication.logout.LogoutFilter.doFilter(LogoutFilter.java:107)
	at org.springframework.security.web.authentication.logout.LogoutFilter.doFilter(LogoutFilter.java:93)
	at org.springframework.security.web.FilterChainProxy$VirtualFilterChain.doFilter(FilterChainProxy.java:374)
	at org.springframework.web.filter.CorsFilter.doFilterInternal(CorsFilter.java:91)
	at org.springframework.web.filter.OncePerRequestFilter.doFilter(OncePerRequestFilter.java:116)
	at org.springframework.security.web.FilterChainProxy$VirtualFilterChain.doFilter(FilterChainProxy.java:374)
	at org.springframework.security.web.header.HeaderWriterFilter.doHeadersAfter(HeaderWriterFilter.java:90)
	at org.springframework.security.web.header.HeaderWriterFilter.doFilterInternal(HeaderWriterFilter.java:75)
	at org.springframework.web.filter.OncePerRequestFilter.doFilter(OncePerRequestFilter.java:116)
	at org.springframework.security.web.FilterChainProxy$VirtualFilterChain.doFilter(FilterChainProxy.java:374)
	at org.springframework.security.web.context.SecurityContextHolderFilter.doFilter(SecurityContextHolderFilter.java:82)
	at org.springframework.security.web.context.SecurityContextHolderFilter.doFilter(SecurityContextHolderFilter.java:69)
	at org.springframework.security.web.FilterChainProxy$VirtualFilterChain.doFilter(FilterChainProxy.java:374)
	at org.springframework.security.web.context.request.async.WebAsyncManagerIntegrationFilter.doFilterInternal(WebAsyncManagerIntegrationFilter.java:62)
	at org.springframework.web.filter.OncePerRequestFilter.doFilter(OncePerRequestFilter.java:116)
	at org.springframework.security.web.FilterChainProxy$VirtualFilterChain.doFilter(FilterChainProxy.java:374)
	at org.springframework.security.web.session.DisableEncodeUrlFilter.doFilterInternal(DisableEncodeUrlFilter.java:42)
	at org.springframework.web.filter.OncePerRequestFilter.doFilter(OncePerRequestFilter.java:116)
	at org.springframework.security.web.FilterChainProxy$VirtualFilterChain.doFilter(FilterChainProxy.java:374)
	at org.springframework.security.web.FilterChainProxy.doFilterInternal(FilterChainProxy.java:233)
	at org.springframework.security.web.FilterChainProxy.doFilter(FilterChainProxy.java:191)
	at org.springframework.web.filter.CompositeFilter$VirtualFilterChain.doFilter(CompositeFilter.java:113)
	at org.springframework.web.servlet.handler.HandlerMappingIntrospector.lambda$createCacheFilter$3(HandlerMappingIntrospector.java:195)
	at org.springframework.web.filter.CompositeFilter$VirtualFilterChain.doFilter(CompositeFilter.java:113)
	at org.springframework.web.filter.CompositeFilter.doFilter(CompositeFilter.java:74)
	at org.springframework.security.config.annotation.web.configuration.WebMvcSecurityConfiguration$CompositeFilterChainProxy.doFilter(WebMvcSecurityConfiguration.java:230)
	at org.springframework.web.filter.DelegatingFilterProxy.invokeDelegate(DelegatingFilterProxy.java:352)
	at org.springframework.web.filter.DelegatingFilterProxy.doFilter(DelegatingFilterProxy.java:268)
	at org.apache.catalina.core.ApplicationFilterChain.internalDoFilter(ApplicationFilterChain.java:164)
	at org.apache.catalina.core.ApplicationFilterChain.doFilter(ApplicationFilterChain.java:140)
	at org.springframework.web.filter.RequestContextFilter.doFilterInternal(RequestContextFilter.java:100)
	at org.springframework.web.filter.OncePerRequestFilter.doFilter(OncePerRequestFilter.java:116)
	at org.apache.catalina.core.ApplicationFilterChain.internalDoFilter(ApplicationFilterChain.java:164)
	at org.apache.catalina.core.ApplicationFilterChain.doFilter(ApplicationFilterChain.java:140)
	at org.springframework.web.filter.FormContentFilter.doFilterInternal(FormContentFilter.java:93)
	at org.springframework.web.filter.OncePerRequestFilter.doFilter(OncePerRequestFilter.java:116)
	at org.apache.catalina.core.ApplicationFilterChain.internalDoFilter(ApplicationFilterChain.java:164)
	at org.apache.catalina.core.ApplicationFilterChain.doFilter(ApplicationFilterChain.java:140)
	at org.springframework.web.filter.CharacterEncodingFilter.doFilterInternal(CharacterEncodingFilter.java:201)
	at org.springframework.web.filter.OncePerRequestFilter.doFilter(OncePerRequestFilter.java:116)
	at org.apache.catalina.core.ApplicationFilterChain.internalDoFilter(ApplicationFilterChain.java:164)
	at org.apache.catalina.core.ApplicationFilterChain.doFilter(ApplicationFilterChain.java:140)
	at org.apache.catalina.core.StandardWrapperValve.invoke(StandardWrapperValve.java:167)
	at org.apache.catalina.core.StandardContextValve.invoke(StandardContextValve.java:90)
	at org.apache.catalina.authenticator.AuthenticatorBase.invoke(AuthenticatorBase.java:483)
	at org.apache.catalina.core.StandardHostValve.invoke(StandardHostValve.java:115)
	at org.apache.catalina.valves.ErrorReportValve.invoke(ErrorReportValve.java:93)
	at org.apache.catalina.core.StandardEngineValve.invoke(StandardEngineValve.java:74)
	at org.apache.catalina.connector.CoyoteAdapter.service(CoyoteAdapter.java:344)
	at org.apache.coyote.http11.Http11Processor.service(Http11Processor.java:389)
	at org.apache.coyote.AbstractProcessorLight.process(AbstractProcessorLight.java:63)
	at org.apache.coyote.AbstractProtocol$ConnectionHandler.process(AbstractProtocol.java:904)
	at org.apache.tomcat.util.net.NioEndpoint$SocketProcessor.doRun(NioEndpoint.java:1741)
	at org.apache.tomcat.util.net.SocketProcessorBase.run(SocketProcessorBase.java:52)
	at org.apache.tomcat.util.threads.ThreadPoolExecutor.runWorker(ThreadPoolExecutor.java:1190)
	at org.apache.tomcat.util.threads.ThreadPoolExecutor$Worker.run(ThreadPoolExecutor.java:659)
	at org.apache.tomcat.util.threads.TaskThread$WrappingRunnable.run(TaskThread.java:63)
	at java.base/java.lang.Thread.run(Thread.java:833)
2024-08-13 07:27:51,690 DEBUG o.s.s.w.FilterChainProxy [http-nio-7777-exec-10] Securing POST /error
2024-08-13 07:27:51,690 DEBUG o.s.s.w.a.AnonymousAuthenticationFilter [http-nio-7777-exec-10] Set SecurityContextHolder to anonymous SecurityContext
2024-08-13 07:27:51,690 DEBUG o.s.s.w.a.Http403ForbiddenEntryPoint [http-nio-7777-exec-10] Pre-authenticated entry point called. Rejecting access
2024-08-13 07:27:52,640 DEBUG o.s.s.w.FilterChainProxy [http-nio-7777-exec-9] Securing POST /api/user/companies
2024-08-13 07:27:52,656 ERROR o.a.j.l.DirectJDKLog [http-nio-7777-exec-9] Servlet.service() for servlet [dispatcherServlet] in context with path [] threw exception
io.jsonwebtoken.ExpiredJwtException: JWT expired at 2024-08-13T01:56:50Z. Current time: 2024-08-13T01:57:52Z, a difference of 62656 milliseconds.  Allowed clock skew: 0 milliseconds.
	at io.jsonwebtoken.impl.DefaultJwtParser.parse(DefaultJwtParser.java:427)
	at io.jsonwebtoken.impl.DefaultJwtParser.parse(DefaultJwtParser.java:529)
	at io.jsonwebtoken.impl.DefaultJwtParser.parseClaimsJws(DefaultJwtParser.java:589)
	at io.jsonwebtoken.impl.ImmutableJwtParser.parseClaimsJws(ImmutableJwtParser.java:173)
	at com.max.quizspring.config.JwtToken.extractAllClaims(JwtToken.java:36)
	at com.max.quizspring.config.JwtToken.extraClaim(JwtToken.java:31)
	at com.max.quizspring.config.JwtToken.extractUsername(JwtToken.java:23)
	at com.max.quizspring.config.JwtAuthenticationFilter.doFilterInternal(JwtAuthenticationFilter.java:41)
	at org.springframework.web.filter.OncePerRequestFilter.doFilter(OncePerRequestFilter.java:116)
	at org.springframework.security.web.FilterChainProxy$VirtualFilterChain.doFilter(FilterChainProxy.java:374)
	at org.springframework.security.web.authentication.logout.LogoutFilter.doFilter(LogoutFilter.java:107)
	at org.springframework.security.web.authentication.logout.LogoutFilter.doFilter(LogoutFilter.java:93)
	at org.springframework.security.web.FilterChainProxy$VirtualFilterChain.doFilter(FilterChainProxy.java:374)
	at org.springframework.web.filter.CorsFilter.doFilterInternal(CorsFilter.java:91)
	at org.springframework.web.filter.OncePerRequestFilter.doFilter(OncePerRequestFilter.java:116)
	at org.springframework.security.web.FilterChainProxy$VirtualFilterChain.doFilter(FilterChainProxy.java:374)
	at org.springframework.security.web.header.HeaderWriterFilter.doHeadersAfter(HeaderWriterFilter.java:90)
	at org.springframework.security.web.header.HeaderWriterFilter.doFilterInternal(HeaderWriterFilter.java:75)
	at org.springframework.web.filter.OncePerRequestFilter.doFilter(OncePerRequestFilter.java:116)
	at org.springframework.security.web.FilterChainProxy$VirtualFilterChain.doFilter(FilterChainProxy.java:374)
	at org.springframework.security.web.context.SecurityContextHolderFilter.doFilter(SecurityContextHolderFilter.java:82)
	at org.springframework.security.web.context.SecurityContextHolderFilter.doFilter(SecurityContextHolderFilter.java:69)
	at org.springframework.security.web.FilterChainProxy$VirtualFilterChain.doFilter(FilterChainProxy.java:374)
	at org.springframework.security.web.context.request.async.WebAsyncManagerIntegrationFilter.doFilterInternal(WebAsyncManagerIntegrationFilter.java:62)
	at org.springframework.web.filter.OncePerRequestFilter.doFilter(OncePerRequestFilter.java:116)
	at org.springframework.security.web.FilterChainProxy$VirtualFilterChain.doFilter(FilterChainProxy.java:374)
	at org.springframework.security.web.session.DisableEncodeUrlFilter.doFilterInternal(DisableEncodeUrlFilter.java:42)
	at org.springframework.web.filter.OncePerRequestFilter.doFilter(OncePerRequestFilter.java:116)
	at org.springframework.security.web.FilterChainProxy$VirtualFilterChain.doFilter(FilterChainProxy.java:374)
	at org.springframework.security.web.FilterChainProxy.doFilterInternal(FilterChainProxy.java:233)
	at org.springframework.security.web.FilterChainProxy.doFilter(FilterChainProxy.java:191)
	at org.springframework.web.filter.CompositeFilter$VirtualFilterChain.doFilter(CompositeFilter.java:113)
	at org.springframework.web.servlet.handler.HandlerMappingIntrospector.lambda$createCacheFilter$3(HandlerMappingIntrospector.java:195)
	at org.springframework.web.filter.CompositeFilter$VirtualFilterChain.doFilter(CompositeFilter.java:113)
	at org.springframework.web.filter.CompositeFilter.doFilter(CompositeFilter.java:74)
	at org.springframework.security.config.annotation.web.configuration.WebMvcSecurityConfiguration$CompositeFilterChainProxy.doFilter(WebMvcSecurityConfiguration.java:230)
	at org.springframework.web.filter.DelegatingFilterProxy.invokeDelegate(DelegatingFilterProxy.java:352)
	at org.springframework.web.filter.DelegatingFilterProxy.doFilter(DelegatingFilterProxy.java:268)
	at org.apache.catalina.core.ApplicationFilterChain.internalDoFilter(ApplicationFilterChain.java:164)
	at org.apache.catalina.core.ApplicationFilterChain.doFilter(ApplicationFilterChain.java:140)
	at org.springframework.web.filter.RequestContextFilter.doFilterInternal(RequestContextFilter.java:100)
	at org.springframework.web.filter.OncePerRequestFilter.doFilter(OncePerRequestFilter.java:116)
	at org.apache.catalina.core.ApplicationFilterChain.internalDoFilter(ApplicationFilterChain.java:164)
	at org.apache.catalina.core.ApplicationFilterChain.doFilter(ApplicationFilterChain.java:140)
	at org.springframework.web.filter.FormContentFilter.doFilterInternal(FormContentFilter.java:93)
	at org.springframework.web.filter.OncePerRequestFilter.doFilter(OncePerRequestFilter.java:116)
	at org.apache.catalina.core.ApplicationFilterChain.internalDoFilter(ApplicationFilterChain.java:164)
	at org.apache.catalina.core.ApplicationFilterChain.doFilter(ApplicationFilterChain.java:140)
	at org.springframework.web.filter.CharacterEncodingFilter.doFilterInternal(CharacterEncodingFilter.java:201)
	at org.springframework.web.filter.OncePerRequestFilter.doFilter(OncePerRequestFilter.java:116)
	at org.apache.catalina.core.ApplicationFilterChain.internalDoFilter(ApplicationFilterChain.java:164)
	at org.apache.catalina.core.ApplicationFilterChain.doFilter(ApplicationFilterChain.java:140)
	at org.apache.catalina.core.StandardWrapperValve.invoke(StandardWrapperValve.java:167)
	at org.apache.catalina.core.StandardContextValve.invoke(StandardContextValve.java:90)
	at org.apache.catalina.authenticator.AuthenticatorBase.invoke(AuthenticatorBase.java:483)
	at org.apache.catalina.core.StandardHostValve.invoke(StandardHostValve.java:115)
	at org.apache.catalina.valves.ErrorReportValve.invoke(ErrorReportValve.java:93)
	at org.apache.catalina.core.StandardEngineValve.invoke(StandardEngineValve.java:74)
	at org.apache.catalina.connector.CoyoteAdapter.service(CoyoteAdapter.java:344)
	at org.apache.coyote.http11.Http11Processor.service(Http11Processor.java:389)
	at org.apache.coyote.AbstractProcessorLight.process(AbstractProcessorLight.java:63)
	at org.apache.coyote.AbstractProtocol$ConnectionHandler.process(AbstractProtocol.java:904)
	at org.apache.tomcat.util.net.NioEndpoint$SocketProcessor.doRun(NioEndpoint.java:1741)
	at org.apache.tomcat.util.net.SocketProcessorBase.run(SocketProcessorBase.java:52)
	at org.apache.tomcat.util.threads.ThreadPoolExecutor.runWorker(ThreadPoolExecutor.java:1190)
	at org.apache.tomcat.util.threads.ThreadPoolExecutor$Worker.run(ThreadPoolExecutor.java:659)
	at org.apache.tomcat.util.threads.TaskThread$WrappingRunnable.run(TaskThread.java:63)
	at java.base/java.lang.Thread.run(Thread.java:833)
2024-08-13 07:27:52,688 DEBUG o.s.s.w.FilterChainProxy [http-nio-7777-exec-9] Securing POST /error
2024-08-13 07:27:52,688 DEBUG o.s.s.w.a.AnonymousAuthenticationFilter [http-nio-7777-exec-9] Set SecurityContextHolder to anonymous SecurityContext
2024-08-13 07:27:52,691 DEBUG o.s.s.w.a.Http403ForbiddenEntryPoint [http-nio-7777-exec-9] Pre-authenticated entry point called. Rejecting access
2024-08-13 07:27:53,197 DEBUG o.s.s.w.FilterChainProxy [http-nio-7777-exec-3] Securing POST /api/user/companies
2024-08-13 07:27:53,207 ERROR o.a.j.l.DirectJDKLog [http-nio-7777-exec-3] Servlet.service() for servlet [dispatcherServlet] in context with path [] threw exception
io.jsonwebtoken.ExpiredJwtException: JWT expired at 2024-08-13T01:56:50Z. Current time: 2024-08-13T01:57:53Z, a difference of 63207 milliseconds.  Allowed clock skew: 0 milliseconds.
	at io.jsonwebtoken.impl.DefaultJwtParser.parse(DefaultJwtParser.java:427)
	at io.jsonwebtoken.impl.DefaultJwtParser.parse(DefaultJwtParser.java:529)
	at io.jsonwebtoken.impl.DefaultJwtParser.parseClaimsJws(DefaultJwtParser.java:589)
	at io.jsonwebtoken.impl.ImmutableJwtParser.parseClaimsJws(ImmutableJwtParser.java:173)
	at com.max.quizspring.config.JwtToken.extractAllClaims(JwtToken.java:36)
	at com.max.quizspring.config.JwtToken.extraClaim(JwtToken.java:31)
	at com.max.quizspring.config.JwtToken.extractUsername(JwtToken.java:23)
	at com.max.quizspring.config.JwtAuthenticationFilter.doFilterInternal(JwtAuthenticationFilter.java:41)
	at org.springframework.web.filter.OncePerRequestFilter.doFilter(OncePerRequestFilter.java:116)
	at org.springframework.security.web.FilterChainProxy$VirtualFilterChain.doFilter(FilterChainProxy.java:374)
	at org.springframework.security.web.authentication.logout.LogoutFilter.doFilter(LogoutFilter.java:107)
	at org.springframework.security.web.authentication.logout.LogoutFilter.doFilter(LogoutFilter.java:93)
	at org.springframework.security.web.FilterChainProxy$VirtualFilterChain.doFilter(FilterChainProxy.java:374)
	at org.springframework.web.filter.CorsFilter.doFilterInternal(CorsFilter.java:91)
	at org.springframework.web.filter.OncePerRequestFilter.doFilter(OncePerRequestFilter.java:116)
	at org.springframework.security.web.FilterChainProxy$VirtualFilterChain.doFilter(FilterChainProxy.java:374)
	at org.springframework.security.web.header.HeaderWriterFilter.doHeadersAfter(HeaderWriterFilter.java:90)
	at org.springframework.security.web.header.HeaderWriterFilter.doFilterInternal(HeaderWriterFilter.java:75)
	at org.springframework.web.filter.OncePerRequestFilter.doFilter(OncePerRequestFilter.java:116)
	at org.springframework.security.web.FilterChainProxy$VirtualFilterChain.doFilter(FilterChainProxy.java:374)
	at org.springframework.security.web.context.SecurityContextHolderFilter.doFilter(SecurityContextHolderFilter.java:82)
	at org.springframework.security.web.context.SecurityContextHolderFilter.doFilter(SecurityContextHolderFilter.java:69)
	at org.springframework.security.web.FilterChainProxy$VirtualFilterChain.doFilter(FilterChainProxy.java:374)
	at org.springframework.security.web.context.request.async.WebAsyncManagerIntegrationFilter.doFilterInternal(WebAsyncManagerIntegrationFilter.java:62)
	at org.springframework.web.filter.OncePerRequestFilter.doFilter(OncePerRequestFilter.java:116)
	at org.springframework.security.web.FilterChainProxy$VirtualFilterChain.doFilter(FilterChainProxy.java:374)
	at org.springframework.security.web.session.DisableEncodeUrlFilter.doFilterInternal(DisableEncodeUrlFilter.java:42)
	at org.springframework.web.filter.OncePerRequestFilter.doFilter(OncePerRequestFilter.java:116)
	at org.springframework.security.web.FilterChainProxy$VirtualFilterChain.doFilter(FilterChainProxy.java:374)
	at org.springframework.security.web.FilterChainProxy.doFilterInternal(FilterChainProxy.java:233)
	at org.springframework.security.web.FilterChainProxy.doFilter(FilterChainProxy.java:191)
	at org.springframework.web.filter.CompositeFilter$VirtualFilterChain.doFilter(CompositeFilter.java:113)
	at org.springframework.web.servlet.handler.HandlerMappingIntrospector.lambda$createCacheFilter$3(HandlerMappingIntrospector.java:195)
	at org.springframework.web.filter.CompositeFilter$VirtualFilterChain.doFilter(CompositeFilter.java:113)
	at org.springframework.web.filter.CompositeFilter.doFilter(CompositeFilter.java:74)
	at org.springframework.security.config.annotation.web.configuration.WebMvcSecurityConfiguration$CompositeFilterChainProxy.doFilter(WebMvcSecurityConfiguration.java:230)
	at org.springframework.web.filter.DelegatingFilterProxy.invokeDelegate(DelegatingFilterProxy.java:352)
	at org.springframework.web.filter.DelegatingFilterProxy.doFilter(DelegatingFilterProxy.java:268)
	at org.apache.catalina.core.ApplicationFilterChain.internalDoFilter(ApplicationFilterChain.java:164)
	at org.apache.catalina.core.ApplicationFilterChain.doFilter(ApplicationFilterChain.java:140)
	at org.springframework.web.filter.RequestContextFilter.doFilterInternal(RequestContextFilter.java:100)
	at org.springframework.web.filter.OncePerRequestFilter.doFilter(OncePerRequestFilter.java:116)
	at org.apache.catalina.core.ApplicationFilterChain.internalDoFilter(ApplicationFilterChain.java:164)
	at org.apache.catalina.core.ApplicationFilterChain.doFilter(ApplicationFilterChain.java:140)
	at org.springframework.web.filter.FormContentFilter.doFilterInternal(FormContentFilter.java:93)
	at org.springframework.web.filter.OncePerRequestFilter.doFilter(OncePerRequestFilter.java:116)
	at org.apache.catalina.core.ApplicationFilterChain.internalDoFilter(ApplicationFilterChain.java:164)
	at org.apache.catalina.core.ApplicationFilterChain.doFilter(ApplicationFilterChain.java:140)
	at org.springframework.web.filter.CharacterEncodingFilter.doFilterInternal(CharacterEncodingFilter.java:201)
	at org.springframework.web.filter.OncePerRequestFilter.doFilter(OncePerRequestFilter.java:116)
	at org.apache.catalina.core.ApplicationFilterChain.internalDoFilter(ApplicationFilterChain.java:164)
	at org.apache.catalina.core.ApplicationFilterChain.doFilter(ApplicationFilterChain.java:140)
	at org.apache.catalina.core.StandardWrapperValve.invoke(StandardWrapperValve.java:167)
	at org.apache.catalina.core.StandardContextValve.invoke(StandardContextValve.java:90)
	at org.apache.catalina.authenticator.AuthenticatorBase.invoke(AuthenticatorBase.java:483)
	at org.apache.catalina.core.StandardHostValve.invoke(StandardHostValve.java:115)
	at org.apache.catalina.valves.ErrorReportValve.invoke(ErrorReportValve.java:93)
	at org.apache.catalina.core.StandardEngineValve.invoke(StandardEngineValve.java:74)
	at org.apache.catalina.connector.CoyoteAdapter.service(CoyoteAdapter.java:344)
	at org.apache.coyote.http11.Http11Processor.service(Http11Processor.java:389)
	at org.apache.coyote.AbstractProcessorLight.process(AbstractProcessorLight.java:63)
	at org.apache.coyote.AbstractProtocol$ConnectionHandler.process(AbstractProtocol.java:904)
	at org.apache.tomcat.util.net.NioEndpoint$SocketProcessor.doRun(NioEndpoint.java:1741)
	at org.apache.tomcat.util.net.SocketProcessorBase.run(SocketProcessorBase.java:52)
	at org.apache.tomcat.util.threads.ThreadPoolExecutor.runWorker(ThreadPoolExecutor.java:1190)
	at org.apache.tomcat.util.threads.ThreadPoolExecutor$Worker.run(ThreadPoolExecutor.java:659)
	at org.apache.tomcat.util.threads.TaskThread$WrappingRunnable.run(TaskThread.java:63)
	at java.base/java.lang.Thread.run(Thread.java:833)
2024-08-13 07:27:53,221 DEBUG o.s.s.w.FilterChainProxy [http-nio-7777-exec-3] Securing POST /error
2024-08-13 07:27:53,221 DEBUG o.s.s.w.a.AnonymousAuthenticationFilter [http-nio-7777-exec-3] Set SecurityContextHolder to anonymous SecurityContext
2024-08-13 07:27:53,221 DEBUG o.s.s.w.a.Http403ForbiddenEntryPoint [http-nio-7777-exec-3] Pre-authenticated entry point called. Rejecting access
2024-08-13 07:27:55,360 DEBUG o.s.s.w.FilterChainProxy [http-nio-7777-exec-8] Securing OPTIONS /api/users/all
2024-08-13 07:27:55,360 DEBUG o.s.s.w.FilterChainProxy [http-nio-7777-exec-1] Securing OPTIONS /api/users/all
2024-08-13 07:27:55,365 DEBUG o.s.s.w.FilterChainProxy [http-nio-7777-exec-7] Securing GET /api/users/all
2024-08-13 07:27:55,381 ERROR o.a.j.l.DirectJDKLog [http-nio-7777-exec-7] Servlet.service() for servlet [dispatcherServlet] in context with path [] threw exception
io.jsonwebtoken.ExpiredJwtException: JWT expired at 2024-08-13T01:56:50Z. Current time: 2024-08-13T01:57:55Z, a difference of 65381 milliseconds.  Allowed clock skew: 0 milliseconds.
	at io.jsonwebtoken.impl.DefaultJwtParser.parse(DefaultJwtParser.java:427)
	at io.jsonwebtoken.impl.DefaultJwtParser.parse(DefaultJwtParser.java:529)
	at io.jsonwebtoken.impl.DefaultJwtParser.parseClaimsJws(DefaultJwtParser.java:589)
	at io.jsonwebtoken.impl.ImmutableJwtParser.parseClaimsJws(ImmutableJwtParser.java:173)
	at com.max.quizspring.config.JwtToken.extractAllClaims(JwtToken.java:36)
	at com.max.quizspring.config.JwtToken.extraClaim(JwtToken.java:31)
	at com.max.quizspring.config.JwtToken.extractUsername(JwtToken.java:23)
	at com.max.quizspring.config.JwtAuthenticationFilter.doFilterInternal(JwtAuthenticationFilter.java:41)
	at org.springframework.web.filter.OncePerRequestFilter.doFilter(OncePerRequestFilter.java:116)
	at org.springframework.security.web.FilterChainProxy$VirtualFilterChain.doFilter(FilterChainProxy.java:374)
	at org.springframework.security.web.authentication.logout.LogoutFilter.doFilter(LogoutFilter.java:107)
	at org.springframework.security.web.authentication.logout.LogoutFilter.doFilter(LogoutFilter.java:93)
	at org.springframework.security.web.FilterChainProxy$VirtualFilterChain.doFilter(FilterChainProxy.java:374)
	at org.springframework.web.filter.CorsFilter.doFilterInternal(CorsFilter.java:91)
	at org.springframework.web.filter.OncePerRequestFilter.doFilter(OncePerRequestFilter.java:116)
	at org.springframework.security.web.FilterChainProxy$VirtualFilterChain.doFilter(FilterChainProxy.java:374)
	at org.springframework.security.web.header.HeaderWriterFilter.doHeadersAfter(HeaderWriterFilter.java:90)
	at org.springframework.security.web.header.HeaderWriterFilter.doFilterInternal(HeaderWriterFilter.java:75)
	at org.springframework.web.filter.OncePerRequestFilter.doFilter(OncePerRequestFilter.java:116)
	at org.springframework.security.web.FilterChainProxy$VirtualFilterChain.doFilter(FilterChainProxy.java:374)
	at org.springframework.security.web.context.SecurityContextHolderFilter.doFilter(SecurityContextHolderFilter.java:82)
	at org.springframework.security.web.context.SecurityContextHolderFilter.doFilter(SecurityContextHolderFilter.java:69)
	at org.springframework.security.web.FilterChainProxy$VirtualFilterChain.doFilter(FilterChainProxy.java:374)
	at org.springframework.security.web.context.request.async.WebAsyncManagerIntegrationFilter.doFilterInternal(WebAsyncManagerIntegrationFilter.java:62)
	at org.springframework.web.filter.OncePerRequestFilter.doFilter(OncePerRequestFilter.java:116)
	at org.springframework.security.web.FilterChainProxy$VirtualFilterChain.doFilter(FilterChainProxy.java:374)
	at org.springframework.security.web.session.DisableEncodeUrlFilter.doFilterInternal(DisableEncodeUrlFilter.java:42)
	at org.springframework.web.filter.OncePerRequestFilter.doFilter(OncePerRequestFilter.java:116)
	at org.springframework.security.web.FilterChainProxy$VirtualFilterChain.doFilter(FilterChainProxy.java:374)
	at org.springframework.security.web.FilterChainProxy.doFilterInternal(FilterChainProxy.java:233)
	at org.springframework.security.web.FilterChainProxy.doFilter(FilterChainProxy.java:191)
	at org.springframework.web.filter.CompositeFilter$VirtualFilterChain.doFilter(CompositeFilter.java:113)
	at org.springframework.web.servlet.handler.HandlerMappingIntrospector.lambda$createCacheFilter$3(HandlerMappingIntrospector.java:195)
	at org.springframework.web.filter.CompositeFilter$VirtualFilterChain.doFilter(CompositeFilter.java:113)
	at org.springframework.web.filter.CompositeFilter.doFilter(CompositeFilter.java:74)
	at org.springframework.security.config.annotation.web.configuration.WebMvcSecurityConfiguration$CompositeFilterChainProxy.doFilter(WebMvcSecurityConfiguration.java:230)
	at org.springframework.web.filter.DelegatingFilterProxy.invokeDelegate(DelegatingFilterProxy.java:352)
	at org.springframework.web.filter.DelegatingFilterProxy.doFilter(DelegatingFilterProxy.java:268)
	at org.apache.catalina.core.ApplicationFilterChain.internalDoFilter(ApplicationFilterChain.java:164)
	at org.apache.catalina.core.ApplicationFilterChain.doFilter(ApplicationFilterChain.java:140)
	at org.springframework.web.filter.RequestContextFilter.doFilterInternal(RequestContextFilter.java:100)
	at org.springframework.web.filter.OncePerRequestFilter.doFilter(OncePerRequestFilter.java:116)
	at org.apache.catalina.core.ApplicationFilterChain.internalDoFilter(ApplicationFilterChain.java:164)
	at org.apache.catalina.core.ApplicationFilterChain.doFilter(ApplicationFilterChain.java:140)
	at org.springframework.web.filter.FormContentFilter.doFilterInternal(FormContentFilter.java:93)
	at org.springframework.web.filter.OncePerRequestFilter.doFilter(OncePerRequestFilter.java:116)
	at org.apache.catalina.core.ApplicationFilterChain.internalDoFilter(ApplicationFilterChain.java:164)
	at org.apache.catalina.core.ApplicationFilterChain.doFilter(ApplicationFilterChain.java:140)
	at org.springframework.web.filter.CharacterEncodingFilter.doFilterInternal(CharacterEncodingFilter.java:201)
	at org.springframework.web.filter.OncePerRequestFilter.doFilter(OncePerRequestFilter.java:116)
	at org.apache.catalina.core.ApplicationFilterChain.internalDoFilter(ApplicationFilterChain.java:164)
	at org.apache.catalina.core.ApplicationFilterChain.doFilter(ApplicationFilterChain.java:140)
	at org.apache.catalina.core.StandardWrapperValve.invoke(StandardWrapperValve.java:167)
	at org.apache.catalina.core.StandardContextValve.invoke(StandardContextValve.java:90)
	at org.apache.catalina.authenticator.AuthenticatorBase.invoke(AuthenticatorBase.java:483)
	at org.apache.catalina.core.StandardHostValve.invoke(StandardHostValve.java:115)
	at org.apache.catalina.valves.ErrorReportValve.invoke(ErrorReportValve.java:93)
	at org.apache.catalina.core.StandardEngineValve.invoke(StandardEngineValve.java:74)
	at org.apache.catalina.connector.CoyoteAdapter.service(CoyoteAdapter.java:344)
	at org.apache.coyote.http11.Http11Processor.service(Http11Processor.java:389)
	at org.apache.coyote.AbstractProcessorLight.process(AbstractProcessorLight.java:63)
	at org.apache.coyote.AbstractProtocol$ConnectionHandler.process(AbstractProtocol.java:904)
	at org.apache.tomcat.util.net.NioEndpoint$SocketProcessor.doRun(NioEndpoint.java:1741)
	at org.apache.tomcat.util.net.SocketProcessorBase.run(SocketProcessorBase.java:52)
	at org.apache.tomcat.util.threads.ThreadPoolExecutor.runWorker(ThreadPoolExecutor.java:1190)
	at org.apache.tomcat.util.threads.ThreadPoolExecutor$Worker.run(ThreadPoolExecutor.java:659)
	at org.apache.tomcat.util.threads.TaskThread$WrappingRunnable.run(TaskThread.java:63)
	at java.base/java.lang.Thread.run(Thread.java:833)
2024-08-13 07:27:55,437 DEBUG o.s.s.w.FilterChainProxy [http-nio-7777-exec-7] Securing GET /error
2024-08-13 07:27:55,437 DEBUG o.s.s.w.a.AnonymousAuthenticationFilter [http-nio-7777-exec-7] Set SecurityContextHolder to anonymous SecurityContext
2024-08-13 07:27:55,437 DEBUG o.s.s.w.a.Http403ForbiddenEntryPoint [http-nio-7777-exec-7] Pre-authenticated entry point called. Rejecting access
2024-08-13 07:27:55,469 DEBUG o.s.s.w.FilterChainProxy [http-nio-7777-exec-5] Securing GET /api/users/all
2024-08-13 07:27:55,485 ERROR o.a.j.l.DirectJDKLog [http-nio-7777-exec-5] Servlet.service() for servlet [dispatcherServlet] in context with path [] threw exception
io.jsonwebtoken.ExpiredJwtException: JWT expired at 2024-08-13T01:56:50Z. Current time: 2024-08-13T01:57:55Z, a difference of 65485 milliseconds.  Allowed clock skew: 0 milliseconds.
	at io.jsonwebtoken.impl.DefaultJwtParser.parse(DefaultJwtParser.java:427)
	at io.jsonwebtoken.impl.DefaultJwtParser.parse(DefaultJwtParser.java:529)
	at io.jsonwebtoken.impl.DefaultJwtParser.parseClaimsJws(DefaultJwtParser.java:589)
	at io.jsonwebtoken.impl.ImmutableJwtParser.parseClaimsJws(ImmutableJwtParser.java:173)
	at com.max.quizspring.config.JwtToken.extractAllClaims(JwtToken.java:36)
	at com.max.quizspring.config.JwtToken.extraClaim(JwtToken.java:31)
	at com.max.quizspring.config.JwtToken.extractUsername(JwtToken.java:23)
	at com.max.quizspring.config.JwtAuthenticationFilter.doFilterInternal(JwtAuthenticationFilter.java:41)
	at org.springframework.web.filter.OncePerRequestFilter.doFilter(OncePerRequestFilter.java:116)
	at org.springframework.security.web.FilterChainProxy$VirtualFilterChain.doFilter(FilterChainProxy.java:374)
	at org.springframework.security.web.authentication.logout.LogoutFilter.doFilter(LogoutFilter.java:107)
	at org.springframework.security.web.authentication.logout.LogoutFilter.doFilter(LogoutFilter.java:93)
	at org.springframework.security.web.FilterChainProxy$VirtualFilterChain.doFilter(FilterChainProxy.java:374)
	at org.springframework.web.filter.CorsFilter.doFilterInternal(CorsFilter.java:91)
	at org.springframework.web.filter.OncePerRequestFilter.doFilter(OncePerRequestFilter.java:116)
	at org.springframework.security.web.FilterChainProxy$VirtualFilterChain.doFilter(FilterChainProxy.java:374)
	at org.springframework.security.web.header.HeaderWriterFilter.doHeadersAfter(HeaderWriterFilter.java:90)
	at org.springframework.security.web.header.HeaderWriterFilter.doFilterInternal(HeaderWriterFilter.java:75)
	at org.springframework.web.filter.OncePerRequestFilter.doFilter(OncePerRequestFilter.java:116)
	at org.springframework.security.web.FilterChainProxy$VirtualFilterChain.doFilter(FilterChainProxy.java:374)
	at org.springframework.security.web.context.SecurityContextHolderFilter.doFilter(SecurityContextHolderFilter.java:82)
	at org.springframework.security.web.context.SecurityContextHolderFilter.doFilter(SecurityContextHolderFilter.java:69)
	at org.springframework.security.web.FilterChainProxy$VirtualFilterChain.doFilter(FilterChainProxy.java:374)
	at org.springframework.security.web.context.request.async.WebAsyncManagerIntegrationFilter.doFilterInternal(WebAsyncManagerIntegrationFilter.java:62)
	at org.springframework.web.filter.OncePerRequestFilter.doFilter(OncePerRequestFilter.java:116)
	at org.springframework.security.web.FilterChainProxy$VirtualFilterChain.doFilter(FilterChainProxy.java:374)
	at org.springframework.security.web.session.DisableEncodeUrlFilter.doFilterInternal(DisableEncodeUrlFilter.java:42)
	at org.springframework.web.filter.OncePerRequestFilter.doFilter(OncePerRequestFilter.java:116)
	at org.springframework.security.web.FilterChainProxy$VirtualFilterChain.doFilter(FilterChainProxy.java:374)
	at org.springframework.security.web.FilterChainProxy.doFilterInternal(FilterChainProxy.java:233)
	at org.springframework.security.web.FilterChainProxy.doFilter(FilterChainProxy.java:191)
	at org.springframework.web.filter.CompositeFilter$VirtualFilterChain.doFilter(CompositeFilter.java:113)
	at org.springframework.web.servlet.handler.HandlerMappingIntrospector.lambda$createCacheFilter$3(HandlerMappingIntrospector.java:195)
	at org.springframework.web.filter.CompositeFilter$VirtualFilterChain.doFilter(CompositeFilter.java:113)
	at org.springframework.web.filter.CompositeFilter.doFilter(CompositeFilter.java:74)
	at org.springframework.security.config.annotation.web.configuration.WebMvcSecurityConfiguration$CompositeFilterChainProxy.doFilter(WebMvcSecurityConfiguration.java:230)
	at org.springframework.web.filter.DelegatingFilterProxy.invokeDelegate(DelegatingFilterProxy.java:352)
	at org.springframework.web.filter.DelegatingFilterProxy.doFilter(DelegatingFilterProxy.java:268)
	at org.apache.catalina.core.ApplicationFilterChain.internalDoFilter(ApplicationFilterChain.java:164)
	at org.apache.catalina.core.ApplicationFilterChain.doFilter(ApplicationFilterChain.java:140)
	at org.springframework.web.filter.RequestContextFilter.doFilterInternal(RequestContextFilter.java:100)
	at org.springframework.web.filter.OncePerRequestFilter.doFilter(OncePerRequestFilter.java:116)
	at org.apache.catalina.core.ApplicationFilterChain.internalDoFilter(ApplicationFilterChain.java:164)
	at org.apache.catalina.core.ApplicationFilterChain.doFilter(ApplicationFilterChain.java:140)
	at org.springframework.web.filter.FormContentFilter.doFilterInternal(FormContentFilter.java:93)
	at org.springframework.web.filter.OncePerRequestFilter.doFilter(OncePerRequestFilter.java:116)
	at org.apache.catalina.core.ApplicationFilterChain.internalDoFilter(ApplicationFilterChain.java:164)
	at org.apache.catalina.core.ApplicationFilterChain.doFilter(ApplicationFilterChain.java:140)
	at org.springframework.web.filter.CharacterEncodingFilter.doFilterInternal(CharacterEncodingFilter.java:201)
	at org.springframework.web.filter.OncePerRequestFilter.doFilter(OncePerRequestFilter.java:116)
	at org.apache.catalina.core.ApplicationFilterChain.internalDoFilter(ApplicationFilterChain.java:164)
	at org.apache.catalina.core.ApplicationFilterChain.doFilter(ApplicationFilterChain.java:140)
	at org.apache.catalina.core.StandardWrapperValve.invoke(StandardWrapperValve.java:167)
	at org.apache.catalina.core.StandardContextValve.invoke(StandardContextValve.java:90)
	at org.apache.catalina.authenticator.AuthenticatorBase.invoke(AuthenticatorBase.java:483)
	at org.apache.catalina.core.StandardHostValve.invoke(StandardHostValve.java:115)
	at org.apache.catalina.valves.ErrorReportValve.invoke(ErrorReportValve.java:93)
	at org.apache.catalina.core.StandardEngineValve.invoke(StandardEngineValve.java:74)
	at org.apache.catalina.connector.CoyoteAdapter.service(CoyoteAdapter.java:344)
	at org.apache.coyote.http11.Http11Processor.service(Http11Processor.java:389)
	at org.apache.coyote.AbstractProcessorLight.process(AbstractProcessorLight.java:63)
	at org.apache.coyote.AbstractProtocol$ConnectionHandler.process(AbstractProtocol.java:904)
	at org.apache.tomcat.util.net.NioEndpoint$SocketProcessor.doRun(NioEndpoint.java:1741)
	at org.apache.tomcat.util.net.SocketProcessorBase.run(SocketProcessorBase.java:52)
	at org.apache.tomcat.util.threads.ThreadPoolExecutor.runWorker(ThreadPoolExecutor.java:1190)
	at org.apache.tomcat.util.threads.ThreadPoolExecutor$Worker.run(ThreadPoolExecutor.java:659)
	at org.apache.tomcat.util.threads.TaskThread$WrappingRunnable.run(TaskThread.java:63)
	at java.base/java.lang.Thread.run(Thread.java:833)
2024-08-13 07:27:55,558 DEBUG o.s.s.w.FilterChainProxy [http-nio-7777-exec-5] Securing GET /error
2024-08-13 07:27:55,575 DEBUG o.s.s.w.a.AnonymousAuthenticationFilter [http-nio-7777-exec-5] Set SecurityContextHolder to anonymous SecurityContext
2024-08-13 07:27:55,575 DEBUG o.s.s.w.a.Http403ForbiddenEntryPoint [http-nio-7777-exec-5] Pre-authenticated entry point called. Rejecting access
2024-08-13 07:27:56,974 DEBUG o.s.s.w.FilterChainProxy [http-nio-7777-exec-6] Securing OPTIONS /api/user/companies
2024-08-13 07:27:56,999 DEBUG o.s.s.w.FilterChainProxy [http-nio-7777-exec-2] Securing OPTIONS /api/user/companies
2024-08-13 07:27:57,024 DEBUG o.s.s.w.FilterChainProxy [http-nio-7777-exec-4] Securing GET /api/user/companies
2024-08-13 07:27:57,041 ERROR o.a.j.l.DirectJDKLog [http-nio-7777-exec-4] Servlet.service() for servlet [dispatcherServlet] in context with path [] threw exception
io.jsonwebtoken.ExpiredJwtException: JWT expired at 2024-08-13T01:56:50Z. Current time: 2024-08-13T01:57:57Z, a difference of 67041 milliseconds.  Allowed clock skew: 0 milliseconds.
	at io.jsonwebtoken.impl.DefaultJwtParser.parse(DefaultJwtParser.java:427)
	at io.jsonwebtoken.impl.DefaultJwtParser.parse(DefaultJwtParser.java:529)
	at io.jsonwebtoken.impl.DefaultJwtParser.parseClaimsJws(DefaultJwtParser.java:589)
	at io.jsonwebtoken.impl.ImmutableJwtParser.parseClaimsJws(ImmutableJwtParser.java:173)
	at com.max.quizspring.config.JwtToken.extractAllClaims(JwtToken.java:36)
	at com.max.quizspring.config.JwtToken.extraClaim(JwtToken.java:31)
	at com.max.quizspring.config.JwtToken.extractUsername(JwtToken.java:23)
	at com.max.quizspring.config.JwtAuthenticationFilter.doFilterInternal(JwtAuthenticationFilter.java:41)
	at org.springframework.web.filter.OncePerRequestFilter.doFilter(OncePerRequestFilter.java:116)
	at org.springframework.security.web.FilterChainProxy$VirtualFilterChain.doFilter(FilterChainProxy.java:374)
	at org.springframework.security.web.authentication.logout.LogoutFilter.doFilter(LogoutFilter.java:107)
	at org.springframework.security.web.authentication.logout.LogoutFilter.doFilter(LogoutFilter.java:93)
	at org.springframework.security.web.FilterChainProxy$VirtualFilterChain.doFilter(FilterChainProxy.java:374)
	at org.springframework.web.filter.CorsFilter.doFilterInternal(CorsFilter.java:91)
	at org.springframework.web.filter.OncePerRequestFilter.doFilter(OncePerRequestFilter.java:116)
	at org.springframework.security.web.FilterChainProxy$VirtualFilterChain.doFilter(FilterChainProxy.java:374)
	at org.springframework.security.web.header.HeaderWriterFilter.doHeadersAfter(HeaderWriterFilter.java:90)
	at org.springframework.security.web.header.HeaderWriterFilter.doFilterInternal(HeaderWriterFilter.java:75)
	at org.springframework.web.filter.OncePerRequestFilter.doFilter(OncePerRequestFilter.java:116)
	at org.springframework.security.web.FilterChainProxy$VirtualFilterChain.doFilter(FilterChainProxy.java:374)
	at org.springframework.security.web.context.SecurityContextHolderFilter.doFilter(SecurityContextHolderFilter.java:82)
	at org.springframework.security.web.context.SecurityContextHolderFilter.doFilter(SecurityContextHolderFilter.java:69)
	at org.springframework.security.web.FilterChainProxy$VirtualFilterChain.doFilter(FilterChainProxy.java:374)
	at org.springframework.security.web.context.request.async.WebAsyncManagerIntegrationFilter.doFilterInternal(WebAsyncManagerIntegrationFilter.java:62)
	at org.springframework.web.filter.OncePerRequestFilter.doFilter(OncePerRequestFilter.java:116)
	at org.springframework.security.web.FilterChainProxy$VirtualFilterChain.doFilter(FilterChainProxy.java:374)
	at org.springframework.security.web.session.DisableEncodeUrlFilter.doFilterInternal(DisableEncodeUrlFilter.java:42)
	at org.springframework.web.filter.OncePerRequestFilter.doFilter(OncePerRequestFilter.java:116)
	at org.springframework.security.web.FilterChainProxy$VirtualFilterChain.doFilter(FilterChainProxy.java:374)
	at org.springframework.security.web.FilterChainProxy.doFilterInternal(FilterChainProxy.java:233)
	at org.springframework.security.web.FilterChainProxy.doFilter(FilterChainProxy.java:191)
	at org.springframework.web.filter.CompositeFilter$VirtualFilterChain.doFilter(CompositeFilter.java:113)
	at org.springframework.web.servlet.handler.HandlerMappingIntrospector.lambda$createCacheFilter$3(HandlerMappingIntrospector.java:195)
	at org.springframework.web.filter.CompositeFilter$VirtualFilterChain.doFilter(CompositeFilter.java:113)
	at org.springframework.web.filter.CompositeFilter.doFilter(CompositeFilter.java:74)
	at org.springframework.security.config.annotation.web.configuration.WebMvcSecurityConfiguration$CompositeFilterChainProxy.doFilter(WebMvcSecurityConfiguration.java:230)
	at org.springframework.web.filter.DelegatingFilterProxy.invokeDelegate(DelegatingFilterProxy.java:352)
	at org.springframework.web.filter.DelegatingFilterProxy.doFilter(DelegatingFilterProxy.java:268)
	at org.apache.catalina.core.ApplicationFilterChain.internalDoFilter(ApplicationFilterChain.java:164)
	at org.apache.catalina.core.ApplicationFilterChain.doFilter(ApplicationFilterChain.java:140)
	at org.springframework.web.filter.RequestContextFilter.doFilterInternal(RequestContextFilter.java:100)
	at org.springframework.web.filter.OncePerRequestFilter.doFilter(OncePerRequestFilter.java:116)
	at org.apache.catalina.core.ApplicationFilterChain.internalDoFilter(ApplicationFilterChain.java:164)
	at org.apache.catalina.core.ApplicationFilterChain.doFilter(ApplicationFilterChain.java:140)
	at org.springframework.web.filter.FormContentFilter.doFilterInternal(FormContentFilter.java:93)
	at org.springframework.web.filter.OncePerRequestFilter.doFilter(OncePerRequestFilter.java:116)
	at org.apache.catalina.core.ApplicationFilterChain.internalDoFilter(ApplicationFilterChain.java:164)
	at org.apache.catalina.core.ApplicationFilterChain.doFilter(ApplicationFilterChain.java:140)
	at org.springframework.web.filter.CharacterEncodingFilter.doFilterInternal(CharacterEncodingFilter.java:201)
	at org.springframework.web.filter.OncePerRequestFilter.doFilter(OncePerRequestFilter.java:116)
	at org.apache.catalina.core.ApplicationFilterChain.internalDoFilter(ApplicationFilterChain.java:164)
	at org.apache.catalina.core.ApplicationFilterChain.doFilter(ApplicationFilterChain.java:140)
	at org.apache.catalina.core.StandardWrapperValve.invoke(StandardWrapperValve.java:167)
	at org.apache.catalina.core.StandardContextValve.invoke(StandardContextValve.java:90)
	at org.apache.catalina.authenticator.AuthenticatorBase.invoke(AuthenticatorBase.java:483)
	at org.apache.catalina.core.StandardHostValve.invoke(StandardHostValve.java:115)
	at org.apache.catalina.valves.ErrorReportValve.invoke(ErrorReportValve.java:93)
	at org.apache.catalina.core.StandardEngineValve.invoke(StandardEngineValve.java:74)
	at org.apache.catalina.connector.CoyoteAdapter.service(CoyoteAdapter.java:344)
	at org.apache.coyote.http11.Http11Processor.service(Http11Processor.java:389)
	at org.apache.coyote.AbstractProcessorLight.process(AbstractProcessorLight.java:63)
	at org.apache.coyote.AbstractProtocol$ConnectionHandler.process(AbstractProtocol.java:904)
	at org.apache.tomcat.util.net.NioEndpoint$SocketProcessor.doRun(NioEndpoint.java:1741)
	at org.apache.tomcat.util.net.SocketProcessorBase.run(SocketProcessorBase.java:52)
	at org.apache.tomcat.util.threads.ThreadPoolExecutor.runWorker(ThreadPoolExecutor.java:1190)
	at org.apache.tomcat.util.threads.ThreadPoolExecutor$Worker.run(ThreadPoolExecutor.java:659)
	at org.apache.tomcat.util.threads.TaskThread$WrappingRunnable.run(TaskThread.java:63)
	at java.base/java.lang.Thread.run(Thread.java:833)
2024-08-13 07:27:57,102 DEBUG o.s.s.w.FilterChainProxy [http-nio-7777-exec-4] Securing GET /error
2024-08-13 07:27:57,135 DEBUG o.s.s.w.a.AnonymousAuthenticationFilter [http-nio-7777-exec-4] Set SecurityContextHolder to anonymous SecurityContext
2024-08-13 07:27:57,167 DEBUG o.s.s.w.a.Http403ForbiddenEntryPoint [http-nio-7777-exec-4] Pre-authenticated entry point called. Rejecting access
2024-08-13 07:28:03,505 DEBUG o.s.s.w.FilterChainProxy [http-nio-7777-exec-3] Securing OPTIONS /api/users/email/shaikhaniscoder07@gmail.com
2024-08-13 07:28:03,505 DEBUG o.s.s.w.FilterChainProxy [http-nio-7777-exec-9] Securing OPTIONS /api/users/email/shaikhaniscoder07@gmail.com
2024-08-13 07:28:03,520 DEBUG o.s.s.w.FilterChainProxy [http-nio-7777-exec-8] Securing GET /api/users/email/shaikhaniscoder07@gmail.com
2024-08-13 07:28:03,801 ERROR o.a.j.l.DirectJDKLog [http-nio-7777-exec-8] Servlet.service() for servlet [dispatcherServlet] in context with path [] threw exception
io.jsonwebtoken.ExpiredJwtException: JWT expired at 2024-08-13T01:56:50Z. Current time: 2024-08-13T01:58:03Z, a difference of 73770 milliseconds.  Allowed clock skew: 0 milliseconds.
	at io.jsonwebtoken.impl.DefaultJwtParser.parse(DefaultJwtParser.java:427)
	at io.jsonwebtoken.impl.DefaultJwtParser.parse(DefaultJwtParser.java:529)
	at io.jsonwebtoken.impl.DefaultJwtParser.parseClaimsJws(DefaultJwtParser.java:589)
	at io.jsonwebtoken.impl.ImmutableJwtParser.parseClaimsJws(ImmutableJwtParser.java:173)
	at com.max.quizspring.config.JwtToken.extractAllClaims(JwtToken.java:36)
	at com.max.quizspring.config.JwtToken.extraClaim(JwtToken.java:31)
	at com.max.quizspring.config.JwtToken.extractUsername(JwtToken.java:23)
	at com.max.quizspring.config.JwtAuthenticationFilter.doFilterInternal(JwtAuthenticationFilter.java:41)
	at org.springframework.web.filter.OncePerRequestFilter.doFilter(OncePerRequestFilter.java:116)
	at org.springframework.security.web.FilterChainProxy$VirtualFilterChain.doFilter(FilterChainProxy.java:374)
	at org.springframework.security.web.authentication.logout.LogoutFilter.doFilter(LogoutFilter.java:107)
	at org.springframework.security.web.authentication.logout.LogoutFilter.doFilter(LogoutFilter.java:93)
	at org.springframework.security.web.FilterChainProxy$VirtualFilterChain.doFilter(FilterChainProxy.java:374)
	at org.springframework.web.filter.CorsFilter.doFilterInternal(CorsFilter.java:91)
	at org.springframework.web.filter.OncePerRequestFilter.doFilter(OncePerRequestFilter.java:116)
	at org.springframework.security.web.FilterChainProxy$VirtualFilterChain.doFilter(FilterChainProxy.java:374)
	at org.springframework.security.web.header.HeaderWriterFilter.doHeadersAfter(HeaderWriterFilter.java:90)
	at org.springframework.security.web.header.HeaderWriterFilter.doFilterInternal(HeaderWriterFilter.java:75)
	at org.springframework.web.filter.OncePerRequestFilter.doFilter(OncePerRequestFilter.java:116)
	at org.springframework.security.web.FilterChainProxy$VirtualFilterChain.doFilter(FilterChainProxy.java:374)
	at org.springframework.security.web.context.SecurityContextHolderFilter.doFilter(SecurityContextHolderFilter.java:82)
	at org.springframework.security.web.context.SecurityContextHolderFilter.doFilter(SecurityContextHolderFilter.java:69)
	at org.springframework.security.web.FilterChainProxy$VirtualFilterChain.doFilter(FilterChainProxy.java:374)
	at org.springframework.security.web.context.request.async.WebAsyncManagerIntegrationFilter.doFilterInternal(WebAsyncManagerIntegrationFilter.java:62)
	at org.springframework.web.filter.OncePerRequestFilter.doFilter(OncePerRequestFilter.java:116)
	at org.springframework.security.web.FilterChainProxy$VirtualFilterChain.doFilter(FilterChainProxy.java:374)
	at org.springframework.security.web.session.DisableEncodeUrlFilter.doFilterInternal(DisableEncodeUrlFilter.java:42)
	at org.springframework.web.filter.OncePerRequestFilter.doFilter(OncePerRequestFilter.java:116)
	at org.springframework.security.web.FilterChainProxy$VirtualFilterChain.doFilter(FilterChainProxy.java:374)
	at org.springframework.security.web.FilterChainProxy.doFilterInternal(FilterChainProxy.java:233)
	at org.springframework.security.web.FilterChainProxy.doFilter(FilterChainProxy.java:191)
	at org.springframework.web.filter.CompositeFilter$VirtualFilterChain.doFilter(CompositeFilter.java:113)
	at org.springframework.web.servlet.handler.HandlerMappingIntrospector.lambda$createCacheFilter$3(HandlerMappingIntrospector.java:195)
	at org.springframework.web.filter.CompositeFilter$VirtualFilterChain.doFilter(CompositeFilter.java:113)
	at org.springframework.web.filter.CompositeFilter.doFilter(CompositeFilter.java:74)
	at org.springframework.security.config.annotation.web.configuration.WebMvcSecurityConfiguration$CompositeFilterChainProxy.doFilter(WebMvcSecurityConfiguration.java:230)
	at org.springframework.web.filter.DelegatingFilterProxy.invokeDelegate(DelegatingFilterProxy.java:352)
	at org.springframework.web.filter.DelegatingFilterProxy.doFilter(DelegatingFilterProxy.java:268)
	at org.apache.catalina.core.ApplicationFilterChain.internalDoFilter(ApplicationFilterChain.java:164)
	at org.apache.catalina.core.ApplicationFilterChain.doFilter(ApplicationFilterChain.java:140)
	at org.springframework.web.filter.RequestContextFilter.doFilterInternal(RequestContextFilter.java:100)
	at org.springframework.web.filter.OncePerRequestFilter.doFilter(OncePerRequestFilter.java:116)
	at org.apache.catalina.core.ApplicationFilterChain.internalDoFilter(ApplicationFilterChain.java:164)
	at org.apache.catalina.core.ApplicationFilterChain.doFilter(ApplicationFilterChain.java:140)
	at org.springframework.web.filter.FormContentFilter.doFilterInternal(FormContentFilter.java:93)
	at org.springframework.web.filter.OncePerRequestFilter.doFilter(OncePerRequestFilter.java:116)
	at org.apache.catalina.core.ApplicationFilterChain.internalDoFilter(ApplicationFilterChain.java:164)
	at org.apache.catalina.core.ApplicationFilterChain.doFilter(ApplicationFilterChain.java:140)
	at org.springframework.web.filter.CharacterEncodingFilter.doFilterInternal(CharacterEncodingFilter.java:201)
	at org.springframework.web.filter.OncePerRequestFilter.doFilter(OncePerRequestFilter.java:116)
	at org.apache.catalina.core.ApplicationFilterChain.internalDoFilter(ApplicationFilterChain.java:164)
	at org.apache.catalina.core.ApplicationFilterChain.doFilter(ApplicationFilterChain.java:140)
	at org.apache.catalina.core.StandardWrapperValve.invoke(StandardWrapperValve.java:167)
	at org.apache.catalina.core.StandardContextValve.invoke(StandardContextValve.java:90)
	at org.apache.catalina.authenticator.AuthenticatorBase.invoke(AuthenticatorBase.java:483)
	at org.apache.catalina.core.StandardHostValve.invoke(StandardHostValve.java:115)
	at org.apache.catalina.valves.ErrorReportValve.invoke(ErrorReportValve.java:93)
	at org.apache.catalina.core.StandardEngineValve.invoke(StandardEngineValve.java:74)
	at org.apache.catalina.connector.CoyoteAdapter.service(CoyoteAdapter.java:344)
	at org.apache.coyote.http11.Http11Processor.service(Http11Processor.java:389)
	at org.apache.coyote.AbstractProcessorLight.process(AbstractProcessorLight.java:63)
	at org.apache.coyote.AbstractProtocol$ConnectionHandler.process(AbstractProtocol.java:904)
	at org.apache.tomcat.util.net.NioEndpoint$SocketProcessor.doRun(NioEndpoint.java:1741)
	at org.apache.tomcat.util.net.SocketProcessorBase.run(SocketProcessorBase.java:52)
	at org.apache.tomcat.util.threads.ThreadPoolExecutor.runWorker(ThreadPoolExecutor.java:1190)
	at org.apache.tomcat.util.threads.ThreadPoolExecutor$Worker.run(ThreadPoolExecutor.java:659)
	at org.apache.tomcat.util.threads.TaskThread$WrappingRunnable.run(TaskThread.java:63)
	at java.base/java.lang.Thread.run(Thread.java:833)
2024-08-13 07:28:03,864 DEBUG o.s.s.w.FilterChainProxy [http-nio-7777-exec-8] Securing GET /error
2024-08-13 07:28:03,879 DEBUG o.s.s.w.a.AnonymousAuthenticationFilter [http-nio-7777-exec-8] Set SecurityContextHolder to anonymous SecurityContext
2024-08-13 07:28:03,879 DEBUG o.s.s.w.a.Http403ForbiddenEntryPoint [http-nio-7777-exec-8] Pre-authenticated entry point called. Rejecting access
2024-08-13 07:28:03,983 DEBUG o.s.s.w.FilterChainProxy [http-nio-7777-exec-1] Securing GET /api/users/email/shaikhaniscoder07@gmail.com
2024-08-13 07:28:03,994 ERROR o.a.j.l.DirectJDKLog [http-nio-7777-exec-1] Servlet.service() for servlet [dispatcherServlet] in context with path [] threw exception
io.jsonwebtoken.ExpiredJwtException: JWT expired at 2024-08-13T01:56:50Z. Current time: 2024-08-13T01:58:03Z, a difference of 73994 milliseconds.  Allowed clock skew: 0 milliseconds.
	at io.jsonwebtoken.impl.DefaultJwtParser.parse(DefaultJwtParser.java:427)
	at io.jsonwebtoken.impl.DefaultJwtParser.parse(DefaultJwtParser.java:529)
	at io.jsonwebtoken.impl.DefaultJwtParser.parseClaimsJws(DefaultJwtParser.java:589)
	at io.jsonwebtoken.impl.ImmutableJwtParser.parseClaimsJws(ImmutableJwtParser.java:173)
	at com.max.quizspring.config.JwtToken.extractAllClaims(JwtToken.java:36)
	at com.max.quizspring.config.JwtToken.extraClaim(JwtToken.java:31)
	at com.max.quizspring.config.JwtToken.extractUsername(JwtToken.java:23)
	at com.max.quizspring.config.JwtAuthenticationFilter.doFilterInternal(JwtAuthenticationFilter.java:41)
	at org.springframework.web.filter.OncePerRequestFilter.doFilter(OncePerRequestFilter.java:116)
	at org.springframework.security.web.FilterChainProxy$VirtualFilterChain.doFilter(FilterChainProxy.java:374)
	at org.springframework.security.web.authentication.logout.LogoutFilter.doFilter(LogoutFilter.java:107)
	at org.springframework.security.web.authentication.logout.LogoutFilter.doFilter(LogoutFilter.java:93)
	at org.springframework.security.web.FilterChainProxy$VirtualFilterChain.doFilter(FilterChainProxy.java:374)
	at org.springframework.web.filter.CorsFilter.doFilterInternal(CorsFilter.java:91)
	at org.springframework.web.filter.OncePerRequestFilter.doFilter(OncePerRequestFilter.java:116)
	at org.springframework.security.web.FilterChainProxy$VirtualFilterChain.doFilter(FilterChainProxy.java:374)
	at org.springframework.security.web.header.HeaderWriterFilter.doHeadersAfter(HeaderWriterFilter.java:90)
	at org.springframework.security.web.header.HeaderWriterFilter.doFilterInternal(HeaderWriterFilter.java:75)
	at org.springframework.web.filter.OncePerRequestFilter.doFilter(OncePerRequestFilter.java:116)
	at org.springframework.security.web.FilterChainProxy$VirtualFilterChain.doFilter(FilterChainProxy.java:374)
	at org.springframework.security.web.context.SecurityContextHolderFilter.doFilter(SecurityContextHolderFilter.java:82)
	at org.springframework.security.web.context.SecurityContextHolderFilter.doFilter(SecurityContextHolderFilter.java:69)
	at org.springframework.security.web.FilterChainProxy$VirtualFilterChain.doFilter(FilterChainProxy.java:374)
	at org.springframework.security.web.context.request.async.WebAsyncManagerIntegrationFilter.doFilterInternal(WebAsyncManagerIntegrationFilter.java:62)
	at org.springframework.web.filter.OncePerRequestFilter.doFilter(OncePerRequestFilter.java:116)
	at org.springframework.security.web.FilterChainProxy$VirtualFilterChain.doFilter(FilterChainProxy.java:374)
	at org.springframework.security.web.session.DisableEncodeUrlFilter.doFilterInternal(DisableEncodeUrlFilter.java:42)
	at org.springframework.web.filter.OncePerRequestFilter.doFilter(OncePerRequestFilter.java:116)
	at org.springframework.security.web.FilterChainProxy$VirtualFilterChain.doFilter(FilterChainProxy.java:374)
	at org.springframework.security.web.FilterChainProxy.doFilterInternal(FilterChainProxy.java:233)
	at org.springframework.security.web.FilterChainProxy.doFilter(FilterChainProxy.java:191)
	at org.springframework.web.filter.CompositeFilter$VirtualFilterChain.doFilter(CompositeFilter.java:113)
	at org.springframework.web.servlet.handler.HandlerMappingIntrospector.lambda$createCacheFilter$3(HandlerMappingIntrospector.java:195)
	at org.springframework.web.filter.CompositeFilter$VirtualFilterChain.doFilter(CompositeFilter.java:113)
	at org.springframework.web.filter.CompositeFilter.doFilter(CompositeFilter.java:74)
	at org.springframework.security.config.annotation.web.configuration.WebMvcSecurityConfiguration$CompositeFilterChainProxy.doFilter(WebMvcSecurityConfiguration.java:230)
	at org.springframework.web.filter.DelegatingFilterProxy.invokeDelegate(DelegatingFilterProxy.java:352)
	at org.springframework.web.filter.DelegatingFilterProxy.doFilter(DelegatingFilterProxy.java:268)
	at org.apache.catalina.core.ApplicationFilterChain.internalDoFilter(ApplicationFilterChain.java:164)
	at org.apache.catalina.core.ApplicationFilterChain.doFilter(ApplicationFilterChain.java:140)
	at org.springframework.web.filter.RequestContextFilter.doFilterInternal(RequestContextFilter.java:100)
	at org.springframework.web.filter.OncePerRequestFilter.doFilter(OncePerRequestFilter.java:116)
	at org.apache.catalina.core.ApplicationFilterChain.internalDoFilter(ApplicationFilterChain.java:164)
	at org.apache.catalina.core.ApplicationFilterChain.doFilter(ApplicationFilterChain.java:140)
	at org.springframework.web.filter.FormContentFilter.doFilterInternal(FormContentFilter.java:93)
	at org.springframework.web.filter.OncePerRequestFilter.doFilter(OncePerRequestFilter.java:116)
	at org.apache.catalina.core.ApplicationFilterChain.internalDoFilter(ApplicationFilterChain.java:164)
	at org.apache.catalina.core.ApplicationFilterChain.doFilter(ApplicationFilterChain.java:140)
	at org.springframework.web.filter.CharacterEncodingFilter.doFilterInternal(CharacterEncodingFilter.java:201)
	at org.springframework.web.filter.OncePerRequestFilter.doFilter(OncePerRequestFilter.java:116)
	at org.apache.catalina.core.ApplicationFilterChain.internalDoFilter(ApplicationFilterChain.java:164)
	at org.apache.catalina.core.ApplicationFilterChain.doFilter(ApplicationFilterChain.java:140)
	at org.apache.catalina.core.StandardWrapperValve.invoke(StandardWrapperValve.java:167)
	at org.apache.catalina.core.StandardContextValve.invoke(StandardContextValve.java:90)
	at org.apache.catalina.authenticator.AuthenticatorBase.invoke(AuthenticatorBase.java:483)
	at org.apache.catalina.core.StandardHostValve.invoke(StandardHostValve.java:115)
	at org.apache.catalina.valves.ErrorReportValve.invoke(ErrorReportValve.java:93)
	at org.apache.catalina.core.StandardEngineValve.invoke(StandardEngineValve.java:74)
	at org.apache.catalina.connector.CoyoteAdapter.service(CoyoteAdapter.java:344)
	at org.apache.coyote.http11.Http11Processor.service(Http11Processor.java:389)
	at org.apache.coyote.AbstractProcessorLight.process(AbstractProcessorLight.java:63)
	at org.apache.coyote.AbstractProtocol$ConnectionHandler.process(AbstractProtocol.java:904)
	at org.apache.tomcat.util.net.NioEndpoint$SocketProcessor.doRun(NioEndpoint.java:1741)
	at org.apache.tomcat.util.net.SocketProcessorBase.run(SocketProcessorBase.java:52)
	at org.apache.tomcat.util.threads.ThreadPoolExecutor.runWorker(ThreadPoolExecutor.java:1190)
	at org.apache.tomcat.util.threads.ThreadPoolExecutor$Worker.run(ThreadPoolExecutor.java:659)
	at org.apache.tomcat.util.threads.TaskThread$WrappingRunnable.run(TaskThread.java:63)
	at java.base/java.lang.Thread.run(Thread.java:833)
2024-08-13 07:28:04,041 DEBUG o.s.s.w.FilterChainProxy [http-nio-7777-exec-1] Securing GET /error
2024-08-13 07:28:04,041 DEBUG o.s.s.w.a.AnonymousAuthenticationFilter [http-nio-7777-exec-1] Set SecurityContextHolder to anonymous SecurityContext
2024-08-13 07:28:04,041 DEBUG o.s.s.w.a.Http403ForbiddenEntryPoint [http-nio-7777-exec-1] Pre-authenticated entry point called. Rejecting access
2024-08-13 07:28:09,715 DEBUG o.s.s.w.FilterChainProxy [http-nio-7777-exec-6] Securing OPTIONS /api/auth/login
2024-08-13 07:28:09,723 DEBUG o.s.s.w.FilterChainProxy [http-nio-7777-exec-2] Securing POST /api/auth/login
2024-08-13 07:28:09,723 DEBUG o.s.s.w.a.AnonymousAuthenticationFilter [http-nio-7777-exec-2] Set SecurityContextHolder to anonymous SecurityContext
2024-08-13 07:28:09,723 DEBUG o.s.s.w.FilterChainProxy [http-nio-7777-exec-2] Secured POST /api/auth/login
2024-08-13 07:28:10,098 DEBUG o.s.s.a.d.AbstractUserDetailsAuthenticationProvider [http-nio-7777-exec-2] Authenticated user
2024-08-13 07:28:12,263 DEBUG o.s.s.w.FilterChainProxy [http-nio-7777-exec-4] Securing OPTIONS /api/users/email/shaikhaniscoder07@gmail.com
2024-08-13 07:28:12,263 DEBUG o.s.s.w.FilterChainProxy [http-nio-7777-exec-10] Securing OPTIONS /api/users/email/shaikhaniscoder07@gmail.com
2024-08-13 07:28:12,275 DEBUG o.s.s.w.FilterChainProxy [http-nio-7777-exec-3] Securing GET /api/users/email/shaikhaniscoder07@gmail.com
2024-08-13 07:28:12,392 DEBUG o.s.s.w.FilterChainProxy [http-nio-7777-exec-3] Secured GET /api/users/email/shaikhaniscoder07@gmail.com
2024-08-13 07:28:12,530 DEBUG o.s.s.w.FilterChainProxy [http-nio-7777-exec-9] Securing GET /api/users/email/shaikhaniscoder07@gmail.com
2024-08-13 07:28:12,589 DEBUG o.s.s.w.FilterChainProxy [http-nio-7777-exec-9] Secured GET /api/users/email/shaikhaniscoder07@gmail.com
2024-08-13 07:28:15,203 DEBUG o.s.s.w.FilterChainProxy [http-nio-7777-exec-7] Securing OPTIONS /api/user/companies
2024-08-13 07:28:15,203 DEBUG o.s.s.w.FilterChainProxy [http-nio-7777-exec-5] Securing OPTIONS /api/user/companies
2024-08-13 07:28:15,230 DEBUG o.s.s.w.FilterChainProxy [http-nio-7777-exec-6] Securing GET /api/user/companies
2024-08-13 07:28:15,320 DEBUG o.s.s.w.FilterChainProxy [http-nio-7777-exec-6] Secured GET /api/user/companies
2024-08-13 07:28:15,341 DEBUG o.s.s.w.FilterChainProxy [http-nio-7777-exec-2] Securing GET /api/user/companies
2024-08-13 07:28:15,405 DEBUG o.s.s.w.FilterChainProxy [http-nio-7777-exec-2] Secured GET /api/user/companies
2024-08-13 07:28:16,652 DEBUG o.s.s.w.FilterChainProxy [http-nio-7777-exec-4] Securing OPTIONS /api/user/companies/7
2024-08-13 07:28:16,656 DEBUG o.s.s.w.FilterChainProxy [http-nio-7777-exec-10] Securing DELETE /api/user/companies/7
2024-08-13 07:28:16,696 DEBUG o.s.s.w.FilterChainProxy [http-nio-7777-exec-10] Secured DELETE /api/user/companies/7
2024-08-13 07:28:16,805 DEBUG o.s.s.w.FilterChainProxy [http-nio-7777-exec-3] Securing GET /api/user/companies
2024-08-13 07:28:16,837 DEBUG o.s.s.w.FilterChainProxy [http-nio-7777-exec-3] Secured GET /api/user/companies
2024-08-13 07:28:21,051 DEBUG o.s.s.w.FilterChainProxy [http-nio-7777-exec-1] Securing OPTIONS /api/user/jobs/company/8
2024-08-13 07:28:21,055 DEBUG o.s.s.w.FilterChainProxy [http-nio-7777-exec-7] Securing GET /api/user/jobs/company/8
2024-08-13 07:28:21,118 DEBUG o.s.s.w.FilterChainProxy [http-nio-7777-exec-7] Secured GET /api/user/jobs/company/8
2024-08-13 07:31:26,194 DEBUG o.s.s.w.FilterChainProxy [http-nio-7777-exec-6] Securing OPTIONS /api/user/companies
2024-08-13 07:31:27,995 DEBUG o.s.s.w.FilterChainProxy [http-nio-7777-exec-2] Securing OPTIONS /api/user/companies
2024-08-13 07:31:28,117 DEBUG o.s.s.w.FilterChainProxy [http-nio-7777-exec-4] Securing OPTIONS /api/user/companies
2024-08-13 07:31:28,394 DEBUG o.s.s.w.FilterChainProxy [http-nio-7777-exec-10] Securing GET /api/user/companies
2024-08-13 07:31:30,496 DEBUG o.s.s.w.FilterChainProxy [http-nio-7777-exec-10] Secured GET /api/user/companies
2024-08-13 07:31:31,046 DEBUG o.s.s.w.FilterChainProxy [http-nio-7777-exec-3] Securing GET /api/user/companies
2024-08-13 07:31:31,094 DEBUG o.s.s.w.FilterChainProxy [http-nio-7777-exec-3] Secured GET /api/user/companies
2024-08-13 07:31:35,527 DEBUG o.s.s.w.FilterChainProxy [http-nio-7777-exec-5] Securing OPTIONS /api/user/companies
2024-08-13 07:31:35,527 DEBUG o.s.s.w.FilterChainProxy [http-nio-7777-exec-7] Securing OPTIONS /api/user/companies
2024-08-13 07:31:35,552 DEBUG o.s.s.w.FilterChainProxy [http-nio-7777-exec-4] Securing GET /api/user/companies
2024-08-13 07:31:35,696 DEBUG o.s.s.w.FilterChainProxy [http-nio-7777-exec-4] Secured GET /api/user/companies
2024-08-13 07:31:35,829 DEBUG o.s.s.w.FilterChainProxy [http-nio-7777-exec-2] Securing GET /api/user/companies
2024-08-13 07:31:35,879 DEBUG o.s.s.w.FilterChainProxy [http-nio-7777-exec-2] Secured GET /api/user/companies
2024-08-13 07:31:37,999 DEBUG o.s.s.w.FilterChainProxy [http-nio-7777-exec-3] Securing OPTIONS /api/user/jobs/company/8
2024-08-13 07:31:38,025 DEBUG o.s.s.w.FilterChainProxy [http-nio-7777-exec-8] Securing GET /api/user/jobs/company/8
2024-08-13 07:31:38,063 DEBUG o.s.s.w.FilterChainProxy [http-nio-7777-exec-8] Secured GET /api/user/jobs/company/8
2024-08-13 07:32:36,485 DEBUG o.s.s.w.FilterChainProxy [http-nio-7777-exec-1] Securing OPTIONS /api/user/jobs/company/8
2024-08-13 07:32:36,663 DEBUG o.s.s.w.FilterChainProxy [http-nio-7777-exec-5] Securing GET /api/user/jobs/company/8
2024-08-13 07:32:36,880 DEBUG o.s.s.w.FilterChainProxy [http-nio-7777-exec-5] Secured GET /api/user/jobs/company/8
2024-08-13 07:33:04,538 DEBUG o.s.s.w.FilterChainProxy [http-nio-7777-exec-4] Securing OPTIONS /api/user/jobs
2024-08-13 07:33:04,587 DEBUG o.s.s.w.FilterChainProxy [http-nio-7777-exec-2] Securing POST /api/user/jobs
2024-08-13 07:33:04,700 DEBUG o.s.s.w.FilterChainProxy [http-nio-7777-exec-2] Secured POST /api/user/jobs
2024-08-13 07:33:05,013 DEBUG o.s.s.w.FilterChainProxy [http-nio-7777-exec-6] Securing OPTIONS /api/user/companies
2024-08-13 07:33:05,027 DEBUG o.s.s.w.FilterChainProxy [http-nio-7777-exec-10] Securing GET /api/user/companies
2024-08-13 07:33:05,075 DEBUG o.s.s.w.FilterChainProxy [http-nio-7777-exec-10] Secured GET /api/user/companies
2024-08-13 07:33:06,231 DEBUG o.s.s.w.FilterChainProxy [http-nio-7777-exec-3] Securing OPTIONS /api/user/jobs/company/8
2024-08-13 07:33:06,236 DEBUG o.s.s.w.FilterChainProxy [http-nio-7777-exec-8] Securing GET /api/user/jobs/company/8
2024-08-13 07:33:06,259 DEBUG o.s.s.w.FilterChainProxy [http-nio-7777-exec-8] Secured GET /api/user/jobs/company/8
2024-08-13 07:34:17,803 DEBUG o.s.s.w.FilterChainProxy [http-nio-7777-exec-1] Securing OPTIONS /api/user/jobs/company/8
2024-08-13 07:34:17,817 DEBUG o.s.s.w.FilterChainProxy [http-nio-7777-exec-5] Securing GET /api/user/jobs/company/8
2024-08-13 07:34:17,989 DEBUG o.s.s.w.FilterChainProxy [http-nio-7777-exec-5] Secured GET /api/user/jobs/company/8
2024-08-13 07:34:22,272 DEBUG o.s.s.w.FilterChainProxy [http-nio-7777-exec-4] Securing OPTIONS /api/users/all
2024-08-13 07:34:22,280 DEBUG o.s.s.w.FilterChainProxy [http-nio-7777-exec-2] Securing OPTIONS /api/users/all
2024-08-13 07:34:22,294 DEBUG o.s.s.w.FilterChainProxy [http-nio-7777-exec-6] Securing GET /api/users/all
2024-08-13 07:34:22,371 DEBUG o.s.s.w.FilterChainProxy [http-nio-7777-exec-6] Secured GET /api/users/all
2024-08-13 07:34:22,523 WARN o.s.w.s.h.AbstractHandlerExceptionResolver [http-nio-7777-exec-6] Resolved [org.springframework.http.converter.HttpMessageNotWritableException: Could not write JSON: Cannot invoke "com.max.quizspring.model.User$Role.name()" because "this.role" is null]
2024-08-13 07:34:22,617 DEBUG o.s.s.w.FilterChainProxy [http-nio-7777-exec-6] Securing GET /error
2024-08-13 07:34:22,664 DEBUG o.s.s.w.a.AnonymousAuthenticationFilter [http-nio-7777-exec-6] Set SecurityContextHolder to anonymous SecurityContext
2024-08-13 07:34:22,710 DEBUG o.s.s.w.a.Http403ForbiddenEntryPoint [http-nio-7777-exec-6] Pre-authenticated entry point called. Rejecting access
2024-08-13 07:34:22,742 DEBUG o.s.s.w.FilterChainProxy [http-nio-7777-exec-10] Securing GET /api/users/all
2024-08-13 07:34:22,788 DEBUG o.s.s.w.FilterChainProxy [http-nio-7777-exec-10] Secured GET /api/users/all
2024-08-13 07:34:22,804 WARN o.s.w.s.h.AbstractHandlerExceptionResolver [http-nio-7777-exec-10] Resolved [org.springframework.http.converter.HttpMessageNotWritableException: Could not write JSON: Cannot invoke "com.max.quizspring.model.User$Role.name()" because "this.role" is null]
2024-08-13 07:34:22,820 DEBUG o.s.s.w.FilterChainProxy [http-nio-7777-exec-10] Securing GET /error
2024-08-13 07:34:22,820 DEBUG o.s.s.w.a.AnonymousAuthenticationFilter [http-nio-7777-exec-10] Set SecurityContextHolder to anonymous SecurityContext
2024-08-13 07:34:22,820 DEBUG o.s.s.w.a.Http403ForbiddenEntryPoint [http-nio-7777-exec-10] Pre-authenticated entry point called. Rejecting access
2024-08-13 07:34:28,376 DEBUG o.s.s.w.FilterChainProxy [http-nio-7777-exec-9] Securing OPTIONS /api/users/all
2024-08-13 07:34:28,376 DEBUG o.s.s.w.FilterChainProxy [http-nio-7777-exec-1] Securing OPTIONS /api/users/all
2024-08-13 07:34:28,396 DEBUG o.s.s.w.FilterChainProxy [http-nio-7777-exec-5] Securing GET /api/users/all
2024-08-13 07:34:28,453 DEBUG o.s.s.w.FilterChainProxy [http-nio-7777-exec-5] Secured GET /api/users/all
2024-08-13 07:34:28,469 WARN o.s.w.s.h.AbstractHandlerExceptionResolver [http-nio-7777-exec-5] Resolved [org.springframework.http.converter.HttpMessageNotWritableException: Could not write JSON: Cannot invoke "com.max.quizspring.model.User$Role.name()" because "this.role" is null]
2024-08-13 07:34:28,486 DEBUG o.s.s.w.FilterChainProxy [http-nio-7777-exec-5] Securing GET /error
2024-08-13 07:34:28,486 DEBUG o.s.s.w.a.AnonymousAuthenticationFilter [http-nio-7777-exec-5] Set SecurityContextHolder to anonymous SecurityContext
2024-08-13 07:34:28,497 DEBUG o.s.s.w.a.Http403ForbiddenEntryPoint [http-nio-7777-exec-5] Pre-authenticated entry point called. Rejecting access
2024-08-13 07:34:28,503 DEBUG o.s.s.w.FilterChainProxy [http-nio-7777-exec-7] Securing GET /api/users/all
2024-08-13 07:34:28,560 DEBUG o.s.s.w.FilterChainProxy [http-nio-7777-exec-7] Secured GET /api/users/all
2024-08-13 07:34:28,576 WARN o.s.w.s.h.AbstractHandlerExceptionResolver [http-nio-7777-exec-7] Resolved [org.springframework.http.converter.HttpMessageNotWritableException: Could not write JSON: Cannot invoke "com.max.quizspring.model.User$Role.name()" because "this.role" is null]
2024-08-13 07:34:28,586 DEBUG o.s.s.w.FilterChainProxy [http-nio-7777-exec-7] Securing GET /error
2024-08-13 07:34:28,586 DEBUG o.s.s.w.a.AnonymousAuthenticationFilter [http-nio-7777-exec-7] Set SecurityContextHolder to anonymous SecurityContext
2024-08-13 07:34:28,586 DEBUG o.s.s.w.a.Http403ForbiddenEntryPoint [http-nio-7777-exec-7] Pre-authenticated entry point called. Rejecting access
2024-08-13 07:34:40,503 DEBUG o.s.s.w.FilterChainProxy [http-nio-7777-exec-6] Securing OPTIONS /api/users/add
2024-08-13 07:34:40,517 DEBUG o.s.s.w.FilterChainProxy [http-nio-7777-exec-6] Securing POST /api/users/add
2024-08-13 07:34:40,543 DEBUG o.s.s.w.FilterChainProxy [http-nio-7777-exec-6] Secured POST /api/users/add
2024-08-13 07:34:41,262 WARN o.s.w.s.h.AbstractHandlerExceptionResolver [http-nio-7777-exec-6] Resolved [org.springframework.http.converter.HttpMessageNotWritableException: Could not write JSON: Cannot invoke "com.max.quizspring.model.User$Role.name()" because "this.role" is null]
2024-08-13 07:34:41,262 DEBUG o.s.s.w.FilterChainProxy [http-nio-7777-exec-6] Securing POST /error
2024-08-13 07:34:41,262 DEBUG o.s.s.w.a.AnonymousAuthenticationFilter [http-nio-7777-exec-6] Set SecurityContextHolder to anonymous SecurityContext
2024-08-13 07:34:41,262 DEBUG o.s.s.w.a.Http403ForbiddenEntryPoint [http-nio-7777-exec-6] Pre-authenticated entry point called. Rejecting access
2024-08-13 07:38:19,102 DEBUG o.s.s.w.FilterChainProxy [http-nio-7777-exec-8] Securing OPTIONS /api/users/all
2024-08-13 07:38:19,102 DEBUG o.s.s.w.FilterChainProxy [http-nio-7777-exec-3] Securing OPTIONS /api/users/all
2024-08-13 07:38:19,683 DEBUG o.s.s.w.FilterChainProxy [http-nio-7777-exec-9] Securing GET /api/users/all
2024-08-13 07:38:20,210 ERROR o.a.j.l.DirectJDKLog [http-nio-7777-exec-9] Servlet.service() for servlet [dispatcherServlet] in context with path [] threw exception
io.jsonwebtoken.ExpiredJwtException: JWT expired at 2024-08-13T02:08:14Z. Current time: 2024-08-13T02:08:20Z, a difference of 6116 milliseconds.  Allowed clock skew: 0 milliseconds.
	at io.jsonwebtoken.impl.DefaultJwtParser.parse(DefaultJwtParser.java:427)
	at io.jsonwebtoken.impl.DefaultJwtParser.parse(DefaultJwtParser.java:529)
	at io.jsonwebtoken.impl.DefaultJwtParser.parseClaimsJws(DefaultJwtParser.java:589)
	at io.jsonwebtoken.impl.ImmutableJwtParser.parseClaimsJws(ImmutableJwtParser.java:173)
	at com.max.quizspring.config.JwtToken.extractAllClaims(JwtToken.java:36)
	at com.max.quizspring.config.JwtToken.extraClaim(JwtToken.java:31)
	at com.max.quizspring.config.JwtToken.extractUsername(JwtToken.java:23)
	at com.max.quizspring.config.JwtAuthenticationFilter.doFilterInternal(JwtAuthenticationFilter.java:41)
	at org.springframework.web.filter.OncePerRequestFilter.doFilter(OncePerRequestFilter.java:116)
	at org.springframework.security.web.FilterChainProxy$VirtualFilterChain.doFilter(FilterChainProxy.java:374)
	at org.springframework.security.web.authentication.logout.LogoutFilter.doFilter(LogoutFilter.java:107)
	at org.springframework.security.web.authentication.logout.LogoutFilter.doFilter(LogoutFilter.java:93)
	at org.springframework.security.web.FilterChainProxy$VirtualFilterChain.doFilter(FilterChainProxy.java:374)
	at org.springframework.web.filter.CorsFilter.doFilterInternal(CorsFilter.java:91)
	at org.springframework.web.filter.OncePerRequestFilter.doFilter(OncePerRequestFilter.java:116)
	at org.springframework.security.web.FilterChainProxy$VirtualFilterChain.doFilter(FilterChainProxy.java:374)
	at org.springframework.security.web.header.HeaderWriterFilter.doHeadersAfter(HeaderWriterFilter.java:90)
	at org.springframework.security.web.header.HeaderWriterFilter.doFilterInternal(HeaderWriterFilter.java:75)
	at org.springframework.web.filter.OncePerRequestFilter.doFilter(OncePerRequestFilter.java:116)
	at org.springframework.security.web.FilterChainProxy$VirtualFilterChain.doFilter(FilterChainProxy.java:374)
	at org.springframework.security.web.context.SecurityContextHolderFilter.doFilter(SecurityContextHolderFilter.java:82)
	at org.springframework.security.web.context.SecurityContextHolderFilter.doFilter(SecurityContextHolderFilter.java:69)
	at org.springframework.security.web.FilterChainProxy$VirtualFilterChain.doFilter(FilterChainProxy.java:374)
	at org.springframework.security.web.context.request.async.WebAsyncManagerIntegrationFilter.doFilterInternal(WebAsyncManagerIntegrationFilter.java:62)
	at org.springframework.web.filter.OncePerRequestFilter.doFilter(OncePerRequestFilter.java:116)
	at org.springframework.security.web.FilterChainProxy$VirtualFilterChain.doFilter(FilterChainProxy.java:374)
	at org.springframework.security.web.session.DisableEncodeUrlFilter.doFilterInternal(DisableEncodeUrlFilter.java:42)
	at org.springframework.web.filter.OncePerRequestFilter.doFilter(OncePerRequestFilter.java:116)
	at org.springframework.security.web.FilterChainProxy$VirtualFilterChain.doFilter(FilterChainProxy.java:374)
	at org.springframework.security.web.FilterChainProxy.doFilterInternal(FilterChainProxy.java:233)
	at org.springframework.security.web.FilterChainProxy.doFilter(FilterChainProxy.java:191)
	at org.springframework.web.filter.CompositeFilter$VirtualFilterChain.doFilter(CompositeFilter.java:113)
	at org.springframework.web.servlet.handler.HandlerMappingIntrospector.lambda$createCacheFilter$3(HandlerMappingIntrospector.java:195)
	at org.springframework.web.filter.CompositeFilter$VirtualFilterChain.doFilter(CompositeFilter.java:113)
	at org.springframework.web.filter.CompositeFilter.doFilter(CompositeFilter.java:74)
	at org.springframework.security.config.annotation.web.configuration.WebMvcSecurityConfiguration$CompositeFilterChainProxy.doFilter(WebMvcSecurityConfiguration.java:230)
	at org.springframework.web.filter.DelegatingFilterProxy.invokeDelegate(DelegatingFilterProxy.java:352)
	at org.springframework.web.filter.DelegatingFilterProxy.doFilter(DelegatingFilterProxy.java:268)
	at org.apache.catalina.core.ApplicationFilterChain.internalDoFilter(ApplicationFilterChain.java:164)
	at org.apache.catalina.core.ApplicationFilterChain.doFilter(ApplicationFilterChain.java:140)
	at org.springframework.web.filter.RequestContextFilter.doFilterInternal(RequestContextFilter.java:100)
	at org.springframework.web.filter.OncePerRequestFilter.doFilter(OncePerRequestFilter.java:116)
	at org.apache.catalina.core.ApplicationFilterChain.internalDoFilter(ApplicationFilterChain.java:164)
	at org.apache.catalina.core.ApplicationFilterChain.doFilter(ApplicationFilterChain.java:140)
	at org.springframework.web.filter.FormContentFilter.doFilterInternal(FormContentFilter.java:93)
	at org.springframework.web.filter.OncePerRequestFilter.doFilter(OncePerRequestFilter.java:116)
	at org.apache.catalina.core.ApplicationFilterChain.internalDoFilter(ApplicationFilterChain.java:164)
	at org.apache.catalina.core.ApplicationFilterChain.doFilter(ApplicationFilterChain.java:140)
	at org.springframework.web.filter.CharacterEncodingFilter.doFilterInternal(CharacterEncodingFilter.java:201)
	at org.springframework.web.filter.OncePerRequestFilter.doFilter(OncePerRequestFilter.java:116)
	at org.apache.catalina.core.ApplicationFilterChain.internalDoFilter(ApplicationFilterChain.java:164)
	at org.apache.catalina.core.ApplicationFilterChain.doFilter(ApplicationFilterChain.java:140)
	at org.apache.catalina.core.StandardWrapperValve.invoke(StandardWrapperValve.java:167)
	at org.apache.catalina.core.StandardContextValve.invoke(StandardContextValve.java:90)
	at org.apache.catalina.authenticator.AuthenticatorBase.invoke(AuthenticatorBase.java:483)
	at org.apache.catalina.core.StandardHostValve.invoke(StandardHostValve.java:115)
	at org.apache.catalina.valves.ErrorReportValve.invoke(ErrorReportValve.java:93)
	at org.apache.catalina.core.StandardEngineValve.invoke(StandardEngineValve.java:74)
	at org.apache.catalina.connector.CoyoteAdapter.service(CoyoteAdapter.java:344)
	at org.apache.coyote.http11.Http11Processor.service(Http11Processor.java:389)
	at org.apache.coyote.AbstractProcessorLight.process(AbstractProcessorLight.java:63)
	at org.apache.coyote.AbstractProtocol$ConnectionHandler.process(AbstractProtocol.java:904)
	at org.apache.tomcat.util.net.NioEndpoint$SocketProcessor.doRun(NioEndpoint.java:1741)
	at org.apache.tomcat.util.net.SocketProcessorBase.run(SocketProcessorBase.java:52)
	at org.apache.tomcat.util.threads.ThreadPoolExecutor.runWorker(ThreadPoolExecutor.java:1190)
	at org.apache.tomcat.util.threads.ThreadPoolExecutor$Worker.run(ThreadPoolExecutor.java:659)
	at org.apache.tomcat.util.threads.TaskThread$WrappingRunnable.run(TaskThread.java:63)
	at java.base/java.lang.Thread.run(Thread.java:833)
2024-08-13 07:38:20,489 DEBUG o.s.s.w.FilterChainProxy [http-nio-7777-exec-9] Securing GET /error
2024-08-13 07:38:20,525 DEBUG o.s.s.w.a.AnonymousAuthenticationFilter [http-nio-7777-exec-9] Set SecurityContextHolder to anonymous SecurityContext
2024-08-13 07:38:20,574 DEBUG o.s.s.w.a.Http403ForbiddenEntryPoint [http-nio-7777-exec-9] Pre-authenticated entry point called. Rejecting access
2024-08-13 07:38:20,618 DEBUG o.s.s.w.FilterChainProxy [http-nio-7777-exec-1] Securing GET /api/users/all
2024-08-13 07:38:20,618 ERROR o.a.j.l.DirectJDKLog [http-nio-7777-exec-1] Servlet.service() for servlet [dispatcherServlet] in context with path [] threw exception
io.jsonwebtoken.ExpiredJwtException: JWT expired at 2024-08-13T02:08:14Z. Current time: 2024-08-13T02:08:20Z, a difference of 6618 milliseconds.  Allowed clock skew: 0 milliseconds.
	at io.jsonwebtoken.impl.DefaultJwtParser.parse(DefaultJwtParser.java:427)
	at io.jsonwebtoken.impl.DefaultJwtParser.parse(DefaultJwtParser.java:529)
	at io.jsonwebtoken.impl.DefaultJwtParser.parseClaimsJws(DefaultJwtParser.java:589)
	at io.jsonwebtoken.impl.ImmutableJwtParser.parseClaimsJws(ImmutableJwtParser.java:173)
	at com.max.quizspring.config.JwtToken.extractAllClaims(JwtToken.java:36)
	at com.max.quizspring.config.JwtToken.extraClaim(JwtToken.java:31)
	at com.max.quizspring.config.JwtToken.extractUsername(JwtToken.java:23)
	at com.max.quizspring.config.JwtAuthenticationFilter.doFilterInternal(JwtAuthenticationFilter.java:41)
	at org.springframework.web.filter.OncePerRequestFilter.doFilter(OncePerRequestFilter.java:116)
	at org.springframework.security.web.FilterChainProxy$VirtualFilterChain.doFilter(FilterChainProxy.java:374)
	at org.springframework.security.web.authentication.logout.LogoutFilter.doFilter(LogoutFilter.java:107)
	at org.springframework.security.web.authentication.logout.LogoutFilter.doFilter(LogoutFilter.java:93)
	at org.springframework.security.web.FilterChainProxy$VirtualFilterChain.doFilter(FilterChainProxy.java:374)
	at org.springframework.web.filter.CorsFilter.doFilterInternal(CorsFilter.java:91)
	at org.springframework.web.filter.OncePerRequestFilter.doFilter(OncePerRequestFilter.java:116)
	at org.springframework.security.web.FilterChainProxy$VirtualFilterChain.doFilter(FilterChainProxy.java:374)
	at org.springframework.security.web.header.HeaderWriterFilter.doHeadersAfter(HeaderWriterFilter.java:90)
	at org.springframework.security.web.header.HeaderWriterFilter.doFilterInternal(HeaderWriterFilter.java:75)
	at org.springframework.web.filter.OncePerRequestFilter.doFilter(OncePerRequestFilter.java:116)
	at org.springframework.security.web.FilterChainProxy$VirtualFilterChain.doFilter(FilterChainProxy.java:374)
	at org.springframework.security.web.context.SecurityContextHolderFilter.doFilter(SecurityContextHolderFilter.java:82)
	at org.springframework.security.web.context.SecurityContextHolderFilter.doFilter(SecurityContextHolderFilter.java:69)
	at org.springframework.security.web.FilterChainProxy$VirtualFilterChain.doFilter(FilterChainProxy.java:374)
	at org.springframework.security.web.context.request.async.WebAsyncManagerIntegrationFilter.doFilterInternal(WebAsyncManagerIntegrationFilter.java:62)
	at org.springframework.web.filter.OncePerRequestFilter.doFilter(OncePerRequestFilter.java:116)
	at org.springframework.security.web.FilterChainProxy$VirtualFilterChain.doFilter(FilterChainProxy.java:374)
	at org.springframework.security.web.session.DisableEncodeUrlFilter.doFilterInternal(DisableEncodeUrlFilter.java:42)
	at org.springframework.web.filter.OncePerRequestFilter.doFilter(OncePerRequestFilter.java:116)
	at org.springframework.security.web.FilterChainProxy$VirtualFilterChain.doFilter(FilterChainProxy.java:374)
	at org.springframework.security.web.FilterChainProxy.doFilterInternal(FilterChainProxy.java:233)
	at org.springframework.security.web.FilterChainProxy.doFilter(FilterChainProxy.java:191)
	at org.springframework.web.filter.CompositeFilter$VirtualFilterChain.doFilter(CompositeFilter.java:113)
	at org.springframework.web.servlet.handler.HandlerMappingIntrospector.lambda$createCacheFilter$3(HandlerMappingIntrospector.java:195)
	at org.springframework.web.filter.CompositeFilter$VirtualFilterChain.doFilter(CompositeFilter.java:113)
	at org.springframework.web.filter.CompositeFilter.doFilter(CompositeFilter.java:74)
	at org.springframework.security.config.annotation.web.configuration.WebMvcSecurityConfiguration$CompositeFilterChainProxy.doFilter(WebMvcSecurityConfiguration.java:230)
	at org.springframework.web.filter.DelegatingFilterProxy.invokeDelegate(DelegatingFilterProxy.java:352)
	at org.springframework.web.filter.DelegatingFilterProxy.doFilter(DelegatingFilterProxy.java:268)
	at org.apache.catalina.core.ApplicationFilterChain.internalDoFilter(ApplicationFilterChain.java:164)
	at org.apache.catalina.core.ApplicationFilterChain.doFilter(ApplicationFilterChain.java:140)
	at org.springframework.web.filter.RequestContextFilter.doFilterInternal(RequestContextFilter.java:100)
	at org.springframework.web.filter.OncePerRequestFilter.doFilter(OncePerRequestFilter.java:116)
	at org.apache.catalina.core.ApplicationFilterChain.internalDoFilter(ApplicationFilterChain.java:164)
	at org.apache.catalina.core.ApplicationFilterChain.doFilter(ApplicationFilterChain.java:140)
	at org.springframework.web.filter.FormContentFilter.doFilterInternal(FormContentFilter.java:93)
	at org.springframework.web.filter.OncePerRequestFilter.doFilter(OncePerRequestFilter.java:116)
	at org.apache.catalina.core.ApplicationFilterChain.internalDoFilter(ApplicationFilterChain.java:164)
	at org.apache.catalina.core.ApplicationFilterChain.doFilter(ApplicationFilterChain.java:140)
	at org.springframework.web.filter.CharacterEncodingFilter.doFilterInternal(CharacterEncodingFilter.java:201)
	at org.springframework.web.filter.OncePerRequestFilter.doFilter(OncePerRequestFilter.java:116)
	at org.apache.catalina.core.ApplicationFilterChain.internalDoFilter(ApplicationFilterChain.java:164)
	at org.apache.catalina.core.ApplicationFilterChain.doFilter(ApplicationFilterChain.java:140)
	at org.apache.catalina.core.StandardWrapperValve.invoke(StandardWrapperValve.java:167)
	at org.apache.catalina.core.StandardContextValve.invoke(StandardContextValve.java:90)
	at org.apache.catalina.authenticator.AuthenticatorBase.invoke(AuthenticatorBase.java:483)
	at org.apache.catalina.core.StandardHostValve.invoke(StandardHostValve.java:115)
	at org.apache.catalina.valves.ErrorReportValve.invoke(ErrorReportValve.java:93)
	at org.apache.catalina.core.StandardEngineValve.invoke(StandardEngineValve.java:74)
	at org.apache.catalina.connector.CoyoteAdapter.service(CoyoteAdapter.java:344)
	at org.apache.coyote.http11.Http11Processor.service(Http11Processor.java:389)
	at org.apache.coyote.AbstractProcessorLight.process(AbstractProcessorLight.java:63)
	at org.apache.coyote.AbstractProtocol$ConnectionHandler.process(AbstractProtocol.java:904)
	at org.apache.tomcat.util.net.NioEndpoint$SocketProcessor.doRun(NioEndpoint.java:1741)
	at org.apache.tomcat.util.net.SocketProcessorBase.run(SocketProcessorBase.java:52)
	at org.apache.tomcat.util.threads.ThreadPoolExecutor.runWorker(ThreadPoolExecutor.java:1190)
	at org.apache.tomcat.util.threads.ThreadPoolExecutor$Worker.run(ThreadPoolExecutor.java:659)
	at org.apache.tomcat.util.threads.TaskThread$WrappingRunnable.run(TaskThread.java:63)
	at java.base/java.lang.Thread.run(Thread.java:833)
2024-08-13 07:38:20,653 DEBUG o.s.s.w.FilterChainProxy [http-nio-7777-exec-1] Securing GET /error
2024-08-13 07:38:20,653 DEBUG o.s.s.w.a.AnonymousAuthenticationFilter [http-nio-7777-exec-1] Set SecurityContextHolder to anonymous SecurityContext
2024-08-13 07:38:20,664 DEBUG o.s.s.w.a.Http403ForbiddenEntryPoint [http-nio-7777-exec-1] Pre-authenticated entry point called. Rejecting access
2024-08-13 07:39:24,082 DEBUG o.s.s.w.FilterChainProxy [http-nio-7777-exec-4] Securing OPTIONS /api/users/all
2024-08-13 07:39:24,111 DEBUG o.s.s.w.FilterChainProxy [http-nio-7777-exec-2] Securing OPTIONS /api/users/all
2024-08-13 07:39:24,111 DEBUG o.s.s.w.FilterChainProxy [http-nio-7777-exec-6] Securing GET /api/users/all
2024-08-13 07:39:24,130 ERROR o.a.j.l.DirectJDKLog [http-nio-7777-exec-6] Servlet.service() for servlet [dispatcherServlet] in context with path [] threw exception
io.jsonwebtoken.ExpiredJwtException: JWT expired at 2024-08-13T02:08:14Z. Current time: 2024-08-13T02:09:24Z, a difference of 70129 milliseconds.  Allowed clock skew: 0 milliseconds.
	at io.jsonwebtoken.impl.DefaultJwtParser.parse(DefaultJwtParser.java:427)
	at io.jsonwebtoken.impl.DefaultJwtParser.parse(DefaultJwtParser.java:529)
	at io.jsonwebtoken.impl.DefaultJwtParser.parseClaimsJws(DefaultJwtParser.java:589)
	at io.jsonwebtoken.impl.ImmutableJwtParser.parseClaimsJws(ImmutableJwtParser.java:173)
	at com.max.quizspring.config.JwtToken.extractAllClaims(JwtToken.java:36)
	at com.max.quizspring.config.JwtToken.extraClaim(JwtToken.java:31)
	at com.max.quizspring.config.JwtToken.extractUsername(JwtToken.java:23)
	at com.max.quizspring.config.JwtAuthenticationFilter.doFilterInternal(JwtAuthenticationFilter.java:41)
	at org.springframework.web.filter.OncePerRequestFilter.doFilter(OncePerRequestFilter.java:116)
	at org.springframework.security.web.FilterChainProxy$VirtualFilterChain.doFilter(FilterChainProxy.java:374)
	at org.springframework.security.web.authentication.logout.LogoutFilter.doFilter(LogoutFilter.java:107)
	at org.springframework.security.web.authentication.logout.LogoutFilter.doFilter(LogoutFilter.java:93)
	at org.springframework.security.web.FilterChainProxy$VirtualFilterChain.doFilter(FilterChainProxy.java:374)
	at org.springframework.web.filter.CorsFilter.doFilterInternal(CorsFilter.java:91)
	at org.springframework.web.filter.OncePerRequestFilter.doFilter(OncePerRequestFilter.java:116)
	at org.springframework.security.web.FilterChainProxy$VirtualFilterChain.doFilter(FilterChainProxy.java:374)
	at org.springframework.security.web.header.HeaderWriterFilter.doHeadersAfter(HeaderWriterFilter.java:90)
	at org.springframework.security.web.header.HeaderWriterFilter.doFilterInternal(HeaderWriterFilter.java:75)
	at org.springframework.web.filter.OncePerRequestFilter.doFilter(OncePerRequestFilter.java:116)
	at org.springframework.security.web.FilterChainProxy$VirtualFilterChain.doFilter(FilterChainProxy.java:374)
	at org.springframework.security.web.context.SecurityContextHolderFilter.doFilter(SecurityContextHolderFilter.java:82)
	at org.springframework.security.web.context.SecurityContextHolderFilter.doFilter(SecurityContextHolderFilter.java:69)
	at org.springframework.security.web.FilterChainProxy$VirtualFilterChain.doFilter(FilterChainProxy.java:374)
	at org.springframework.security.web.context.request.async.WebAsyncManagerIntegrationFilter.doFilterInternal(WebAsyncManagerIntegrationFilter.java:62)
	at org.springframework.web.filter.OncePerRequestFilter.doFilter(OncePerRequestFilter.java:116)
	at org.springframework.security.web.FilterChainProxy$VirtualFilterChain.doFilter(FilterChainProxy.java:374)
	at org.springframework.security.web.session.DisableEncodeUrlFilter.doFilterInternal(DisableEncodeUrlFilter.java:42)
	at org.springframework.web.filter.OncePerRequestFilter.doFilter(OncePerRequestFilter.java:116)
	at org.springframework.security.web.FilterChainProxy$VirtualFilterChain.doFilter(FilterChainProxy.java:374)
	at org.springframework.security.web.FilterChainProxy.doFilterInternal(FilterChainProxy.java:233)
	at org.springframework.security.web.FilterChainProxy.doFilter(FilterChainProxy.java:191)
	at org.springframework.web.filter.CompositeFilter$VirtualFilterChain.doFilter(CompositeFilter.java:113)
	at org.springframework.web.servlet.handler.HandlerMappingIntrospector.lambda$createCacheFilter$3(HandlerMappingIntrospector.java:195)
	at org.springframework.web.filter.CompositeFilter$VirtualFilterChain.doFilter(CompositeFilter.java:113)
	at org.springframework.web.filter.CompositeFilter.doFilter(CompositeFilter.java:74)
	at org.springframework.security.config.annotation.web.configuration.WebMvcSecurityConfiguration$CompositeFilterChainProxy.doFilter(WebMvcSecurityConfiguration.java:230)
	at org.springframework.web.filter.DelegatingFilterProxy.invokeDelegate(DelegatingFilterProxy.java:352)
	at org.springframework.web.filter.DelegatingFilterProxy.doFilter(DelegatingFilterProxy.java:268)
	at org.apache.catalina.core.ApplicationFilterChain.internalDoFilter(ApplicationFilterChain.java:164)
	at org.apache.catalina.core.ApplicationFilterChain.doFilter(ApplicationFilterChain.java:140)
	at org.springframework.web.filter.RequestContextFilter.doFilterInternal(RequestContextFilter.java:100)
	at org.springframework.web.filter.OncePerRequestFilter.doFilter(OncePerRequestFilter.java:116)
	at org.apache.catalina.core.ApplicationFilterChain.internalDoFilter(ApplicationFilterChain.java:164)
	at org.apache.catalina.core.ApplicationFilterChain.doFilter(ApplicationFilterChain.java:140)
	at org.springframework.web.filter.FormContentFilter.doFilterInternal(FormContentFilter.java:93)
	at org.springframework.web.filter.OncePerRequestFilter.doFilter(OncePerRequestFilter.java:116)
	at org.apache.catalina.core.ApplicationFilterChain.internalDoFilter(ApplicationFilterChain.java:164)
	at org.apache.catalina.core.ApplicationFilterChain.doFilter(ApplicationFilterChain.java:140)
	at org.springframework.web.filter.CharacterEncodingFilter.doFilterInternal(CharacterEncodingFilter.java:201)
	at org.springframework.web.filter.OncePerRequestFilter.doFilter(OncePerRequestFilter.java:116)
	at org.apache.catalina.core.ApplicationFilterChain.internalDoFilter(ApplicationFilterChain.java:164)
	at org.apache.catalina.core.ApplicationFilterChain.doFilter(ApplicationFilterChain.java:140)
	at org.apache.catalina.core.StandardWrapperValve.invoke(StandardWrapperValve.java:167)
	at org.apache.catalina.core.StandardContextValve.invoke(StandardContextValve.java:90)
	at org.apache.catalina.authenticator.AuthenticatorBase.invoke(AuthenticatorBase.java:483)
	at org.apache.catalina.core.StandardHostValve.invoke(StandardHostValve.java:115)
	at org.apache.catalina.valves.ErrorReportValve.invoke(ErrorReportValve.java:93)
	at org.apache.catalina.core.StandardEngineValve.invoke(StandardEngineValve.java:74)
	at org.apache.catalina.connector.CoyoteAdapter.service(CoyoteAdapter.java:344)
	at org.apache.coyote.http11.Http11Processor.service(Http11Processor.java:389)
	at org.apache.coyote.AbstractProcessorLight.process(AbstractProcessorLight.java:63)
	at org.apache.coyote.AbstractProtocol$ConnectionHandler.process(AbstractProtocol.java:904)
	at org.apache.tomcat.util.net.NioEndpoint$SocketProcessor.doRun(NioEndpoint.java:1741)
	at org.apache.tomcat.util.net.SocketProcessorBase.run(SocketProcessorBase.java:52)
	at org.apache.tomcat.util.threads.ThreadPoolExecutor.runWorker(ThreadPoolExecutor.java:1190)
	at org.apache.tomcat.util.threads.ThreadPoolExecutor$Worker.run(ThreadPoolExecutor.java:659)
	at org.apache.tomcat.util.threads.TaskThread$WrappingRunnable.run(TaskThread.java:63)
	at java.base/java.lang.Thread.run(Thread.java:833)
2024-08-13 07:39:24,179 DEBUG o.s.s.w.FilterChainProxy [http-nio-7777-exec-6] Securing GET /error
2024-08-13 07:39:24,181 DEBUG o.s.s.w.a.AnonymousAuthenticationFilter [http-nio-7777-exec-6] Set SecurityContextHolder to anonymous SecurityContext
2024-08-13 07:39:24,191 DEBUG o.s.s.w.a.Http403ForbiddenEntryPoint [http-nio-7777-exec-6] Pre-authenticated entry point called. Rejecting access
2024-08-13 07:39:24,210 DEBUG o.s.s.w.FilterChainProxy [http-nio-7777-exec-10] Securing GET /api/users/all
2024-08-13 07:39:24,224 ERROR o.a.j.l.DirectJDKLog [http-nio-7777-exec-10] Servlet.service() for servlet [dispatcherServlet] in context with path [] threw exception
io.jsonwebtoken.ExpiredJwtException: JWT expired at 2024-08-13T02:08:14Z. Current time: 2024-08-13T02:09:24Z, a difference of 70223 milliseconds.  Allowed clock skew: 0 milliseconds.
	at io.jsonwebtoken.impl.DefaultJwtParser.parse(DefaultJwtParser.java:427)
	at io.jsonwebtoken.impl.DefaultJwtParser.parse(DefaultJwtParser.java:529)
	at io.jsonwebtoken.impl.DefaultJwtParser.parseClaimsJws(DefaultJwtParser.java:589)
	at io.jsonwebtoken.impl.ImmutableJwtParser.parseClaimsJws(ImmutableJwtParser.java:173)
	at com.max.quizspring.config.JwtToken.extractAllClaims(JwtToken.java:36)
	at com.max.quizspring.config.JwtToken.extraClaim(JwtToken.java:31)
	at com.max.quizspring.config.JwtToken.extractUsername(JwtToken.java:23)
	at com.max.quizspring.config.JwtAuthenticationFilter.doFilterInternal(JwtAuthenticationFilter.java:41)
	at org.springframework.web.filter.OncePerRequestFilter.doFilter(OncePerRequestFilter.java:116)
	at org.springframework.security.web.FilterChainProxy$VirtualFilterChain.doFilter(FilterChainProxy.java:374)
	at org.springframework.security.web.authentication.logout.LogoutFilter.doFilter(LogoutFilter.java:107)
	at org.springframework.security.web.authentication.logout.LogoutFilter.doFilter(LogoutFilter.java:93)
	at org.springframework.security.web.FilterChainProxy$VirtualFilterChain.doFilter(FilterChainProxy.java:374)
	at org.springframework.web.filter.CorsFilter.doFilterInternal(CorsFilter.java:91)
	at org.springframework.web.filter.OncePerRequestFilter.doFilter(OncePerRequestFilter.java:116)
	at org.springframework.security.web.FilterChainProxy$VirtualFilterChain.doFilter(FilterChainProxy.java:374)
	at org.springframework.security.web.header.HeaderWriterFilter.doHeadersAfter(HeaderWriterFilter.java:90)
	at org.springframework.security.web.header.HeaderWriterFilter.doFilterInternal(HeaderWriterFilter.java:75)
	at org.springframework.web.filter.OncePerRequestFilter.doFilter(OncePerRequestFilter.java:116)
	at org.springframework.security.web.FilterChainProxy$VirtualFilterChain.doFilter(FilterChainProxy.java:374)
	at org.springframework.security.web.context.SecurityContextHolderFilter.doFilter(SecurityContextHolderFilter.java:82)
	at org.springframework.security.web.context.SecurityContextHolderFilter.doFilter(SecurityContextHolderFilter.java:69)
	at org.springframework.security.web.FilterChainProxy$VirtualFilterChain.doFilter(FilterChainProxy.java:374)
	at org.springframework.security.web.context.request.async.WebAsyncManagerIntegrationFilter.doFilterInternal(WebAsyncManagerIntegrationFilter.java:62)
	at org.springframework.web.filter.OncePerRequestFilter.doFilter(OncePerRequestFilter.java:116)
	at org.springframework.security.web.FilterChainProxy$VirtualFilterChain.doFilter(FilterChainProxy.java:374)
	at org.springframework.security.web.session.DisableEncodeUrlFilter.doFilterInternal(DisableEncodeUrlFilter.java:42)
	at org.springframework.web.filter.OncePerRequestFilter.doFilter(OncePerRequestFilter.java:116)
	at org.springframework.security.web.FilterChainProxy$VirtualFilterChain.doFilter(FilterChainProxy.java:374)
	at org.springframework.security.web.FilterChainProxy.doFilterInternal(FilterChainProxy.java:233)
	at org.springframework.security.web.FilterChainProxy.doFilter(FilterChainProxy.java:191)
	at org.springframework.web.filter.CompositeFilter$VirtualFilterChain.doFilter(CompositeFilter.java:113)
	at org.springframework.web.servlet.handler.HandlerMappingIntrospector.lambda$createCacheFilter$3(HandlerMappingIntrospector.java:195)
	at org.springframework.web.filter.CompositeFilter$VirtualFilterChain.doFilter(CompositeFilter.java:113)
	at org.springframework.web.filter.CompositeFilter.doFilter(CompositeFilter.java:74)
	at org.springframework.security.config.annotation.web.configuration.WebMvcSecurityConfiguration$CompositeFilterChainProxy.doFilter(WebMvcSecurityConfiguration.java:230)
	at org.springframework.web.filter.DelegatingFilterProxy.invokeDelegate(DelegatingFilterProxy.java:352)
	at org.springframework.web.filter.DelegatingFilterProxy.doFilter(DelegatingFilterProxy.java:268)
	at org.apache.catalina.core.ApplicationFilterChain.internalDoFilter(ApplicationFilterChain.java:164)
	at org.apache.catalina.core.ApplicationFilterChain.doFilter(ApplicationFilterChain.java:140)
	at org.springframework.web.filter.RequestContextFilter.doFilterInternal(RequestContextFilter.java:100)
	at org.springframework.web.filter.OncePerRequestFilter.doFilter(OncePerRequestFilter.java:116)
	at org.apache.catalina.core.ApplicationFilterChain.internalDoFilter(ApplicationFilterChain.java:164)
	at org.apache.catalina.core.ApplicationFilterChain.doFilter(ApplicationFilterChain.java:140)
	at org.springframework.web.filter.FormContentFilter.doFilterInternal(FormContentFilter.java:93)
	at org.springframework.web.filter.OncePerRequestFilter.doFilter(OncePerRequestFilter.java:116)
	at org.apache.catalina.core.ApplicationFilterChain.internalDoFilter(ApplicationFilterChain.java:164)
	at org.apache.catalina.core.ApplicationFilterChain.doFilter(ApplicationFilterChain.java:140)
	at org.springframework.web.filter.CharacterEncodingFilter.doFilterInternal(CharacterEncodingFilter.java:201)
	at org.springframework.web.filter.OncePerRequestFilter.doFilter(OncePerRequestFilter.java:116)
	at org.apache.catalina.core.ApplicationFilterChain.internalDoFilter(ApplicationFilterChain.java:164)
	at org.apache.catalina.core.ApplicationFilterChain.doFilter(ApplicationFilterChain.java:140)
	at org.apache.catalina.core.StandardWrapperValve.invoke(StandardWrapperValve.java:167)
	at org.apache.catalina.core.StandardContextValve.invoke(StandardContextValve.java:90)
	at org.apache.catalina.authenticator.AuthenticatorBase.invoke(AuthenticatorBase.java:483)
	at org.apache.catalina.core.StandardHostValve.invoke(StandardHostValve.java:115)
	at org.apache.catalina.valves.ErrorReportValve.invoke(ErrorReportValve.java:93)
	at org.apache.catalina.core.StandardEngineValve.invoke(StandardEngineValve.java:74)
	at org.apache.catalina.connector.CoyoteAdapter.service(CoyoteAdapter.java:344)
	at org.apache.coyote.http11.Http11Processor.service(Http11Processor.java:389)
	at org.apache.coyote.AbstractProcessorLight.process(AbstractProcessorLight.java:63)
	at org.apache.coyote.AbstractProtocol$ConnectionHandler.process(AbstractProtocol.java:904)
	at org.apache.tomcat.util.net.NioEndpoint$SocketProcessor.doRun(NioEndpoint.java:1741)
	at org.apache.tomcat.util.net.SocketProcessorBase.run(SocketProcessorBase.java:52)
	at org.apache.tomcat.util.threads.ThreadPoolExecutor.runWorker(ThreadPoolExecutor.java:1190)
	at org.apache.tomcat.util.threads.ThreadPoolExecutor$Worker.run(ThreadPoolExecutor.java:659)
	at org.apache.tomcat.util.threads.TaskThread$WrappingRunnable.run(TaskThread.java:63)
	at java.base/java.lang.Thread.run(Thread.java:833)
2024-08-13 07:39:24,259 DEBUG o.s.s.w.FilterChainProxy [http-nio-7777-exec-10] Securing GET /error
2024-08-13 07:39:24,260 DEBUG o.s.s.w.a.AnonymousAuthenticationFilter [http-nio-7777-exec-10] Set SecurityContextHolder to anonymous SecurityContext
2024-08-13 07:39:24,262 DEBUG o.s.s.w.a.Http403ForbiddenEntryPoint [http-nio-7777-exec-10] Pre-authenticated entry point called. Rejecting access
2024-08-13 07:39:31,943 DEBUG o.s.s.w.FilterChainProxy [http-nio-7777-exec-3] Securing OPTIONS /api/user/companies
2024-08-13 07:39:31,943 DEBUG o.s.s.w.FilterChainProxy [http-nio-7777-exec-8] Securing OPTIONS /api/user/companies
2024-08-13 07:39:31,958 DEBUG o.s.s.w.FilterChainProxy [http-nio-7777-exec-9] Securing GET /api/user/companies
2024-08-13 07:39:31,971 ERROR o.a.j.l.DirectJDKLog [http-nio-7777-exec-9] Servlet.service() for servlet [dispatcherServlet] in context with path [] threw exception
io.jsonwebtoken.ExpiredJwtException: JWT expired at 2024-08-13T02:08:14Z. Current time: 2024-08-13T02:09:31Z, a difference of 77970 milliseconds.  Allowed clock skew: 0 milliseconds.
	at io.jsonwebtoken.impl.DefaultJwtParser.parse(DefaultJwtParser.java:427)
	at io.jsonwebtoken.impl.DefaultJwtParser.parse(DefaultJwtParser.java:529)
	at io.jsonwebtoken.impl.DefaultJwtParser.parseClaimsJws(DefaultJwtParser.java:589)
	at io.jsonwebtoken.impl.ImmutableJwtParser.parseClaimsJws(ImmutableJwtParser.java:173)
	at com.max.quizspring.config.JwtToken.extractAllClaims(JwtToken.java:36)
	at com.max.quizspring.config.JwtToken.extraClaim(JwtToken.java:31)
	at com.max.quizspring.config.JwtToken.extractUsername(JwtToken.java:23)
	at com.max.quizspring.config.JwtAuthenticationFilter.doFilterInternal(JwtAuthenticationFilter.java:41)
	at org.springframework.web.filter.OncePerRequestFilter.doFilter(OncePerRequestFilter.java:116)
	at org.springframework.security.web.FilterChainProxy$VirtualFilterChain.doFilter(FilterChainProxy.java:374)
	at org.springframework.security.web.authentication.logout.LogoutFilter.doFilter(LogoutFilter.java:107)
	at org.springframework.security.web.authentication.logout.LogoutFilter.doFilter(LogoutFilter.java:93)
	at org.springframework.security.web.FilterChainProxy$VirtualFilterChain.doFilter(FilterChainProxy.java:374)
	at org.springframework.web.filter.CorsFilter.doFilterInternal(CorsFilter.java:91)
	at org.springframework.web.filter.OncePerRequestFilter.doFilter(OncePerRequestFilter.java:116)
	at org.springframework.security.web.FilterChainProxy$VirtualFilterChain.doFilter(FilterChainProxy.java:374)
	at org.springframework.security.web.header.HeaderWriterFilter.doHeadersAfter(HeaderWriterFilter.java:90)
	at org.springframework.security.web.header.HeaderWriterFilter.doFilterInternal(HeaderWriterFilter.java:75)
	at org.springframework.web.filter.OncePerRequestFilter.doFilter(OncePerRequestFilter.java:116)
	at org.springframework.security.web.FilterChainProxy$VirtualFilterChain.doFilter(FilterChainProxy.java:374)
	at org.springframework.security.web.context.SecurityContextHolderFilter.doFilter(SecurityContextHolderFilter.java:82)
	at org.springframework.security.web.context.SecurityContextHolderFilter.doFilter(SecurityContextHolderFilter.java:69)
	at org.springframework.security.web.FilterChainProxy$VirtualFilterChain.doFilter(FilterChainProxy.java:374)
	at org.springframework.security.web.context.request.async.WebAsyncManagerIntegrationFilter.doFilterInternal(WebAsyncManagerIntegrationFilter.java:62)
	at org.springframework.web.filter.OncePerRequestFilter.doFilter(OncePerRequestFilter.java:116)
	at org.springframework.security.web.FilterChainProxy$VirtualFilterChain.doFilter(FilterChainProxy.java:374)
	at org.springframework.security.web.session.DisableEncodeUrlFilter.doFilterInternal(DisableEncodeUrlFilter.java:42)
	at org.springframework.web.filter.OncePerRequestFilter.doFilter(OncePerRequestFilter.java:116)
	at org.springframework.security.web.FilterChainProxy$VirtualFilterChain.doFilter(FilterChainProxy.java:374)
	at org.springframework.security.web.FilterChainProxy.doFilterInternal(FilterChainProxy.java:233)
	at org.springframework.security.web.FilterChainProxy.doFilter(FilterChainProxy.java:191)
	at org.springframework.web.filter.CompositeFilter$VirtualFilterChain.doFilter(CompositeFilter.java:113)
	at org.springframework.web.servlet.handler.HandlerMappingIntrospector.lambda$createCacheFilter$3(HandlerMappingIntrospector.java:195)
	at org.springframework.web.filter.CompositeFilter$VirtualFilterChain.doFilter(CompositeFilter.java:113)
	at org.springframework.web.filter.CompositeFilter.doFilter(CompositeFilter.java:74)
	at org.springframework.security.config.annotation.web.configuration.WebMvcSecurityConfiguration$CompositeFilterChainProxy.doFilter(WebMvcSecurityConfiguration.java:230)
	at org.springframework.web.filter.DelegatingFilterProxy.invokeDelegate(DelegatingFilterProxy.java:352)
	at org.springframework.web.filter.DelegatingFilterProxy.doFilter(DelegatingFilterProxy.java:268)
	at org.apache.catalina.core.ApplicationFilterChain.internalDoFilter(ApplicationFilterChain.java:164)
	at org.apache.catalina.core.ApplicationFilterChain.doFilter(ApplicationFilterChain.java:140)
	at org.springframework.web.filter.RequestContextFilter.doFilterInternal(RequestContextFilter.java:100)
	at org.springframework.web.filter.OncePerRequestFilter.doFilter(OncePerRequestFilter.java:116)
	at org.apache.catalina.core.ApplicationFilterChain.internalDoFilter(ApplicationFilterChain.java:164)
	at org.apache.catalina.core.ApplicationFilterChain.doFilter(ApplicationFilterChain.java:140)
	at org.springframework.web.filter.FormContentFilter.doFilterInternal(FormContentFilter.java:93)
	at org.springframework.web.filter.OncePerRequestFilter.doFilter(OncePerRequestFilter.java:116)
	at org.apache.catalina.core.ApplicationFilterChain.internalDoFilter(ApplicationFilterChain.java:164)
	at org.apache.catalina.core.ApplicationFilterChain.doFilter(ApplicationFilterChain.java:140)
	at org.springframework.web.filter.CharacterEncodingFilter.doFilterInternal(CharacterEncodingFilter.java:201)
	at org.springframework.web.filter.OncePerRequestFilter.doFilter(OncePerRequestFilter.java:116)
	at org.apache.catalina.core.ApplicationFilterChain.internalDoFilter(ApplicationFilterChain.java:164)
	at org.apache.catalina.core.ApplicationFilterChain.doFilter(ApplicationFilterChain.java:140)
	at org.apache.catalina.core.StandardWrapperValve.invoke(StandardWrapperValve.java:167)
	at org.apache.catalina.core.StandardContextValve.invoke(StandardContextValve.java:90)
	at org.apache.catalina.authenticator.AuthenticatorBase.invoke(AuthenticatorBase.java:483)
	at org.apache.catalina.core.StandardHostValve.invoke(StandardHostValve.java:115)
	at org.apache.catalina.valves.ErrorReportValve.invoke(ErrorReportValve.java:93)
	at org.apache.catalina.core.StandardEngineValve.invoke(StandardEngineValve.java:74)
	at org.apache.catalina.connector.CoyoteAdapter.service(CoyoteAdapter.java:344)
	at org.apache.coyote.http11.Http11Processor.service(Http11Processor.java:389)
	at org.apache.coyote.AbstractProcessorLight.process(AbstractProcessorLight.java:63)
	at org.apache.coyote.AbstractProtocol$ConnectionHandler.process(AbstractProtocol.java:904)
	at org.apache.tomcat.util.net.NioEndpoint$SocketProcessor.doRun(NioEndpoint.java:1741)
	at org.apache.tomcat.util.net.SocketProcessorBase.run(SocketProcessorBase.java:52)
	at org.apache.tomcat.util.threads.ThreadPoolExecutor.runWorker(ThreadPoolExecutor.java:1190)
	at org.apache.tomcat.util.threads.ThreadPoolExecutor$Worker.run(ThreadPoolExecutor.java:659)
	at org.apache.tomcat.util.threads.TaskThread$WrappingRunnable.run(TaskThread.java:63)
	at java.base/java.lang.Thread.run(Thread.java:833)
2024-08-13 07:39:32,029 DEBUG o.s.s.w.FilterChainProxy [http-nio-7777-exec-9] Securing GET /error
2024-08-13 07:39:32,030 DEBUG o.s.s.w.a.AnonymousAuthenticationFilter [http-nio-7777-exec-9] Set SecurityContextHolder to anonymous SecurityContext
2024-08-13 07:39:32,042 DEBUG o.s.s.w.a.Http403ForbiddenEntryPoint [http-nio-7777-exec-9] Pre-authenticated entry point called. Rejecting access
2024-08-13 07:39:32,062 DEBUG o.s.s.w.FilterChainProxy [http-nio-7777-exec-1] Securing GET /api/user/companies
2024-08-13 07:39:32,225 ERROR o.a.j.l.DirectJDKLog [http-nio-7777-exec-1] Servlet.service() for servlet [dispatcherServlet] in context with path [] threw exception
io.jsonwebtoken.ExpiredJwtException: JWT expired at 2024-08-13T02:08:14Z. Current time: 2024-08-13T02:09:32Z, a difference of 78088 milliseconds.  Allowed clock skew: 0 milliseconds.
	at io.jsonwebtoken.impl.DefaultJwtParser.parse(DefaultJwtParser.java:427)
	at io.jsonwebtoken.impl.DefaultJwtParser.parse(DefaultJwtParser.java:529)
	at io.jsonwebtoken.impl.DefaultJwtParser.parseClaimsJws(DefaultJwtParser.java:589)
	at io.jsonwebtoken.impl.ImmutableJwtParser.parseClaimsJws(ImmutableJwtParser.java:173)
	at com.max.quizspring.config.JwtToken.extractAllClaims(JwtToken.java:36)
	at com.max.quizspring.config.JwtToken.extraClaim(JwtToken.java:31)
	at com.max.quizspring.config.JwtToken.extractUsername(JwtToken.java:23)
	at com.max.quizspring.config.JwtAuthenticationFilter.doFilterInternal(JwtAuthenticationFilter.java:41)
	at org.springframework.web.filter.OncePerRequestFilter.doFilter(OncePerRequestFilter.java:116)
	at org.springframework.security.web.FilterChainProxy$VirtualFilterChain.doFilter(FilterChainProxy.java:374)
	at org.springframework.security.web.authentication.logout.LogoutFilter.doFilter(LogoutFilter.java:107)
	at org.springframework.security.web.authentication.logout.LogoutFilter.doFilter(LogoutFilter.java:93)
	at org.springframework.security.web.FilterChainProxy$VirtualFilterChain.doFilter(FilterChainProxy.java:374)
	at org.springframework.web.filter.CorsFilter.doFilterInternal(CorsFilter.java:91)
	at org.springframework.web.filter.OncePerRequestFilter.doFilter(OncePerRequestFilter.java:116)
	at org.springframework.security.web.FilterChainProxy$VirtualFilterChain.doFilter(FilterChainProxy.java:374)
	at org.springframework.security.web.header.HeaderWriterFilter.doHeadersAfter(HeaderWriterFilter.java:90)
	at org.springframework.security.web.header.HeaderWriterFilter.doFilterInternal(HeaderWriterFilter.java:75)
	at org.springframework.web.filter.OncePerRequestFilter.doFilter(OncePerRequestFilter.java:116)
	at org.springframework.security.web.FilterChainProxy$VirtualFilterChain.doFilter(FilterChainProxy.java:374)
	at org.springframework.security.web.context.SecurityContextHolderFilter.doFilter(SecurityContextHolderFilter.java:82)
	at org.springframework.security.web.context.SecurityContextHolderFilter.doFilter(SecurityContextHolderFilter.java:69)
	at org.springframework.security.web.FilterChainProxy$VirtualFilterChain.doFilter(FilterChainProxy.java:374)
	at org.springframework.security.web.context.request.async.WebAsyncManagerIntegrationFilter.doFilterInternal(WebAsyncManagerIntegrationFilter.java:62)
	at org.springframework.web.filter.OncePerRequestFilter.doFilter(OncePerRequestFilter.java:116)
	at org.springframework.security.web.FilterChainProxy$VirtualFilterChain.doFilter(FilterChainProxy.java:374)
	at org.springframework.security.web.session.DisableEncodeUrlFilter.doFilterInternal(DisableEncodeUrlFilter.java:42)
	at org.springframework.web.filter.OncePerRequestFilter.doFilter(OncePerRequestFilter.java:116)
	at org.springframework.security.web.FilterChainProxy$VirtualFilterChain.doFilter(FilterChainProxy.java:374)
	at org.springframework.security.web.FilterChainProxy.doFilterInternal(FilterChainProxy.java:233)
	at org.springframework.security.web.FilterChainProxy.doFilter(FilterChainProxy.java:191)
	at org.springframework.web.filter.CompositeFilter$VirtualFilterChain.doFilter(CompositeFilter.java:113)
	at org.springframework.web.servlet.handler.HandlerMappingIntrospector.lambda$createCacheFilter$3(HandlerMappingIntrospector.java:195)
	at org.springframework.web.filter.CompositeFilter$VirtualFilterChain.doFilter(CompositeFilter.java:113)
	at org.springframework.web.filter.CompositeFilter.doFilter(CompositeFilter.java:74)
	at org.springframework.security.config.annotation.web.configuration.WebMvcSecurityConfiguration$CompositeFilterChainProxy.doFilter(WebMvcSecurityConfiguration.java:230)
	at org.springframework.web.filter.DelegatingFilterProxy.invokeDelegate(DelegatingFilterProxy.java:352)
	at org.springframework.web.filter.DelegatingFilterProxy.doFilter(DelegatingFilterProxy.java:268)
	at org.apache.catalina.core.ApplicationFilterChain.internalDoFilter(ApplicationFilterChain.java:164)
	at org.apache.catalina.core.ApplicationFilterChain.doFilter(ApplicationFilterChain.java:140)
	at org.springframework.web.filter.RequestContextFilter.doFilterInternal(RequestContextFilter.java:100)
	at org.springframework.web.filter.OncePerRequestFilter.doFilter(OncePerRequestFilter.java:116)
	at org.apache.catalina.core.ApplicationFilterChain.internalDoFilter(ApplicationFilterChain.java:164)
	at org.apache.catalina.core.ApplicationFilterChain.doFilter(ApplicationFilterChain.java:140)
	at org.springframework.web.filter.FormContentFilter.doFilterInternal(FormContentFilter.java:93)
	at org.springframework.web.filter.OncePerRequestFilter.doFilter(OncePerRequestFilter.java:116)
	at org.apache.catalina.core.ApplicationFilterChain.internalDoFilter(ApplicationFilterChain.java:164)
	at org.apache.catalina.core.ApplicationFilterChain.doFilter(ApplicationFilterChain.java:140)
	at org.springframework.web.filter.CharacterEncodingFilter.doFilterInternal(CharacterEncodingFilter.java:201)
	at org.springframework.web.filter.OncePerRequestFilter.doFilter(OncePerRequestFilter.java:116)
	at org.apache.catalina.core.ApplicationFilterChain.internalDoFilter(ApplicationFilterChain.java:164)
	at org.apache.catalina.core.ApplicationFilterChain.doFilter(ApplicationFilterChain.java:140)
	at org.apache.catalina.core.StandardWrapperValve.invoke(StandardWrapperValve.java:167)
	at org.apache.catalina.core.StandardContextValve.invoke(StandardContextValve.java:90)
	at org.apache.catalina.authenticator.AuthenticatorBase.invoke(AuthenticatorBase.java:483)
	at org.apache.catalina.core.StandardHostValve.invoke(StandardHostValve.java:115)
	at org.apache.catalina.valves.ErrorReportValve.invoke(ErrorReportValve.java:93)
	at org.apache.catalina.core.StandardEngineValve.invoke(StandardEngineValve.java:74)
	at org.apache.catalina.connector.CoyoteAdapter.service(CoyoteAdapter.java:344)
	at org.apache.coyote.http11.Http11Processor.service(Http11Processor.java:389)
	at org.apache.coyote.AbstractProcessorLight.process(AbstractProcessorLight.java:63)
	at org.apache.coyote.AbstractProtocol$ConnectionHandler.process(AbstractProtocol.java:904)
	at org.apache.tomcat.util.net.NioEndpoint$SocketProcessor.doRun(NioEndpoint.java:1741)
	at org.apache.tomcat.util.net.SocketProcessorBase.run(SocketProcessorBase.java:52)
	at org.apache.tomcat.util.threads.ThreadPoolExecutor.runWorker(ThreadPoolExecutor.java:1190)
	at org.apache.tomcat.util.threads.ThreadPoolExecutor$Worker.run(ThreadPoolExecutor.java:659)
	at org.apache.tomcat.util.threads.TaskThread$WrappingRunnable.run(TaskThread.java:63)
	at java.base/java.lang.Thread.run(Thread.java:833)
2024-08-13 07:39:32,267 DEBUG o.s.s.w.FilterChainProxy [http-nio-7777-exec-1] Securing GET /error
2024-08-13 07:39:32,278 DEBUG o.s.s.w.a.AnonymousAuthenticationFilter [http-nio-7777-exec-1] Set SecurityContextHolder to anonymous SecurityContext
2024-08-13 07:39:32,279 DEBUG o.s.s.w.a.Http403ForbiddenEntryPoint [http-nio-7777-exec-1] Pre-authenticated entry point called. Rejecting access
2024-08-13 07:39:40,739 DEBUG o.s.s.w.FilterChainProxy [http-nio-7777-exec-2] Securing OPTIONS /api/users/email/shaikhaniscoder07@gmail.com
2024-08-13 07:39:40,753 DEBUG o.s.s.w.FilterChainProxy [http-nio-7777-exec-4] Securing OPTIONS /api/users/email/shaikhaniscoder07@gmail.com
2024-08-13 07:39:40,786 DEBUG o.s.s.w.FilterChainProxy [http-nio-7777-exec-6] Securing GET /api/users/email/shaikhaniscoder07@gmail.com
2024-08-13 07:39:40,799 ERROR o.a.j.l.DirectJDKLog [http-nio-7777-exec-6] Servlet.service() for servlet [dispatcherServlet] in context with path [] threw exception
io.jsonwebtoken.ExpiredJwtException: JWT expired at 2024-08-13T02:08:14Z. Current time: 2024-08-13T02:09:40Z, a difference of 86795 milliseconds.  Allowed clock skew: 0 milliseconds.
	at io.jsonwebtoken.impl.DefaultJwtParser.parse(DefaultJwtParser.java:427)
	at io.jsonwebtoken.impl.DefaultJwtParser.parse(DefaultJwtParser.java:529)
	at io.jsonwebtoken.impl.DefaultJwtParser.parseClaimsJws(DefaultJwtParser.java:589)
	at io.jsonwebtoken.impl.ImmutableJwtParser.parseClaimsJws(ImmutableJwtParser.java:173)
	at com.max.quizspring.config.JwtToken.extractAllClaims(JwtToken.java:36)
	at com.max.quizspring.config.JwtToken.extraClaim(JwtToken.java:31)
	at com.max.quizspring.config.JwtToken.extractUsername(JwtToken.java:23)
	at com.max.quizspring.config.JwtAuthenticationFilter.doFilterInternal(JwtAuthenticationFilter.java:41)
	at org.springframework.web.filter.OncePerRequestFilter.doFilter(OncePerRequestFilter.java:116)
	at org.springframework.security.web.FilterChainProxy$VirtualFilterChain.doFilter(FilterChainProxy.java:374)
	at org.springframework.security.web.authentication.logout.LogoutFilter.doFilter(LogoutFilter.java:107)
	at org.springframework.security.web.authentication.logout.LogoutFilter.doFilter(LogoutFilter.java:93)
	at org.springframework.security.web.FilterChainProxy$VirtualFilterChain.doFilter(FilterChainProxy.java:374)
	at org.springframework.web.filter.CorsFilter.doFilterInternal(CorsFilter.java:91)
	at org.springframework.web.filter.OncePerRequestFilter.doFilter(OncePerRequestFilter.java:116)
	at org.springframework.security.web.FilterChainProxy$VirtualFilterChain.doFilter(FilterChainProxy.java:374)
	at org.springframework.security.web.header.HeaderWriterFilter.doHeadersAfter(HeaderWriterFilter.java:90)
	at org.springframework.security.web.header.HeaderWriterFilter.doFilterInternal(HeaderWriterFilter.java:75)
	at org.springframework.web.filter.OncePerRequestFilter.doFilter(OncePerRequestFilter.java:116)
	at org.springframework.security.web.FilterChainProxy$VirtualFilterChain.doFilter(FilterChainProxy.java:374)
	at org.springframework.security.web.context.SecurityContextHolderFilter.doFilter(SecurityContextHolderFilter.java:82)
	at org.springframework.security.web.context.SecurityContextHolderFilter.doFilter(SecurityContextHolderFilter.java:69)
	at org.springframework.security.web.FilterChainProxy$VirtualFilterChain.doFilter(FilterChainProxy.java:374)
	at org.springframework.security.web.context.request.async.WebAsyncManagerIntegrationFilter.doFilterInternal(WebAsyncManagerIntegrationFilter.java:62)
	at org.springframework.web.filter.OncePerRequestFilter.doFilter(OncePerRequestFilter.java:116)
	at org.springframework.security.web.FilterChainProxy$VirtualFilterChain.doFilter(FilterChainProxy.java:374)
	at org.springframework.security.web.session.DisableEncodeUrlFilter.doFilterInternal(DisableEncodeUrlFilter.java:42)
	at org.springframework.web.filter.OncePerRequestFilter.doFilter(OncePerRequestFilter.java:116)
	at org.springframework.security.web.FilterChainProxy$VirtualFilterChain.doFilter(FilterChainProxy.java:374)
	at org.springframework.security.web.FilterChainProxy.doFilterInternal(FilterChainProxy.java:233)
	at org.springframework.security.web.FilterChainProxy.doFilter(FilterChainProxy.java:191)
	at org.springframework.web.filter.CompositeFilter$VirtualFilterChain.doFilter(CompositeFilter.java:113)
	at org.springframework.web.servlet.handler.HandlerMappingIntrospector.lambda$createCacheFilter$3(HandlerMappingIntrospector.java:195)
	at org.springframework.web.filter.CompositeFilter$VirtualFilterChain.doFilter(CompositeFilter.java:113)
	at org.springframework.web.filter.CompositeFilter.doFilter(CompositeFilter.java:74)
	at org.springframework.security.config.annotation.web.configuration.WebMvcSecurityConfiguration$CompositeFilterChainProxy.doFilter(WebMvcSecurityConfiguration.java:230)
	at org.springframework.web.filter.DelegatingFilterProxy.invokeDelegate(DelegatingFilterProxy.java:352)
	at org.springframework.web.filter.DelegatingFilterProxy.doFilter(DelegatingFilterProxy.java:268)
	at org.apache.catalina.core.ApplicationFilterChain.internalDoFilter(ApplicationFilterChain.java:164)
	at org.apache.catalina.core.ApplicationFilterChain.doFilter(ApplicationFilterChain.java:140)
	at org.springframework.web.filter.RequestContextFilter.doFilterInternal(RequestContextFilter.java:100)
	at org.springframework.web.filter.OncePerRequestFilter.doFilter(OncePerRequestFilter.java:116)
	at org.apache.catalina.core.ApplicationFilterChain.internalDoFilter(ApplicationFilterChain.java:164)
	at org.apache.catalina.core.ApplicationFilterChain.doFilter(ApplicationFilterChain.java:140)
	at org.springframework.web.filter.FormContentFilter.doFilterInternal(FormContentFilter.java:93)
	at org.springframework.web.filter.OncePerRequestFilter.doFilter(OncePerRequestFilter.java:116)
	at org.apache.catalina.core.ApplicationFilterChain.internalDoFilter(ApplicationFilterChain.java:164)
	at org.apache.catalina.core.ApplicationFilterChain.doFilter(ApplicationFilterChain.java:140)
	at org.springframework.web.filter.CharacterEncodingFilter.doFilterInternal(CharacterEncodingFilter.java:201)
	at org.springframework.web.filter.OncePerRequestFilter.doFilter(OncePerRequestFilter.java:116)
	at org.apache.catalina.core.ApplicationFilterChain.internalDoFilter(ApplicationFilterChain.java:164)
	at org.apache.catalina.core.ApplicationFilterChain.doFilter(ApplicationFilterChain.java:140)
	at org.apache.catalina.core.StandardWrapperValve.invoke(StandardWrapperValve.java:167)
	at org.apache.catalina.core.StandardContextValve.invoke(StandardContextValve.java:90)
	at org.apache.catalina.authenticator.AuthenticatorBase.invoke(AuthenticatorBase.java:483)
	at org.apache.catalina.core.StandardHostValve.invoke(StandardHostValve.java:115)
	at org.apache.catalina.valves.ErrorReportValve.invoke(ErrorReportValve.java:93)
	at org.apache.catalina.core.StandardEngineValve.invoke(StandardEngineValve.java:74)
	at org.apache.catalina.connector.CoyoteAdapter.service(CoyoteAdapter.java:344)
	at org.apache.coyote.http11.Http11Processor.service(Http11Processor.java:389)
	at org.apache.coyote.AbstractProcessorLight.process(AbstractProcessorLight.java:63)
	at org.apache.coyote.AbstractProtocol$ConnectionHandler.process(AbstractProtocol.java:904)
	at org.apache.tomcat.util.net.NioEndpoint$SocketProcessor.doRun(NioEndpoint.java:1741)
	at org.apache.tomcat.util.net.SocketProcessorBase.run(SocketProcessorBase.java:52)
	at org.apache.tomcat.util.threads.ThreadPoolExecutor.runWorker(ThreadPoolExecutor.java:1190)
	at org.apache.tomcat.util.threads.ThreadPoolExecutor$Worker.run(ThreadPoolExecutor.java:659)
	at org.apache.tomcat.util.threads.TaskThread$WrappingRunnable.run(TaskThread.java:63)
	at java.base/java.lang.Thread.run(Thread.java:833)
2024-08-13 07:39:40,850 DEBUG o.s.s.w.FilterChainProxy [http-nio-7777-exec-6] Securing GET /error
2024-08-13 07:39:40,852 DEBUG o.s.s.w.a.AnonymousAuthenticationFilter [http-nio-7777-exec-6] Set SecurityContextHolder to anonymous SecurityContext
2024-08-13 07:39:40,854 DEBUG o.s.s.w.a.Http403ForbiddenEntryPoint [http-nio-7777-exec-6] Pre-authenticated entry point called. Rejecting access
2024-08-13 07:39:40,868 DEBUG o.s.s.w.FilterChainProxy [http-nio-7777-exec-10] Securing GET /api/users/email/shaikhaniscoder07@gmail.com
2024-08-13 07:39:40,923 ERROR o.a.j.l.DirectJDKLog [http-nio-7777-exec-10] Servlet.service() for servlet [dispatcherServlet] in context with path [] threw exception
io.jsonwebtoken.ExpiredJwtException: JWT expired at 2024-08-13T02:08:14Z. Current time: 2024-08-13T02:09:40Z, a difference of 86921 milliseconds.  Allowed clock skew: 0 milliseconds.
	at io.jsonwebtoken.impl.DefaultJwtParser.parse(DefaultJwtParser.java:427)
	at io.jsonwebtoken.impl.DefaultJwtParser.parse(DefaultJwtParser.java:529)
	at io.jsonwebtoken.impl.DefaultJwtParser.parseClaimsJws(DefaultJwtParser.java:589)
	at io.jsonwebtoken.impl.ImmutableJwtParser.parseClaimsJws(ImmutableJwtParser.java:173)
	at com.max.quizspring.config.JwtToken.extractAllClaims(JwtToken.java:36)
	at com.max.quizspring.config.JwtToken.extraClaim(JwtToken.java:31)
	at com.max.quizspring.config.JwtToken.extractUsername(JwtToken.java:23)
	at com.max.quizspring.config.JwtAuthenticationFilter.doFilterInternal(JwtAuthenticationFilter.java:41)
	at org.springframework.web.filter.OncePerRequestFilter.doFilter(OncePerRequestFilter.java:116)
	at org.springframework.security.web.FilterChainProxy$VirtualFilterChain.doFilter(FilterChainProxy.java:374)
	at org.springframework.security.web.authentication.logout.LogoutFilter.doFilter(LogoutFilter.java:107)
	at org.springframework.security.web.authentication.logout.LogoutFilter.doFilter(LogoutFilter.java:93)
	at org.springframework.security.web.FilterChainProxy$VirtualFilterChain.doFilter(FilterChainProxy.java:374)
	at org.springframework.web.filter.CorsFilter.doFilterInternal(CorsFilter.java:91)
	at org.springframework.web.filter.OncePerRequestFilter.doFilter(OncePerRequestFilter.java:116)
	at org.springframework.security.web.FilterChainProxy$VirtualFilterChain.doFilter(FilterChainProxy.java:374)
	at org.springframework.security.web.header.HeaderWriterFilter.doHeadersAfter(HeaderWriterFilter.java:90)
	at org.springframework.security.web.header.HeaderWriterFilter.doFilterInternal(HeaderWriterFilter.java:75)
	at org.springframework.web.filter.OncePerRequestFilter.doFilter(OncePerRequestFilter.java:116)
	at org.springframework.security.web.FilterChainProxy$VirtualFilterChain.doFilter(FilterChainProxy.java:374)
	at org.springframework.security.web.context.SecurityContextHolderFilter.doFilter(SecurityContextHolderFilter.java:82)
	at org.springframework.security.web.context.SecurityContextHolderFilter.doFilter(SecurityContextHolderFilter.java:69)
	at org.springframework.security.web.FilterChainProxy$VirtualFilterChain.doFilter(FilterChainProxy.java:374)
	at org.springframework.security.web.context.request.async.WebAsyncManagerIntegrationFilter.doFilterInternal(WebAsyncManagerIntegrationFilter.java:62)
	at org.springframework.web.filter.OncePerRequestFilter.doFilter(OncePerRequestFilter.java:116)
	at org.springframework.security.web.FilterChainProxy$VirtualFilterChain.doFilter(FilterChainProxy.java:374)
	at org.springframework.security.web.session.DisableEncodeUrlFilter.doFilterInternal(DisableEncodeUrlFilter.java:42)
	at org.springframework.web.filter.OncePerRequestFilter.doFilter(OncePerRequestFilter.java:116)
	at org.springframework.security.web.FilterChainProxy$VirtualFilterChain.doFilter(FilterChainProxy.java:374)
	at org.springframework.security.web.FilterChainProxy.doFilterInternal(FilterChainProxy.java:233)
	at org.springframework.security.web.FilterChainProxy.doFilter(FilterChainProxy.java:191)
	at org.springframework.web.filter.CompositeFilter$VirtualFilterChain.doFilter(CompositeFilter.java:113)
	at org.springframework.web.servlet.handler.HandlerMappingIntrospector.lambda$createCacheFilter$3(HandlerMappingIntrospector.java:195)
	at org.springframework.web.filter.CompositeFilter$VirtualFilterChain.doFilter(CompositeFilter.java:113)
	at org.springframework.web.filter.CompositeFilter.doFilter(CompositeFilter.java:74)
	at org.springframework.security.config.annotation.web.configuration.WebMvcSecurityConfiguration$CompositeFilterChainProxy.doFilter(WebMvcSecurityConfiguration.java:230)
	at org.springframework.web.filter.DelegatingFilterProxy.invokeDelegate(DelegatingFilterProxy.java:352)
	at org.springframework.web.filter.DelegatingFilterProxy.doFilter(DelegatingFilterProxy.java:268)
	at org.apache.catalina.core.ApplicationFilterChain.internalDoFilter(ApplicationFilterChain.java:164)
	at org.apache.catalina.core.ApplicationFilterChain.doFilter(ApplicationFilterChain.java:140)
	at org.springframework.web.filter.RequestContextFilter.doFilterInternal(RequestContextFilter.java:100)
	at org.springframework.web.filter.OncePerRequestFilter.doFilter(OncePerRequestFilter.java:116)
	at org.apache.catalina.core.ApplicationFilterChain.internalDoFilter(ApplicationFilterChain.java:164)
	at org.apache.catalina.core.ApplicationFilterChain.doFilter(ApplicationFilterChain.java:140)
	at org.springframework.web.filter.FormContentFilter.doFilterInternal(FormContentFilter.java:93)
	at org.springframework.web.filter.OncePerRequestFilter.doFilter(OncePerRequestFilter.java:116)
	at org.apache.catalina.core.ApplicationFilterChain.internalDoFilter(ApplicationFilterChain.java:164)
	at org.apache.catalina.core.ApplicationFilterChain.doFilter(ApplicationFilterChain.java:140)
	at org.springframework.web.filter.CharacterEncodingFilter.doFilterInternal(CharacterEncodingFilter.java:201)
	at org.springframework.web.filter.OncePerRequestFilter.doFilter(OncePerRequestFilter.java:116)
	at org.apache.catalina.core.ApplicationFilterChain.internalDoFilter(ApplicationFilterChain.java:164)
	at org.apache.catalina.core.ApplicationFilterChain.doFilter(ApplicationFilterChain.java:140)
	at org.apache.catalina.core.StandardWrapperValve.invoke(StandardWrapperValve.java:167)
	at org.apache.catalina.core.StandardContextValve.invoke(StandardContextValve.java:90)
	at org.apache.catalina.authenticator.AuthenticatorBase.invoke(AuthenticatorBase.java:483)
	at org.apache.catalina.core.StandardHostValve.invoke(StandardHostValve.java:115)
	at org.apache.catalina.valves.ErrorReportValve.invoke(ErrorReportValve.java:93)
	at org.apache.catalina.core.StandardEngineValve.invoke(StandardEngineValve.java:74)
	at org.apache.catalina.connector.CoyoteAdapter.service(CoyoteAdapter.java:344)
	at org.apache.coyote.http11.Http11Processor.service(Http11Processor.java:389)
	at org.apache.coyote.AbstractProcessorLight.process(AbstractProcessorLight.java:63)
	at org.apache.coyote.AbstractProtocol$ConnectionHandler.process(AbstractProtocol.java:904)
	at org.apache.tomcat.util.net.NioEndpoint$SocketProcessor.doRun(NioEndpoint.java:1741)
	at org.apache.tomcat.util.net.SocketProcessorBase.run(SocketProcessorBase.java:52)
	at org.apache.tomcat.util.threads.ThreadPoolExecutor.runWorker(ThreadPoolExecutor.java:1190)
	at org.apache.tomcat.util.threads.ThreadPoolExecutor$Worker.run(ThreadPoolExecutor.java:659)
	at org.apache.tomcat.util.threads.TaskThread$WrappingRunnable.run(TaskThread.java:63)
	at java.base/java.lang.Thread.run(Thread.java:833)
2024-08-13 07:39:40,969 DEBUG o.s.s.w.FilterChainProxy [http-nio-7777-exec-10] Securing GET /error
2024-08-13 07:39:40,971 DEBUG o.s.s.w.a.AnonymousAuthenticationFilter [http-nio-7777-exec-10] Set SecurityContextHolder to anonymous SecurityContext
2024-08-13 07:39:40,973 DEBUG o.s.s.w.a.Http403ForbiddenEntryPoint [http-nio-7777-exec-10] Pre-authenticated entry point called. Rejecting access
2024-08-13 07:39:48,687 DEBUG o.s.s.w.FilterChainProxy [http-nio-7777-exec-9] Securing OPTIONS /api/auth/login
2024-08-13 07:39:48,695 DEBUG o.s.s.w.FilterChainProxy [http-nio-7777-exec-1] Securing POST /api/auth/login
2024-08-13 07:39:48,711 DEBUG o.s.s.w.a.AnonymousAuthenticationFilter [http-nio-7777-exec-1] Set SecurityContextHolder to anonymous SecurityContext
2024-08-13 07:39:48,727 DEBUG o.s.s.w.FilterChainProxy [http-nio-7777-exec-1] Secured POST /api/auth/login
2024-08-13 07:39:51,269 DEBUG o.s.s.a.DefaultAuthenticationEventPublisher [http-nio-7777-exec-1] No event was found for the exception org.springframework.security.authentication.InternalAuthenticationServiceException
2024-08-13 07:39:51,379 DEBUG o.s.s.w.a.Http403ForbiddenEntryPoint [http-nio-7777-exec-1] Pre-authenticated entry point called. Rejecting access
2024-08-13 07:39:51,379 DEBUG o.s.s.w.FilterChainProxy [http-nio-7777-exec-1] Securing POST /error
2024-08-13 07:39:51,379 DEBUG o.s.s.w.a.AnonymousAuthenticationFilter [http-nio-7777-exec-1] Set SecurityContextHolder to anonymous SecurityContext
2024-08-13 07:39:51,379 DEBUG o.s.s.w.a.Http403ForbiddenEntryPoint [http-nio-7777-exec-1] Pre-authenticated entry point called. Rejecting access
2024-08-13 07:40:01,309 DEBUG o.s.s.w.FilterChainProxy [http-nio-7777-exec-7] Securing OPTIONS /api/auth/login
2024-08-13 07:40:01,314 DEBUG o.s.s.w.FilterChainProxy [http-nio-7777-exec-2] Securing POST /api/auth/login
2024-08-13 07:40:01,314 DEBUG o.s.s.w.a.AnonymousAuthenticationFilter [http-nio-7777-exec-2] Set SecurityContextHolder to anonymous SecurityContext
2024-08-13 07:40:01,322 DEBUG o.s.s.w.FilterChainProxy [http-nio-7777-exec-2] Secured POST /api/auth/login
2024-08-13 07:40:01,541 DEBUG o.s.s.a.d.AbstractUserDetailsAuthenticationProvider [http-nio-7777-exec-2] Authenticated user
2024-08-13 07:40:04,259 DEBUG o.s.s.w.FilterChainProxy [http-nio-7777-exec-10] Securing OPTIONS /api/users/email/shaikhaniscoder07@gmail.com
2024-08-13 07:40:04,259 DEBUG o.s.s.w.FilterChainProxy [http-nio-7777-exec-6] Securing OPTIONS /api/users/email/shaikhaniscoder07@gmail.com
2024-08-13 07:40:04,266 DEBUG o.s.s.w.FilterChainProxy [http-nio-7777-exec-8] Securing GET /api/users/email/shaikhaniscoder07@gmail.com
2024-08-13 07:40:04,342 DEBUG o.s.s.w.FilterChainProxy [http-nio-7777-exec-8] Secured GET /api/users/email/shaikhaniscoder07@gmail.com
2024-08-13 07:40:04,459 DEBUG o.s.s.w.FilterChainProxy [http-nio-7777-exec-3] Securing GET /api/users/email/shaikhaniscoder07@gmail.com
2024-08-13 07:40:04,526 DEBUG o.s.s.w.FilterChainProxy [http-nio-7777-exec-3] Secured GET /api/users/email/shaikhaniscoder07@gmail.com
2024-08-13 07:40:05,482 DEBUG o.s.s.w.FilterChainProxy [http-nio-7777-exec-9] Securing OPTIONS /api/user/companies
2024-08-13 07:40:05,507 DEBUG o.s.s.w.FilterChainProxy [http-nio-7777-exec-1] Securing OPTIONS /api/user/companies
2024-08-13 07:40:05,543 DEBUG o.s.s.w.FilterChainProxy [http-nio-7777-exec-5] Securing GET /api/user/companies
2024-08-13 07:40:05,588 DEBUG o.s.s.w.FilterChainProxy [http-nio-7777-exec-5] Secured GET /api/user/companies
2024-08-13 07:40:05,660 DEBUG o.s.s.w.FilterChainProxy [http-nio-7777-exec-7] Securing GET /api/user/companies
2024-08-13 07:40:05,727 DEBUG o.s.s.w.FilterChainProxy [http-nio-7777-exec-7] Secured GET /api/user/companies
2024-08-13 07:41:06,270 DEBUG o.s.s.w.FilterChainProxy [http-nio-7777-exec-10] Securing OPTIONS /api/user/companies
2024-08-13 07:41:06,261 DEBUG o.s.s.w.FilterChainProxy [http-nio-7777-exec-6] Securing OPTIONS /api/user/companies
2024-08-13 07:41:06,295 DEBUG o.s.s.w.FilterChainProxy [http-nio-7777-exec-8] Securing GET /api/user/companies
2024-08-13 07:41:06,359 DEBUG o.s.s.w.FilterChainProxy [http-nio-7777-exec-8] Secured GET /api/user/companies
2024-08-13 07:41:06,396 DEBUG o.s.s.w.FilterChainProxy [http-nio-7777-exec-3] Securing GET /api/user/companies
2024-08-13 07:41:06,453 DEBUG o.s.s.w.FilterChainProxy [http-nio-7777-exec-3] Secured GET /api/user/companies
2024-08-13 07:41:11,771 DEBUG o.s.s.w.FilterChainProxy [http-nio-7777-exec-9] Securing OPTIONS /api/user/companies
2024-08-13 07:41:11,783 DEBUG o.s.s.w.FilterChainProxy [http-nio-7777-exec-5] Securing GET /api/user/companies
2024-08-13 07:41:11,787 DEBUG o.s.s.w.FilterChainProxy [http-nio-7777-exec-1] Securing OPTIONS /api/user/companies
2024-08-13 07:41:11,848 DEBUG o.s.s.w.FilterChainProxy [http-nio-7777-exec-5] Secured GET /api/user/companies
2024-08-13 07:41:12,015 DEBUG o.s.s.w.FilterChainProxy [http-nio-7777-exec-7] Securing GET /api/user/companies
2024-08-13 07:41:12,047 DEBUG o.s.s.w.FilterChainProxy [http-nio-7777-exec-7] Secured GET /api/user/companies
2024-08-13 07:41:15,512 DEBUG o.s.s.w.FilterChainProxy [http-nio-7777-exec-10] Securing GET /api/user/companies
2024-08-13 07:41:15,591 DEBUG o.s.s.w.FilterChainProxy [http-nio-7777-exec-10] Secured GET /api/user/companies
2024-08-13 07:41:15,617 DEBUG o.s.s.w.FilterChainProxy [http-nio-7777-exec-6] Securing GET /api/user/companies
2024-08-13 07:41:15,690 DEBUG o.s.s.w.FilterChainProxy [http-nio-7777-exec-6] Secured GET /api/user/companies
2024-08-13 07:42:03,560 DEBUG o.s.s.w.FilterChainProxy [http-nio-7777-exec-9] Securing OPTIONS /api/users/all
2024-08-13 07:42:03,560 DEBUG o.s.s.w.FilterChainProxy [http-nio-7777-exec-3] Securing OPTIONS /api/users/all
2024-08-13 07:42:03,954 DEBUG o.s.s.w.FilterChainProxy [http-nio-7777-exec-7] Securing GET /api/users/all
2024-08-13 07:42:03,988 DEBUG o.s.s.w.FilterChainProxy [http-nio-7777-exec-7] Secured GET /api/users/all
2024-08-13 07:42:04,054 WARN o.s.w.s.h.AbstractHandlerExceptionResolver [http-nio-7777-exec-7] Resolved [org.springframework.http.converter.HttpMessageNotWritableException: Could not write JSON: Cannot invoke "com.max.quizspring.model.User$Role.name()" because "this.role" is null]
2024-08-13 07:42:04,060 DEBUG o.s.s.w.FilterChainProxy [http-nio-7777-exec-7] Securing GET /error
2024-08-13 07:42:04,069 DEBUG o.s.s.w.a.AnonymousAuthenticationFilter [http-nio-7777-exec-7] Set SecurityContextHolder to anonymous SecurityContext
2024-08-13 07:42:04,069 DEBUG o.s.s.w.a.Http403ForbiddenEntryPoint [http-nio-7777-exec-7] Pre-authenticated entry point called. Rejecting access
2024-08-13 07:42:04,076 DEBUG o.s.s.w.FilterChainProxy [http-nio-7777-exec-2] Securing GET /api/users/all
2024-08-13 07:42:04,124 DEBUG o.s.s.w.FilterChainProxy [http-nio-7777-exec-2] Secured GET /api/users/all
2024-08-13 07:42:04,157 WARN o.s.w.s.h.AbstractHandlerExceptionResolver [http-nio-7777-exec-2] Resolved [org.springframework.http.converter.HttpMessageNotWritableException: Could not write JSON: Cannot invoke "com.max.quizspring.model.User$Role.name()" because "this.role" is null]
2024-08-13 07:42:04,173 DEBUG o.s.s.w.FilterChainProxy [http-nio-7777-exec-2] Securing GET /error
2024-08-13 07:42:04,174 DEBUG o.s.s.w.a.AnonymousAuthenticationFilter [http-nio-7777-exec-2] Set SecurityContextHolder to anonymous SecurityContext
2024-08-13 07:42:04,174 DEBUG o.s.s.w.a.Http403ForbiddenEntryPoint [http-nio-7777-exec-2] Pre-authenticated entry point called. Rejecting access
2024-08-13 07:42:56,487 DEBUG o.s.s.w.FilterChainProxy [http-nio-7777-exec-10] Securing OPTIONS /api/users/all
2024-08-13 07:42:56,487 DEBUG o.s.s.w.FilterChainProxy [http-nio-7777-exec-6] Securing OPTIONS /api/users/all
2024-08-13 07:42:56,529 DEBUG o.s.s.w.FilterChainProxy [http-nio-7777-exec-8] Securing GET /api/users/all
2024-08-13 07:42:56,624 DEBUG o.s.s.w.FilterChainProxy [http-nio-7777-exec-8] Secured GET /api/users/all
2024-08-13 07:42:56,657 WARN o.s.w.s.h.AbstractHandlerExceptionResolver [http-nio-7777-exec-8] Resolved [org.springframework.http.converter.HttpMessageNotWritableException: Could not write JSON: Cannot invoke "com.max.quizspring.model.User$Role.name()" because "this.role" is null]
2024-08-13 07:42:56,657 DEBUG o.s.s.w.FilterChainProxy [http-nio-7777-exec-8] Securing GET /error
2024-08-13 07:42:56,657 DEBUG o.s.s.w.a.AnonymousAuthenticationFilter [http-nio-7777-exec-8] Set SecurityContextHolder to anonymous SecurityContext
2024-08-13 07:42:56,657 DEBUG o.s.s.w.a.Http403ForbiddenEntryPoint [http-nio-7777-exec-8] Pre-authenticated entry point called. Rejecting access
2024-08-13 07:42:56,678 DEBUG o.s.s.w.FilterChainProxy [http-nio-7777-exec-3] Securing GET /api/users/all
2024-08-13 07:42:56,705 DEBUG o.s.s.w.FilterChainProxy [http-nio-7777-exec-3] Secured GET /api/users/all
2024-08-13 07:42:56,726 WARN o.s.w.s.h.AbstractHandlerExceptionResolver [http-nio-7777-exec-3] Resolved [org.springframework.http.converter.HttpMessageNotWritableException: Could not write JSON: Cannot invoke "com.max.quizspring.model.User$Role.name()" because "this.role" is null]
2024-08-13 07:42:56,733 DEBUG o.s.s.w.FilterChainProxy [http-nio-7777-exec-3] Securing GET /error
2024-08-13 07:42:56,736 DEBUG o.s.s.w.a.AnonymousAuthenticationFilter [http-nio-7777-exec-3] Set SecurityContextHolder to anonymous SecurityContext
2024-08-13 07:42:56,736 DEBUG o.s.s.w.a.Http403ForbiddenEntryPoint [http-nio-7777-exec-3] Pre-authenticated entry point called. Rejecting access
2024-08-13 07:43:05,141 DEBUG o.s.s.w.FilterChainProxy [http-nio-7777-exec-5] Securing OPTIONS /api/user/companies
2024-08-13 07:43:05,141 DEBUG o.s.s.w.FilterChainProxy [http-nio-7777-exec-7] Securing OPTIONS /api/user/companies
2024-08-13 07:43:05,155 DEBUG o.s.s.w.FilterChainProxy [http-nio-7777-exec-2] Securing GET /api/user/companies
2024-08-13 07:43:05,239 DEBUG o.s.s.w.FilterChainProxy [http-nio-7777-exec-2] Secured GET /api/user/companies
2024-08-13 07:43:05,254 DEBUG o.s.s.w.FilterChainProxy [http-nio-7777-exec-4] Securing GET /api/user/companies
2024-08-13 07:43:05,315 DEBUG o.s.s.w.FilterChainProxy [http-nio-7777-exec-4] Secured GET /api/user/companies
2024-08-13 07:43:11,245 DEBUG o.s.s.w.FilterChainProxy [http-nio-7777-exec-6] Securing OPTIONS /api/user/companies
2024-08-13 07:43:11,248 DEBUG o.s.s.w.FilterChainProxy [http-nio-7777-exec-10] Securing OPTIONS /api/user/companies
2024-08-13 07:43:11,268 DEBUG o.s.s.w.FilterChainProxy [http-nio-7777-exec-10] Securing GET /api/user/companies
2024-08-13 07:43:11,301 DEBUG o.s.s.w.FilterChainProxy [http-nio-7777-exec-10] Secured GET /api/user/companies
2024-08-13 07:43:11,371 DEBUG o.s.s.w.FilterChainProxy [http-nio-7777-exec-3] Securing GET /api/user/companies
2024-08-13 07:43:11,405 DEBUG o.s.s.w.FilterChainProxy [http-nio-7777-exec-3] Secured GET /api/user/companies
2024-08-13 07:43:41,582 DEBUG o.s.s.w.FilterChainProxy [http-nio-7777-exec-7] Securing OPTIONS /api/user/companies
2024-08-13 07:43:41,595 DEBUG o.s.s.w.FilterChainProxy [http-nio-7777-exec-2] Securing GET /api/user/companies
2024-08-13 07:43:41,606 DEBUG o.s.s.w.FilterChainProxy [http-nio-7777-exec-5] Securing OPTIONS /api/user/companies
2024-08-13 07:43:41,646 DEBUG o.s.s.w.FilterChainProxy [http-nio-7777-exec-2] Secured GET /api/user/companies
2024-08-13 07:43:41,697 DEBUG o.s.s.w.FilterChainProxy [http-nio-7777-exec-4] Securing GET /api/user/companies
2024-08-13 07:43:41,786 DEBUG o.s.s.w.FilterChainProxy [http-nio-7777-exec-4] Secured GET /api/user/companies
2024-08-13 10:11:58,043 WARN c.z.h.p.HikariPool$HouseKeeper [HikariPool-10 housekeeper] HikariPool-10 - Thread starvation or clock leap detected (housekeeper delta=1h57m22s471ms469탎900ns).
2024-08-13 11:51:28,981 WARN c.z.h.p.HikariPool$HouseKeeper [HikariPool-10 housekeeper] HikariPool-10 - Thread starvation or clock leap detected (housekeeper delta=48m56s553ms68탎201ns).
2024-08-13 11:52:13,971 WARN c.z.h.p.HikariPool$HouseKeeper [HikariPool-10 housekeeper] HikariPool-10 - Thread starvation or clock leap detected (housekeeper delta=47s679ms961탎600ns).
2024-08-13 18:52:55,905 WARN c.z.h.p.HikariPool$HouseKeeper [HikariPool-10 housekeeper] HikariPool-10 - Thread starvation or clock leap detected (housekeeper delta=6h59m14s782ms148탎400ns).
2024-08-13 18:55:12,625 INFO o.s.o.j.AbstractEntityManagerFactoryBean [SpringApplicationShutdownHook] Closing JPA EntityManagerFactory for persistence unit 'default'
2024-08-13 18:55:13,221 INFO c.z.h.HikariDataSource [SpringApplicationShutdownHook] HikariPool-10 - Shutdown initiated...
2024-08-13 18:55:13,977 INFO c.z.h.HikariDataSource [SpringApplicationShutdownHook] HikariPool-10 - Shutdown completed.
